id_pedido,id_cliente,fecha_compra,articulo,cantidad,ingreso_total
ORD-00001,CUST-1226,2026-07-20 14:00:00,Remera Sublimada,5,55936.69
ORD-00002,CUST-1559,2026-07-12 04:00:00,Remera Sublimada,2,32473.85
ORD-00003,CUST-960,2026-06-14 06:00:00,Remera Sublimada,1,23232.07
ORD-00004,CUST-1394,2026-07-03 00:00:00,Buzo Canguro,5,69909.77
ORD-00005,CUST-1230,2026-03-27 06:00:00,Remera Algodón,5,93169.85
ORD-00006,CUST-1195,2026-03-29 11:00:00,Remera Sublimada,1,14310.29
ORD-00007,CUST-1824,2026-02-16 15:00:00,Taza Cerámica,1,7426.88
ORD-00008,CUST-1144,,Taza Cerámica,3,18515.86
ORD-00009,CUST-1738,2026-06-15 03:00:00,Taza Cerámica,4,96181.92
ORD-00010,CUST-221,2026-05-22 18:00:00,Remera Sublimada,5,86254.18
ORD-00011,CUST-566,2026-07-10 10:00:00,Gorra,3,21228.89
ORD-00012,CUST-1338,2026-02-08 00:00:00,Remera Sublimada,3,66446.31
ORD-00013,CUST-430,2026-03-17 21:00:00,Taza Cerámica,5,77269.31
ORD-00014,CUST-1582,2026-03-31 03:00:00,Remera Sublimada,5,102193.21
ORD-00015,CUST-187,2026-05-15 02:00:00,Buzo Canguro,2,15070.25
ORD-00016,CUST-1496,2026-07-07 08:00:00,Gorra,4,92552.83
ORD-00017,CUST-1223,2026-07-07 01:00:00,Remera Sublimada,5,84053.54
ORD-00018,CUST-971,2026-07-06 12:00:00,Remera Sublimada,1,19765.21
ORD-00019,CUST-1787,,Taza Cerámica,2,11255.19
ORD-00020,CUST-230,2026-07-22 03:00:00,Buzo Canguro,4,45224.39
ORD-00021,CUST-1785,2026-05-01 07:00:00,Buzo Canguro,1,10348.91
ORD-00022,CUST-1432,2026-06-17 22:00:00,Remera Sublimada,1,23991.9
ORD-00023,CUST-869,2026-06-13 19:00:00,Remera Sublimada,4,34827.09
ORD-00024,CUST-443,2026-07-28 10:00:00,Buzo Canguro,2,38282.07
ORD-00025,CUST-1615,2026-06-23 21:00:00,Remera Sublimada,1,5855.07
ORD-00026,CUST-1537,2026-02-17 11:00:00,Remera Algodón,3,26861.05
ORD-00027,CUST-905,2026-05-17 09:00:00,Remera Sublimada,4,47087.79
ORD-00028,CUST-485,15/05/2026,Buzo Canguro,4,83560.47
ORD-00029,CUST-1315,2026-02-11 12:00:00,Remera Sublimada,5,103997.66
ORD-00030,CUST-1055,2026-05-15 03:00:00,Remera Sublimada,2,48104.07
ORD-00031,CUST-376,2026-05-06 10:00:00,Taza Cerámica,3,70006.05
ORD-00032,CUST-1284,2026-04-06 16:00:00,Buzo Canguro,3,19890.88
ORD-00033,CUST-559,2026-07-25 19:00:00,Remera Sublimada,5,107986.77
ORD-00034,CUST-1437,2026-05-13 21:00:00,Remera Sublimada,1,14023.47
ORD-00035,CUST-121,2026-03-29 14:00:00,Remera Sublimada,1,22317.72
ORD-00036,CUST-352,2026-07-09 08:00:00,Taza Cerámica,3,20357.18
ORD-00037,CUST-847,2026-07-24 17:00:00,Buzo Canguro,2,42910.76
ORD-00038,CUST-956,2026-02-26 16:00:00,Remera Sublimada,1,8192.85
ORD-00039,CUST-1684,2026-05-25 04:00:00,Buzo Canguro,4,46707.33
ORD-00040,CUST-574,2026-04-25 19:00:00,Taza Cerámica,5,27884.84
ORD-00041,CUST-1182,2026-05-16 10:00:00,Gorra,2,14949.12
ORD-00042,CUST-610,2026-03-26 00:00:00,Remera Algodón,1,13914.52
ORD-00043,CUST-1805,2026-07-28 05:00:00,Remera Sublimada,3,64100.3
ORD-00044,CUST-1599,2026-07-05 01:00:00,Remera Sublimada,5,102366.98
ORD-00045,CUST-799,2026-02-15 20:00:00,Remera Sublimada,1,9705.96
ORD-00046,CUST-1075,2026-03-18 04:00:00,Taza Cerámica,3,24101.43
ORD-00047,CUST-1906,2026-06-14 05:00:00,Remera Algodón,1,12785.27
ORD-00048,CUST-289,2026-04-03 21:00:00,Buzo Canguro,5,113326.83
ORD-00049,CUST-1057,2026-04-19 09:00:00,Remera Sublimada,4,27314.01
ORD-00050,CUST-786,2026-03-18 12:00:00,Buzo Canguro,4,63433.12
ORD-00051,CUST-1057,2026-02-03 05:00:00,Remera Sublimada,3,20328.45
ORD-00052,CUST-662,2026-05-04 07:00:00,Remera Sublimada,4,57616.97
ORD-00053,CUST-1999,2026-07-22 12:00:00,Buzo Canguro,5,37679.15
ORD-00054,CUST-1690,2026-05-19 00:00:00,Remera Sublimada,3,19820.22
ORD-00055,CUST-1367,2026-04-16 12:00:00,Remera Sublimada,1,8816.99
ORD-00056,CUST-931,2026-03-22 10:00:00,Taza Cerámica,2,20210.24
ORD-00057,CUST-1628,2026-05-06 11:00:00,Remera Sublimada,1,10525.31
ORD-00058,CUST-1254,2026-04-11 08:00:00,Remera Sublimada,5,89526.79
ORD-00059,CUST-1608,2026-02-16 03:00:00,Remera Sublimada,3,18298.91
ORD-00060,CUST-1942,2026-05-10 15:00:00,Gorra,1,6616.18
ORD-00061,CUST-746,2026-04-05 11:00:00,Taza Cerámica,3,26322.37
ORD-00062,CUST-120,2026-06-19 04:00:00,Remera Sublimada,4,89765.05
ORD-00063,CUST-940,2026-04-30 17:00:00,Buzo Canguro,2,35144.2
ORD-00064,CUST-266,2026-02-19 22:00:00,Remera Sublimada,5,98036.97
ORD-00065,CUST-1397,2026-03-27 05:00:00,Buzo Canguro,1,12407.24
ORD-00066,CUST-487,2026-05-29 17:00:00,Taza Cerámica,2,18528.81
ORD-00067,CUST-700,2026-07-04 05:00:00,Gorra,5,28796.14
ORD-00068,CUST-415,2026-02-04 11:00:00,Buzo Canguro,5,73853.56
ORD-00069,CUST-113,2026-05-26 01:00:00,Remera Algodón,4,65942.48
ORD-00070,CUST-341,2026-02-17 10:00:00,Remera Algodón,3,68820.17
ORD-00071,CUST-876,2026-03-15 20:00:00,Gorra,3,67925.58
ORD-00072,CUST-1469,2026-04-21 01:00:00,Buzo Canguro,2,26987.41
ORD-00073,CUST-664,2026-07-12 22:00:00,Remera Sublimada,4,53886.23
ORD-00074,CUST-997,2026-02-08 12:00:00,Remera Sublimada,5,41112.29
ORD-00075,CUST-1463,2026-05-17 07:00:00,Remera Sublimada,4,40595.92
ORD-00076,CUST-191,2026-05-07 03:00:00,Remera Sublimada,4,94053.09
ORD-00077,CUST-1490,2026-05-05 00:00:00,Taza Cerámica,2,15641.44
ORD-00078,CUST-1055,2026-07-21 06:00:00,Buzo Canguro,3,73121.97
ORD-00079,CUST-1578,2026-04-22 19:00:00,Remera Algodón,4,60379.08
ORD-00080,CUST-1551,2026-04-29 17:00:00,Remera Sublimada,4,-56528.54
ORD-00081,CUST-608,2026-04-27 21:00:00,Remera Sublimada,4,33971.07
ORD-00082,CUST-875,2026-03-16 08:00:00,Taza Cerámica,1,18230.83
ORD-00083,CUST-134,2026-07-15 09:00:00,Remera Sublimada,4,56787.64
ORD-00084,CUST-305,2026-03-08 04:00:00,Remera Sublimada,4,49653.05
ORD-00085,CUST-1204,2026-07-06 09:00:00,Remera Algodón,5,51451.62
ORD-00086,CUST-1685,2026-07-21 20:00:00,Taza Cerámica,1,6329.74
ORD-00087,CUST-1995,2026-07-20 07:00:00,Buzo Canguro,4,61546.25
ORD-00088,CUST-1511,2026-04-07 22:00:00,Gorra,4,45032.67
ORD-00089,CUST-1125,2026-07-26 21:00:00,Taza Cerámica,2,38314.61
ORD-00090,CUST-1121,2026-05-12 02:00:00,Taza Cerámica,2,38940.89
ORD-00091,CUST-1513,2026-05-19 12:00:00,Gorra,1,11642.14
ORD-00092,CUST-665,2026-07-23 09:00:00,Remera Sublimada,5,91912.07
ORD-00093,CUST-1229,2026-02-09 21:00:00,Buzo Canguro,1,10173.5
ORD-00094,CUST-1895,2026-07-05 01:00:00,Remera Sublimada,1,19543.47
ORD-00095,CUST-1945,2026-06-09 06:00:00,Remera Sublimada,2,10643.09
ORD-00096,CUST-1600,2026-04-08 19:00:00,Remera Algodón,2,16064.35
ORD-00097,CUST-802,2026-06-28 20:00:00,Buzo Canguro,5,49500.87
ORD-00098,CUST-501,2026-05-05 02:00:00,Taza Cerámica,4,81834.84
ORD-00099,CUST-829,2026-05-10 16:00:00,Gorra,5,31637.63
ORD-00100,CUST-1679,2026-05-14 13:00:00,Remera Algodón,4,35044.57
ORD-00101,CUST-261,2026-02-17 17:00:00,Gorra,3,36517.45
ORD-00102,CUST-301,2026-07-23 19:00:00,Buzo Canguro,2,10367.0
ORD-00103,CUST-1095,2026-05-04 19:00:00,Remera Sublimada,3,60727.26
ORD-00104,CUST-369,2026-05-02 17:00:00,Remera Sublimada,3,48606.31
ORD-00105,CUST-1986,2026-04-09 00:00:00,Buzo Canguro,2,46027.18
ORD-00106,CUST-915,2026-05-25 00:00:00,Remera Sublimada,3,16861.86
ORD-00107,CUST-1394,2026-03-30 12:00:00,Buzo Canguro,1,10427.81
ORD-00108,CUST-555,2026-06-28 19:00:00,Taza Cerámica,4,78500.13
ORD-00109,CUST-1585,2026-04-28 09:00:00,Remera Algodón,5,92514.94
ORD-00110,CUST-1850,2026-03-31 10:00:00,Taza Cerámica,2,19722.3
ORD-00111,CUST-1375,2026-03-13 08:00:00,Buzo Canguro,1,16913.75
ORD-00112,CUST-1116,2026-06-13 00:00:00,Remera Sublimada,5,104375.77
ORD-00113,CUST-1825,2026-06-25 21:00:00,Remera Sublimada,5,28338.07
ORD-00114,CUST-395,2026-05-09 12:00:00,Remera Sublimada,5,96762.84
ORD-00115,CUST-1848,2026-07-19 03:00:00,Taza Cerámica,3,30125.82
ORD-00116,CUST-819,2026-06-19 18:00:00,Remera Sublimada,3,71871.08
ORD-00117,CUST-1872,2026-06-29 02:00:00,Taza Cerámica,3,47293.21
ORD-00118,CUST-437,15/05/2026,Buzo Canguro,3,17003.17
ORD-00119,CUST-978,2026-06-27 12:00:00,Remera Sublimada,1,13068.61
ORD-00120,CUST-1176,2026-03-19 22:00:00,Remera Sublimada,3,72978.71
ORD-00121,CUST-891,2026-04-12 07:00:00,Buzo Canguro,2,39214.92
ORD-00122,CUST-316,2026-06-13 20:00:00,Buzo Canguro,5,55047.9
ORD-00123,CUST-863,2026-06-12 22:00:00,Taza Cerámica,1,16505.35
ORD-00124,CUST-287,2026-05-17 19:00:00,Taza Cerámica,3,50946.08
ORD-00125,CUST-479,2026-06-23 17:00:00,Buzo Canguro,5,27334.82
ORD-00126,CUST-592,2026-05-27 12:00:00,Gorra,1,8576.67
ORD-00127,CUST-1164,,Buzo Canguro,5,80177.69
ORD-00128,CUST-1280,2026-05-23 18:00:00,Remera Algodón,1,13055.05
ORD-00129,CUST-114,2026-05-23 06:00:00,Remera Sublimada,4,35203.03
ORD-00130,CUST-1936,2026-03-18 13:00:00,Taza Cerámica,1,20453.37
ORD-00131,CUST-164,2026-04-09 14:00:00,Remera Sublimada,3,-44339.69
ORD-00132,CUST-1980,2026-07-15 00:00:00,Remera Sublimada,5,55997.31
ORD-00133,CUST-1962,2026-05-22 07:00:00,Remera Sublimada,5,41167.73
ORD-00134,CUST-620,2026-07-14 01:00:00,Buzo Canguro,5,86116.34
ORD-00135,CUST-1467,2026-02-24 09:00:00,Remera Sublimada,2,36650.45
ORD-00136,CUST-1252,15/05/2026,Remera Sublimada,2,36783.89
ORD-00137,CUST-747,2026-03-06 16:00:00,Remera Algodón,3,28217.24
ORD-00138,CUST-1595,2026-05-27 22:00:00,Gorra,4,67627.07
ORD-00139,CUST-1186,2026-05-20 04:00:00,Taza Cerámica,2,46216.26
ORD-00140,CUST-1262,2026-05-06 20:00:00,Taza Cerámica,1,12063.75
ORD-00141,CUST-1622,2026-04-03 08:00:00,Remera Algodón,3,27646.02
ORD-00142,CUST-692,15/05/2026,Buzo Canguro,4,81771.96
ORD-00143,CUST-491,2026-04-11 04:00:00,Remera Sublimada,1,8537.66
ORD-00144,CUST-1798,2026-03-29 09:00:00,Gorra,5,50374.87
ORD-00145,CUST-518,2026-07-18 06:00:00,Taza Cerámica,2,14025.78
ORD-00146,CUST-388,2026-05-14 05:00:00,Buzo Canguro,1,10357.49
ORD-00147,CUST-478,2026-04-26 19:00:00,Buzo Canguro,4,52826.81
ORD-00148,CUST-1896,2026-02-03 18:00:00,Buzo Canguro,3,18849.47
ORD-00149,CUST-1613,2026-04-27 14:00:00,Remera Algodón,1,22434.18
ORD-00150,CUST-330,2026-04-17 05:00:00,Remera Sublimada,3,45820.49
ORD-00151,CUST-1117,2026-07-14 14:00:00,Remera Algodón,5,83810.36
ORD-00152,CUST-140,2026-07-19 04:00:00,Remera Algodón,4,49702.86
ORD-00153,CUST-1151,2026-06-21 22:00:00,Buzo Canguro,4,73586.82
ORD-00154,CUST-234,2026-03-30 17:00:00,Buzo Canguro,2,27271.27
ORD-00155,CUST-300,2026-03-02 04:00:00,Remera Sublimada,4,80905.1
ORD-00156,CUST-1963,2026-02-25 15:00:00,Remera Sublimada,1,21428.04
ORD-00157,CUST-879,2026-07-05 18:00:00,Remera Sublimada,1,18436.98
ORD-00158,CUST-1029,2026-06-06 15:00:00,Taza Cerámica,1,14826.71
ORD-00159,CUST-1156,2026-06-03 14:00:00,Buzo Canguro,5,103226.94
ORD-00160,CUST-1171,2026-05-29 03:00:00,Remera Sublimada,4,59542.82
ORD-00161,CUST-602,2026-03-11 15:00:00,Remera Sublimada,4,28920.79
ORD-00162,CUST-506,2026-02-22 20:00:00,Remera Algodón,1,7326.8
ORD-00163,CUST-1697,15/05/2026,Remera Sublimada,2,47943.33
ORD-00164,CUST-1851,2026-02-16 22:00:00,Remera Algodón,2,18542.52
ORD-00165,CUST-904,2026-03-03 09:00:00,Remera Sublimada,4,85274.0
ORD-00166,CUST-198,2026-03-04 01:00:00,Buzo Canguro,4,39736.43
ORD-00167,CUST-783,2026-02-09 16:00:00,Remera Sublimada,3,40846.81
ORD-00168,CUST-1995,2026-06-19 09:00:00,Buzo Canguro,4,72395.85
ORD-00169,CUST-825,2026-02-17 03:00:00,Buzo Canguro,1,8177.34
ORD-00170,CUST-1670,2026-03-20 19:00:00,Remera Sublimada,5,98724.65
ORD-00171,CUST-1060,2026-05-22 20:00:00,Buzo Canguro,4,75193.04
ORD-00172,CUST-1862,2026-05-12 05:00:00,Buzo Canguro,4,63446.63
ORD-00173,CUST-712,2026-04-06 18:00:00,Taza Cerámica,1,16317.8
ORD-00174,CUST-1585,2026-03-08 16:00:00,Taza Cerámica,3,21346.31
ORD-00175,CUST-742,2026-06-07 01:00:00,Remera Sublimada,4,54875.93
ORD-00176,CUST-1892,2026-05-15 14:00:00,Buzo Canguro,2,13462.86
ORD-00177,CUST-1128,2026-05-07 06:00:00,Remera Algodón,2,22314.53
ORD-00178,CUST-1341,2026-06-03 05:00:00,Gorra,2,46012.49
ORD-00179,CUST-602,,Remera Algodón,5,82453.34
ORD-00180,CUST-866,2026-07-01 06:00:00,Remera Sublimada,5,99270.34
ORD-00181,CUST-497,2026-06-06 16:00:00,Taza Cerámica,4,65910.87
ORD-00182,CUST-970,2026-07-12 08:00:00,Buzo Canguro,4,35538.94
ORD-00183,CUST-894,2026-04-14 12:00:00,Remera Sublimada,4,67584.67
ORD-00184,CUST-492,2026-04-11 05:00:00,Gorra,5,100538.81
ORD-00185,CUST-306,,Taza Cerámica,4,31072.4
ORD-00186,CUST-1138,2026-02-03 16:00:00,Remera Sublimada,1,21338.13
ORD-00187,CUST-1981,2026-04-04 16:00:00,Remera Sublimada,3,48323.53
ORD-00188,CUST-1677,2026-04-17 15:00:00,Gorra,2,10171.01
ORD-00189,CUST-991,2026-07-25 12:00:00,Remera Sublimada,2,30791.14
ORD-00190,CUST-1584,2026-04-06 16:00:00,Remera Sublimada,1,12913.43
ORD-00191,CUST-1814,2026-02-15 03:00:00,Buzo Canguro,4,43715.72
ORD-00192,CUST-1698,2026-03-04 03:00:00,Remera Sublimada,5,102125.72
ORD-00193,CUST-963,2026-06-26 16:00:00,Remera Algodón,4,91959.99
ORD-00194,CUST-842,2026-04-24 10:00:00,Buzo Canguro,4,81012.25
ORD-00195,CUST-1364,,Buzo Canguro,2,43870.9
ORD-00196,CUST-663,2026-04-19 00:00:00,Remera Algodón,2,46351.24
ORD-00197,CUST-1120,2026-02-14 01:00:00,Buzo Canguro,5,116262.93
ORD-00198,CUST-195,2026-06-12 18:00:00,Remera Sublimada,2,14585.53
ORD-00199,CUST-1857,2026-06-14 00:00:00,Taza Cerámica,4,56510.84
ORD-00200,CUST-584,2026-07-27 07:00:00,Buzo Canguro,1,5005.73
ORD-00201,CUST-1530,2026-04-24 20:00:00,Remera Sublimada,5,75646.26
ORD-00202,CUST-330,2026-02-27 15:00:00,Taza Cerámica,1,23484.88
ORD-00203,CUST-848,2026-06-14 07:00:00,Gorra,4,35928.18
ORD-00204,CUST-1778,2026-02-13 15:00:00,Taza Cerámica,5,88978.66
ORD-00205,CUST-1294,2026-04-05 02:00:00,Remera Algodón,1,17887.58
ORD-00206,CUST-640,2026-06-27 11:00:00,Taza Cerámica,5,41035.4
ORD-00207,CUST-1159,2026-04-21 10:00:00,Taza Cerámica,4,39082.2
ORD-00208,CUST-624,15/05/2026,Gorra,5,71202.18
ORD-00209,CUST-1283,2026-05-06 03:00:00,Remera Sublimada,4,35056.75
ORD-00210,CUST-1962,2026-07-22 22:00:00,Remera Sublimada,5,83499.4
ORD-00211,CUST-1822,2026-02-02 21:00:00,Taza Cerámica,5,73454.17
ORD-00212,CUST-1366,2026-05-26 04:00:00,Buzo Canguro,2,30767.93
ORD-00213,CUST-1209,2026-04-13 06:00:00,Remera Sublimada,4,30757.4
ORD-00214,CUST-1919,2026-05-30 02:00:00,Remera Sublimada,3,46035.11
ORD-00215,CUST-677,2026-05-25 15:00:00,Remera Sublimada,5,29947.82
ORD-00216,CUST-781,2026-04-24 18:00:00,Buzo Canguro,1,22630.71
ORD-00217,CUST-656,2026-04-13 00:00:00,Gorra,2,23729.99
ORD-00218,CUST-1697,2026-05-24 11:00:00,Remera Algodón,2,44253.49
ORD-00219,CUST-1112,2026-06-06 20:00:00,Taza Cerámica,5,95165.64
ORD-00220,CUST-745,2026-04-16 04:00:00,Gorra,3,60970.36
ORD-00221,CUST-895,2026-02-27 11:00:00,Buzo Canguro,2,22581.78
ORD-00222,CUST-1151,2026-06-25 05:00:00,Remera Sublimada,4,38219.52
ORD-00223,CUST-1743,2026-05-08 04:00:00,Remera Sublimada,5,65674.06
ORD-00224,CUST-1679,2026-03-29 13:00:00,Buzo Canguro,5,27422.59
ORD-00225,CUST-1463,2026-04-10 21:00:00,Remera Sublimada,3,70125.34
ORD-00226,CUST-1921,2026-05-31 00:00:00,Buzo Canguro,4,50961.14
ORD-00227,CUST-1454,2026-04-03 17:00:00,Taza Cerámica,4,99084.53
ORD-00228,CUST-1763,2026-05-23 08:00:00,Buzo Canguro,3,60686.97
ORD-00229,CUST-1629,2026-02-19 21:00:00,Remera Algodón,1,6610.3
ORD-00230,CUST-1471,2026-06-03 01:00:00,Buzo Canguro,4,72815.06
ORD-00231,CUST-1596,2026-03-19 06:00:00,Remera Sublimada,1,10416.78
ORD-00232,CUST-1354,2026-03-05 12:00:00,Buzo Canguro,1,9874.37
ORD-00233,CUST-289,2026-04-25 21:00:00,Taza Cerámica,5,50656.27
ORD-00234,CUST-1348,2026-06-15 14:00:00,Remera Sublimada,5,116607.5
ORD-00235,CUST-1508,2026-02-14 22:00:00,Remera Sublimada,2,29999.21
ORD-00236,CUST-1500,2026-06-27 21:00:00,Buzo Canguro,5,91947.09
ORD-00237,CUST-1406,2026-06-28 17:00:00,Remera Algodón,4,42475.83
ORD-00238,CUST-732,2026-04-04 09:00:00,Buzo Canguro,4,61836.36
ORD-00239,CUST-727,2026-05-16 07:00:00,Remera Algodón,1,12002.0
ORD-00240,CUST-1072,15/05/2026,Gorra,4,45691.12
ORD-00241,CUST-1868,2026-02-17 01:00:00,Remera Sublimada,5,49696.88
ORD-00242,CUST-1382,2026-02-06 04:00:00,Taza Cerámica,5,65900.69
ORD-00243,CUST-1482,2026-07-06 08:00:00,Buzo Canguro,5,91003.01
ORD-00244,CUST-809,2026-04-23 19:00:00,Remera Sublimada,3,28322.63
ORD-00245,CUST-1579,2026-07-19 16:00:00,Taza Cerámica,4,97235.52
ORD-00246,CUST-1534,2026-07-27 11:00:00,Taza Cerámica,2,14984.47
ORD-00247,CUST-748,2026-04-12 02:00:00,Remera Sublimada,4,58416.58
ORD-00248,CUST-417,2026-02-10 01:00:00,Remera Algodón,4,26802.26
ORD-00249,CUST-1800,2026-04-30 02:00:00,Taza Cerámica,3,16359.92
ORD-00250,CUST-1348,2026-02-02 09:00:00,Remera Algodón,4,93814.19
ORD-00251,CUST-1942,2026-07-16 21:00:00,Remera Sublimada,1,21207.7
ORD-00252,CUST-1357,2026-07-04 10:00:00,Remera Algodón,5,94415.54
ORD-00253,CUST-783,2026-03-11 14:00:00,Remera Sublimada,5,111519.08
ORD-00254,CUST-763,2026-02-20 08:00:00,Remera Sublimada,3,63170.91
ORD-00255,CUST-1950,2026-06-28 11:00:00,Taza Cerámica,5,89723.77
ORD-00256,CUST-1497,2026-06-27 19:00:00,Taza Cerámica,1,21946.85
ORD-00257,CUST-1795,2026-05-22 01:00:00,Buzo Canguro,3,38448.03
ORD-00258,CUST-1731,2026-07-08 20:00:00,Buzo Canguro,2,32110.07
ORD-00259,CUST-1595,2026-03-06 21:00:00,Remera Sublimada,5,102631.07
ORD-00260,CUST-1356,2026-04-08 05:00:00,Buzo Canguro,4,26783.84
ORD-00261,CUST-1815,2026-02-27 09:00:00,Buzo Canguro,1,22172.91
ORD-00262,CUST-1236,2026-04-14 00:00:00,Buzo Canguro,1,8136.61
ORD-00263,CUST-1953,2026-05-07 15:00:00,Buzo Canguro,5,111454.13
ORD-00264,CUST-1620,2026-04-11 08:00:00,Remera Algodón,2,22453.31
ORD-00265,CUST-541,2026-05-11 01:00:00,Buzo Canguro,4,46142.63
ORD-00266,CUST-663,2026-07-07 03:00:00,Taza Cerámica,2,12957.95
ORD-00267,CUST-1391,2026-04-06 18:00:00,Remera Algodón,2,45435.98
ORD-00268,CUST-1633,2026-07-04 09:00:00,Buzo Canguro,5,42451.04
ORD-00269,CUST-1930,2026-03-25 14:00:00,Remera Sublimada,4,70403.99
ORD-00270,CUST-1509,2026-03-31 21:00:00,Remera Sublimada,5,89396.76
ORD-00271,CUST-1510,2026-07-29 15:00:00,Taza Cerámica,5,53115.15
ORD-00272,CUST-1236,2026-06-29 21:00:00,Remera Sublimada,1,24713.22
ORD-00273,CUST-1736,2026-05-11 01:00:00,Buzo Canguro,5,31416.62
ORD-00274,CUST-1748,2026-07-08 12:00:00,Remera Sublimada,3,51472.32
ORD-00275,CUST-1051,2026-02-28 00:00:00,Remera Sublimada,4,58363.51
ORD-00276,CUST-1204,2026-05-24 12:00:00,Buzo Canguro,1,9909.68
ORD-00277,CUST-798,2026-04-09 06:00:00,Remera Algodón,4,33084.14
ORD-00278,CUST-212,2026-03-21 08:00:00,Buzo Canguro,1,19741.69
ORD-00279,CUST-101,15/05/2026,Remera Algodón,3,69978.89
ORD-00280,CUST-741,2026-06-09 09:00:00,Remera Algodón,5,35754.63
ORD-00281,CUST-319,2026-07-14 08:00:00,Remera Sublimada,1,8879.6
ORD-00282,CUST-1689,2026-03-18 09:00:00,Remera Sublimada,1,24725.39
ORD-00283,CUST-954,2026-07-10 05:00:00,Taza Cerámica,1,5300.45
ORD-00284,CUST-1859,2026-07-26 05:00:00,Gorra,3,45495.12
ORD-00285,CUST-1348,2026-06-25 09:00:00,Buzo Canguro,4,61289.03
ORD-00286,CUST-484,2026-05-25 21:00:00,Remera Algodón,3,30789.69
ORD-00287,CUST-1526,2026-07-28 02:00:00,Remera Sublimada,1,18260.58
ORD-00288,CUST-1761,2026-04-26 14:00:00,Remera Sublimada,1,23898.82
ORD-00289,CUST-1253,2026-02-15 03:00:00,Buzo Canguro,5,70021.39
ORD-00290,CUST-1176,2026-05-04 08:00:00,Buzo Canguro,3,59965.17
ORD-00291,CUST-1807,2026-07-05 18:00:00,Remera Sublimada,3,53764.22
ORD-00292,CUST-829,2026-05-03 16:00:00,Remera Sublimada,2,28917.67
ORD-00293,CUST-1795,2026-03-15 08:00:00,Remera Sublimada,4,23984.98
ORD-00294,CUST-1833,2026-07-20 17:00:00,Buzo Canguro,2,39669.99
ORD-00295,CUST-1539,,Gorra,2,24530.06
ORD-00296,CUST-346,2026-05-24 20:00:00,Gorra,4,37959.58
ORD-00297,CUST-935,2026-07-01 14:00:00,Taza Cerámica,5,119826.86
ORD-00298,CUST-1562,2026-07-30 14:00:00,Buzo Canguro,5,102350.28
ORD-00299,CUST-302,2026-04-04 00:00:00,Buzo Canguro,4,96981.49
ORD-00300,CUST-1307,2026-05-21 04:00:00,Remera Sublimada,4,40497.35
ORD-00301,CUST-222,2026-03-15 15:00:00,Remera Sublimada,3,65147.6
ORD-00302,CUST-500,2026-03-06 07:00:00,Remera Sublimada,3,51463.28
ORD-00303,CUST-866,2026-04-02 17:00:00,Gorra,3,73890.22
ORD-00304,CUST-393,2026-04-03 00:00:00,Remera Algodón,3,71779.02
ORD-00305,CUST-379,2026-04-16 15:00:00,Buzo Canguro,1,24459.36
ORD-00306,CUST-1960,2026-04-23 15:00:00,Taza Cerámica,1,24035.35
ORD-00307,CUST-983,2026-06-18 17:00:00,Remera Sublimada,5,25766.09
ORD-00308,CUST-1733,2026-03-10 18:00:00,Buzo Canguro,1,19821.71
ORD-00309,CUST-297,2026-07-14 12:00:00,Taza Cerámica,1,10438.69
ORD-00310,CUST-1081,2026-07-24 02:00:00,Buzo Canguro,3,57301.63
ORD-00311,CUST-1634,2026-05-13 00:00:00,Remera Sublimada,3,73836.67
ORD-00312,CUST-851,2026-05-31 13:00:00,Gorra,4,23148.75
ORD-00313,CUST-243,15/05/2026,Taza Cerámica,3,49019.27
ORD-00314,CUST-708,2026-04-14 05:00:00,Gorra,4,78796.25
ORD-00315,CUST-1324,2026-05-18 06:00:00,Gorra,4,40268.7
ORD-00316,CUST-1247,2026-05-24 00:00:00,Remera Algodón,1,9502.44
ORD-00317,CUST-286,2026-03-09 08:00:00,Remera Sublimada,3,18620.73
ORD-00318,CUST-1449,2026-04-23 20:00:00,Remera Sublimada,1,6878.4
ORD-00319,CUST-563,2026-02-02 10:00:00,Remera Sublimada,3,54404.99
ORD-00320,CUST-1472,2026-06-03 05:00:00,Remera Sublimada,1,15104.21
ORD-00321,CUST-1894,2026-07-18 03:00:00,Buzo Canguro,1,5601.44
ORD-00322,CUST-759,2026-05-25 10:00:00,Buzo Canguro,1,24393.24
ORD-00323,CUST-863,2026-03-09 14:00:00,Buzo Canguro,5,90604.59
ORD-00324,CUST-1054,2026-05-03 17:00:00,Remera Sublimada,1,15309.37
ORD-00325,CUST-502,2026-05-09 21:00:00,Remera Algodón,2,20908.97
ORD-00326,CUST-1469,2026-06-19 12:00:00,Remera Sublimada,2,36323.96
ORD-00327,CUST-1634,15/05/2026,Remera Sublimada,2,24566.71
ORD-00328,CUST-246,2026-06-15 10:00:00,Taza Cerámica,4,76199.53
ORD-00329,CUST-1271,15/05/2026,Taza Cerámica,1,18651.44
ORD-00330,CUST-963,2026-06-09 22:00:00,Buzo Canguro,2,13709.75
ORD-00331,CUST-1834,2026-02-03 13:00:00,Remera Sublimada,4,92740.86
ORD-00332,CUST-1943,2026-07-16 17:00:00,Buzo Canguro,2,29478.97
ORD-00333,CUST-588,2026-06-01 00:00:00,Remera Sublimada,3,38576.7
ORD-00334,CUST-1028,2026-05-13 05:00:00,Remera Sublimada,5,120546.21
ORD-00335,CUST-1763,2026-04-26 15:00:00,Taza Cerámica,1,13764.19
ORD-00336,CUST-650,2026-07-07 04:00:00,Remera Sublimada,5,97122.09
ORD-00337,CUST-437,2026-05-03 20:00:00,Remera Sublimada,5,90513.65
ORD-00338,CUST-971,2026-05-20 14:00:00,Buzo Canguro,3,24908.41
ORD-00339,CUST-740,2026-04-25 18:00:00,Remera Algodón,3,74468.57
ORD-00340,CUST-1902,2026-03-07 03:00:00,Remera Algodón,3,42816.26
ORD-00341,CUST-572,2026-04-10 00:00:00,Buzo Canguro,4,51582.61
ORD-00342,CUST-250,2026-06-20 09:00:00,Remera Sublimada,2,46784.54
ORD-00343,CUST-1538,2026-02-23 20:00:00,Remera Sublimada,1,15584.77
ORD-00344,CUST-1421,2026-04-02 19:00:00,Remera Sublimada,3,57304.62
ORD-00345,CUST-1734,2026-04-29 12:00:00,Buzo Canguro,1,21924.92
ORD-00346,CUST-362,2026-03-27 13:00:00,Buzo Canguro,1,9709.89
ORD-00347,CUST-1887,2026-03-04 22:00:00,Buzo Canguro,1,8389.33
ORD-00348,CUST-243,2026-05-07 04:00:00,Buzo Canguro,3,19110.41
ORD-00349,CUST-445,2026-03-08 13:00:00,Remera Sublimada,3,68828.0
ORD-00350,CUST-723,2026-07-27 09:00:00,Buzo Canguro,2,18014.68
ORD-00351,CUST-1116,2026-03-30 06:00:00,Remera Sublimada,3,33465.24
ORD-00352,CUST-1695,2026-04-21 00:00:00,Buzo Canguro,3,32148.42
ORD-00353,CUST-980,2026-05-24 20:00:00,Taza Cerámica,1,11091.76
ORD-00354,CUST-101,2026-04-02 08:00:00,Buzo Canguro,2,36722.45
ORD-00355,CUST-996,2026-02-06 18:00:00,Buzo Canguro,5,120411.36
ORD-00356,CUST-1427,2026-05-20 02:00:00,Buzo Canguro,3,34767.21
ORD-00357,CUST-353,2026-03-11 21:00:00,Remera Sublimada,3,39458.83
ORD-00358,CUST-1775,,Remera Sublimada,5,102114.7
ORD-00359,CUST-552,2026-02-05 09:00:00,Buzo Canguro,1,13646.76
ORD-00360,CUST-1160,2026-04-28 16:00:00,Remera Sublimada,2,47041.71
ORD-00361,CUST-1283,2026-04-17 22:00:00,Taza Cerámica,1,15064.36
ORD-00362,CUST-1114,2026-07-08 21:00:00,Taza Cerámica,4,47818.79
ORD-00363,CUST-108,2026-03-01 14:00:00,Remera Algodón,3,73294.35
ORD-00364,CUST-1356,2026-07-15 22:00:00,Remera Algodón,4,54062.55
ORD-00365,CUST-1222,2026-06-21 13:00:00,Remera Sublimada,3,28870.49
ORD-00366,CUST-1782,2026-05-27 14:00:00,Remera Algodón,4,34216.07
ORD-00367,CUST-915,2026-05-23 22:00:00,Taza Cerámica,5,124518.13
ORD-00368,CUST-307,2026-03-17 16:00:00,Buzo Canguro,3,60179.26
ORD-00369,CUST-1254,2026-05-15 20:00:00,Remera Sublimada,3,39519.59
ORD-00370,CUST-503,2026-06-14 11:00:00,Gorra,4,86109.07
ORD-00371,CUST-251,2026-02-18 21:00:00,Remera Sublimada,2,31872.25
ORD-00372,CUST-153,2026-03-05 16:00:00,Gorra,4,45391.17
ORD-00373,CUST-1243,2026-06-06 10:00:00,Remera Sublimada,3,59603.15
ORD-00374,CUST-1796,2026-07-10 09:00:00,Buzo Canguro,3,59753.68
ORD-00375,CUST-727,15/05/2026,Buzo Canguro,2,30006.77
ORD-00376,CUST-686,2026-05-26 03:00:00,Remera Sublimada,1,5903.17
ORD-00377,CUST-1748,2026-07-12 08:00:00,Remera Sublimada,2,13080.9
ORD-00378,CUST-1543,2026-02-28 10:00:00,Buzo Canguro,1,20774.99
ORD-00379,CUST-1545,2026-07-17 22:00:00,Remera Sublimada,3,64408.58
ORD-00380,CUST-203,2026-03-19 21:00:00,Buzo Canguro,5,92828.97
ORD-00381,CUST-1975,2026-06-07 18:00:00,Buzo Canguro,5,108906.86
ORD-00382,CUST-353,2026-05-29 14:00:00,Gorra,4,77559.0
ORD-00383,CUST-1350,2026-06-06 07:00:00,Taza Cerámica,2,45877.38
ORD-00384,CUST-1235,2026-05-18 08:00:00,Remera Sublimada,2,16015.93
ORD-00385,CUST-609,2026-07-25 00:00:00,Remera Sublimada,5,63774.15
ORD-00386,CUST-1596,2026-02-19 02:00:00,Remera Sublimada,1,14282.22
ORD-00387,CUST-198,2026-04-15 07:00:00,Remera Algodón,2,21906.55
ORD-00388,CUST-252,2026-07-25 09:00:00,Gorra,1,19507.33
ORD-00389,CUST-1984,2026-07-07 17:00:00,Remera Sublimada,1,23248.78
ORD-00390,CUST-1013,2026-05-09 18:00:00,Remera Sublimada,1,13249.64
ORD-00391,CUST-977,2026-06-21 21:00:00,Gorra,1,23830.84
ORD-00392,CUST-437,2026-06-09 01:00:00,Gorra,4,61341.51
ORD-00393,CUST-1829,2026-05-04 15:00:00,Gorra,4,61801.25
ORD-00394,CUST-921,2026-03-20 16:00:00,Gorra,5,85021.95
ORD-00395,CUST-1286,2026-04-05 06:00:00,Buzo Canguro,4,41466.49
ORD-00396,CUST-1843,2026-06-08 16:00:00,Remera Sublimada,2,25334.42
ORD-00397,CUST-1056,15/05/2026,Buzo Canguro,4,64259.0
ORD-00398,CUST-1804,2026-04-10 16:00:00,Buzo Canguro,2,47679.32
ORD-00399,CUST-260,15/05/2026,Buzo Canguro,2,35707.7
ORD-00400,CUST-1703,2026-05-14 20:00:00,Buzo Canguro,1,11662.33
ORD-00401,CUST-900,2026-04-03 16:00:00,Remera Sublimada,5,26046.86
ORD-00402,CUST-497,15/05/2026,Remera Sublimada,1,24633.31
ORD-00403,CUST-1400,2026-03-01 20:00:00,Buzo Canguro,1,14859.69
ORD-00404,CUST-915,2026-07-10 15:00:00,Remera Sublimada,4,95079.61
ORD-00405,CUST-1627,2026-02-25 21:00:00,Buzo Canguro,4,63947.62
ORD-00406,CUST-1515,15/05/2026,Gorra,2,34218.59
ORD-00407,CUST-1258,2026-05-31 00:00:00,Gorra,4,76952.98
ORD-00408,CUST-1318,2026-05-04 21:00:00,Buzo Canguro,4,45678.06
ORD-00409,CUST-500,2026-04-21 08:00:00,Buzo Canguro,3,56939.04
ORD-00410,CUST-739,2026-05-19 18:00:00,Remera Sublimada,2,31071.68
ORD-00411,CUST-1156,2026-05-29 08:00:00,Taza Cerámica,2,36899.2
ORD-00412,CUST-787,2026-07-07 18:00:00,Buzo Canguro,3,65150.0
ORD-00413,CUST-559,2026-06-27 01:00:00,Buzo Canguro,2,17369.17
ORD-00414,CUST-1054,2026-07-19 12:00:00,Gorra,5,86355.09
ORD-00415,CUST-569,2026-02-15 02:00:00,Buzo Canguro,5,30211.13
ORD-00416,CUST-1498,2026-06-19 20:00:00,Remera Sublimada,3,21126.91
ORD-00417,CUST-1145,2026-07-24 07:00:00,Remera Sublimada,4,73967.54
ORD-00418,CUST-849,2026-06-26 18:00:00,Buzo Canguro,5,32093.77
ORD-00419,CUST-1793,2026-06-08 15:00:00,Buzo Canguro,3,50721.47
ORD-00420,CUST-137,2026-06-16 21:00:00,Gorra,5,47001.26
ORD-00421,CUST-329,2026-02-06 11:00:00,Buzo Canguro,1,11081.7
ORD-00422,CUST-1488,2026-05-15 03:00:00,Taza Cerámica,3,22778.19
ORD-00423,CUST-662,2026-04-20 19:00:00,Buzo Canguro,2,19946.7
ORD-00424,CUST-537,2026-03-29 16:00:00,Buzo Canguro,5,107129.18
ORD-00425,CUST-1899,2026-07-23 17:00:00,Buzo Canguro,2,35555.14
ORD-00426,CUST-1406,2026-04-07 12:00:00,Buzo Canguro,3,71985.59
ORD-00427,CUST-126,2026-03-17 21:00:00,Buzo Canguro,5,29874.49
ORD-00428,CUST-325,2026-04-20 19:00:00,Remera Sublimada,2,41696.48
ORD-00429,CUST-1400,2026-06-03 09:00:00,Gorra,4,75926.17
ORD-00430,CUST-897,2026-04-08 18:00:00,Remera Sublimada,4,40871.38
ORD-00431,CUST-1732,2026-02-03 21:00:00,Remera Sublimada,1,19583.33
ORD-00432,CUST-383,2026-04-05 07:00:00,Remera Sublimada,3,57992.91
ORD-00433,CUST-978,15/05/2026,Remera Sublimada,2,28373.81
ORD-00434,CUST-1059,2026-04-03 03:00:00,Buzo Canguro,1,18772.79
ORD-00435,CUST-1604,2026-04-01 19:00:00,Remera Sublimada,3,41674.85
ORD-00436,CUST-552,2026-04-16 10:00:00,Remera Sublimada,4,46843.65
ORD-00437,CUST-1119,2026-05-07 10:00:00,Buzo Canguro,2,28659.64
ORD-00438,CUST-1952,2026-06-10 16:00:00,Taza Cerámica,5,114512.95
ORD-00439,CUST-915,2026-06-17 01:00:00,Remera Sublimada,4,50766.7
ORD-00440,CUST-758,2026-04-02 14:00:00,Buzo Canguro,5,65368.82
ORD-00441,CUST-1639,2026-03-20 03:00:00,Taza Cerámica,5,85840.32
ORD-00442,CUST-646,2026-06-16 08:00:00,Remera Algodón,2,40119.98
ORD-00443,CUST-1315,2026-03-30 04:00:00,Taza Cerámica,2,39384.83
ORD-00444,CUST-1172,15/05/2026,Remera Sublimada,5,26979.87
ORD-00445,CUST-1635,2026-04-03 06:00:00,Taza Cerámica,1,18748.31
ORD-00446,CUST-116,15/05/2026,Buzo Canguro,5,-70055.4
ORD-00447,CUST-1295,2026-05-10 04:00:00,Remera Sublimada,5,77409.0
ORD-00448,CUST-1343,2026-03-16 06:00:00,Gorra,2,32466.53
ORD-00449,CUST-257,2026-05-03 08:00:00,Buzo Canguro,3,58903.18
ORD-00450,CUST-576,2026-06-07 05:00:00,Remera Algodón,4,86506.64
ORD-00451,CUST-1169,2026-07-07 16:00:00,Taza Cerámica,2,35850.44
ORD-00452,CUST-1496,2026-06-24 22:00:00,Buzo Canguro,1,16278.14
ORD-00453,CUST-617,2026-06-11 20:00:00,Taza Cerámica,4,49901.54
ORD-00454,CUST-198,2026-04-05 03:00:00,Buzo Canguro,2,15515.13
ORD-00455,CUST-1868,2026-04-03 09:00:00,Buzo Canguro,2,48343.11
ORD-00456,CUST-1160,2026-04-17 09:00:00,Gorra,3,42710.54
ORD-00457,CUST-379,2026-02-13 10:00:00,Taza Cerámica,1,16324.24
ORD-00458,CUST-1472,15/05/2026,Gorra,1,20021.46
ORD-00459,CUST-596,2026-02-08 07:00:00,Gorra,2,12736.42
ORD-00460,CUST-401,2026-03-31 07:00:00,Remera Algodón,3,66300.66
ORD-00461,CUST-280,2026-06-10 11:00:00,Taza Cerámica,2,41881.03
ORD-00462,CUST-706,2026-06-18 11:00:00,Buzo Canguro,5,102442.86
ORD-00463,CUST-1222,2026-06-19 14:00:00,Remera Sublimada,5,27198.27
ORD-00464,CUST-799,2026-04-21 16:00:00,Taza Cerámica,3,46591.13
ORD-00465,CUST-1092,,Remera Sublimada,2,12170.73
ORD-00466,CUST-1239,2026-06-20 18:00:00,Remera Sublimada,3,48052.35
ORD-00467,CUST-290,2026-05-01 22:00:00,Remera Sublimada,2,38737.93
ORD-00468,CUST-352,2026-06-26 16:00:00,Gorra,2,14874.01
ORD-00469,CUST-1080,2026-06-08 05:00:00,Gorra,5,94488.31
ORD-00470,CUST-1027,2026-07-16 02:00:00,Buzo Canguro,4,55962.63
ORD-00471,CUST-1284,2026-04-02 00:00:00,Buzo Canguro,1,21231.06
ORD-00472,CUST-1379,2026-07-23 20:00:00,Taza Cerámica,1,15671.78
ORD-00473,CUST-1446,15/05/2026,Buzo Canguro,3,35167.29
ORD-00474,CUST-227,2026-02-13 03:00:00,Buzo Canguro,1,11639.83
ORD-00475,CUST-117,2026-06-15 21:00:00,Remera Sublimada,5,114748.65
ORD-00476,CUST-1916,2026-04-15 06:00:00,Remera Sublimada,4,56229.73
ORD-00477,CUST-1858,2026-06-12 22:00:00,Buzo Canguro,2,26230.16
ORD-00478,CUST-665,2026-05-30 05:00:00,Buzo Canguro,2,11594.94
ORD-00479,CUST-669,2026-04-25 04:00:00,Buzo Canguro,5,61432.46
ORD-00480,CUST-1446,,Remera Algodón,1,21992.54
ORD-00481,CUST-1995,2026-07-11 07:00:00,Remera Sublimada,2,40439.51
ORD-00482,CUST-785,2026-02-01 04:00:00,Remera Sublimada,1,9418.26
ORD-00483,CUST-1915,2026-04-04 21:00:00,Buzo Canguro,5,66305.66
ORD-00484,CUST-725,2026-04-11 20:00:00,Remera Sublimada,2,17863.19
ORD-00485,CUST-1411,2026-05-07 02:00:00,Remera Sublimada,3,72253.01
ORD-00486,CUST-953,2026-04-20 04:00:00,Remera Sublimada,4,67849.43
ORD-00487,CUST-1786,2026-04-01 13:00:00,Buzo Canguro,1,20087.1
ORD-00488,CUST-1061,2026-07-28 15:00:00,Remera Sublimada,1,19276.17
ORD-00489,CUST-1762,2026-06-14 13:00:00,Taza Cerámica,1,22473.79
ORD-00490,CUST-254,2026-07-07 06:00:00,Buzo Canguro,1,23986.56
ORD-00491,CUST-589,2026-05-15 12:00:00,Remera Sublimada,5,28244.62
ORD-00492,CUST-1509,2026-06-26 01:00:00,Taza Cerámica,5,122530.12
ORD-00493,CUST-884,2026-02-08 10:00:00,Remera Sublimada,5,112054.25
ORD-00494,CUST-1227,2026-06-05 05:00:00,Gorra,5,63294.74
ORD-00495,CUST-1516,15/05/2026,Remera Algodón,2,43482.77
ORD-00496,CUST-1934,2026-06-20 10:00:00,Remera Sublimada,5,98655.8
ORD-00497,CUST-345,2026-03-03 09:00:00,Remera Algodón,2,41724.58
ORD-00498,CUST-1299,2026-05-20 02:00:00,Taza Cerámica,3,28241.46
ORD-00499,CUST-1162,2026-05-06 14:00:00,Remera Algodón,5,89856.37
ORD-00500,CUST-1600,2026-06-24 12:00:00,Taza Cerámica,3,16555.55
ORD-00501,CUST-1805,2026-05-24 02:00:00,Remera Sublimada,5,109822.91
ORD-00502,CUST-858,2026-06-29 18:00:00,Gorra,3,72062.58
ORD-00503,CUST-637,2026-07-08 15:00:00,Remera Sublimada,4,72969.88
ORD-00504,CUST-1990,2026-03-07 21:00:00,Remera Sublimada,3,45760.18
ORD-00505,CUST-1941,2026-07-16 13:00:00,Remera Sublimada,2,39029.24
ORD-00506,CUST-1020,2026-07-02 17:00:00,Remera Sublimada,1,11527.23
ORD-00507,CUST-507,15/05/2026,Buzo Canguro,3,52583.27
ORD-00508,CUST-624,2026-07-10 22:00:00,Taza Cerámica,1,19379.46
ORD-00509,CUST-927,2026-05-10 02:00:00,Remera Algodón,4,31414.46
ORD-00510,CUST-1629,2026-04-26 09:00:00,Remera Sublimada,4,31205.44
ORD-00511,CUST-1002,2026-04-24 03:00:00,Remera Algodón,2,38645.53
ORD-00512,CUST-1948,2026-04-02 18:00:00,Remera Algodón,2,27271.3
ORD-00513,CUST-135,2026-07-21 01:00:00,Remera Sublimada,3,68352.09
ORD-00514,CUST-784,2026-04-15 10:00:00,Remera Sublimada,5,56193.89
ORD-00515,CUST-119,2026-07-03 19:00:00,Gorra,4,23394.46
ORD-00516,CUST-420,2026-03-20 18:00:00,Buzo Canguro,1,17997.52
ORD-00517,CUST-1899,2026-04-28 10:00:00,Taza Cerámica,5,93423.92
ORD-00518,CUST-611,2026-05-21 01:00:00,Taza Cerámica,4,64287.33
ORD-00519,CUST-499,2026-02-28 04:00:00,Buzo Canguro,3,55999.96
ORD-00520,CUST-753,2026-03-31 04:00:00,Remera Sublimada,4,61900.35
ORD-00521,CUST-1071,2026-03-23 20:00:00,Buzo Canguro,2,37705.31
ORD-00522,CUST-570,2026-02-12 17:00:00,Remera Sublimada,1,5878.75
ORD-00523,CUST-1266,2026-06-12 21:00:00,Buzo Canguro,1,12367.95
ORD-00524,CUST-1215,2026-05-24 09:00:00,Gorra,2,18432.68
ORD-00525,CUST-1477,2026-07-16 13:00:00,Buzo Canguro,5,34932.61
ORD-00526,CUST-933,2026-03-04 10:00:00,Remera Algodón,2,19363.71
ORD-00527,CUST-1923,2026-06-26 22:00:00,Buzo Canguro,1,8826.21
ORD-00528,CUST-826,2026-05-31 22:00:00,Taza Cerámica,3,73387.88
ORD-00529,CUST-953,2026-04-16 20:00:00,Taza Cerámica,5,53654.59
ORD-00530,CUST-150,2026-07-22 04:00:00,Remera Algodón,4,38476.72
ORD-00531,CUST-1788,2026-04-28 08:00:00,Taza Cerámica,3,65092.47
ORD-00532,CUST-1821,2026-03-31 08:00:00,Remera Sublimada,5,66911.62
ORD-00533,CUST-674,2026-06-30 18:00:00,Remera Algodón,1,13429.31
ORD-00534,CUST-1313,2026-04-06 06:00:00,Taza Cerámica,1,13871.81
ORD-00535,CUST-1248,2026-02-04 00:00:00,Remera Sublimada,3,39992.07
ORD-00536,CUST-249,2026-06-23 07:00:00,Taza Cerámica,5,57656.55
ORD-00537,CUST-413,2026-06-30 21:00:00,Gorra,4,42907.16
ORD-00538,CUST-669,2026-07-25 16:00:00,Buzo Canguro,4,90556.77
ORD-00539,CUST-1465,2026-05-04 13:00:00,Remera Sublimada,2,16468.29
ORD-00540,CUST-404,2026-06-22 17:00:00,Gorra,3,25863.74
ORD-00541,CUST-1815,2026-06-28 17:00:00,Taza Cerámica,5,82171.91
ORD-00542,CUST-781,2026-05-23 00:00:00,Buzo Canguro,3,35619.51
ORD-00543,CUST-937,2026-05-30 10:00:00,Remera Sublimada,4,53722.35
ORD-00544,CUST-1906,2026-02-12 07:00:00,Remera Sublimada,5,105654.66
ORD-00545,CUST-1177,2026-05-29 19:00:00,Taza Cerámica,1,23072.62
ORD-00546,CUST-1102,2026-07-16 02:00:00,Gorra,1,20811.07
ORD-00547,CUST-543,2026-07-06 12:00:00,Remera Sublimada,5,48492.83
ORD-00548,CUST-712,2026-04-07 04:00:00,Remera Sublimada,3,73798.28
ORD-00549,CUST-1092,2026-07-27 05:00:00,Remera Sublimada,3,36790.59
ORD-00550,CUST-363,2026-04-07 03:00:00,Taza Cerámica,1,8381.34
ORD-00551,CUST-1176,2026-02-26 10:00:00,Remera Sublimada,1,14989.93
ORD-00552,CUST-1695,2026-05-19 07:00:00,Remera Sublimada,4,78022.86
ORD-00553,CUST-1103,2026-03-15 21:00:00,Remera Sublimada,5,33327.09
ORD-00554,CUST-1743,2026-06-28 07:00:00,Buzo Canguro,3,53057.21
ORD-00555,CUST-104,2026-03-01 07:00:00,Buzo Canguro,4,88646.23
ORD-00556,CUST-1226,2026-07-08 16:00:00,Remera Sublimada,3,30706.89
ORD-00557,CUST-1319,2026-06-08 19:00:00,Remera Algodón,1,18862.46
ORD-00558,CUST-873,2026-05-27 22:00:00,Remera Sublimada,5,64990.86
ORD-00559,CUST-976,2026-06-24 13:00:00,Remera Sublimada,2,26565.41
ORD-00560,CUST-1091,2026-04-03 10:00:00,Remera Algodón,5,53081.4
ORD-00561,CUST-983,2026-02-07 15:00:00,Buzo Canguro,2,34975.75
ORD-00562,CUST-1473,2026-03-17 14:00:00,Buzo Canguro,4,48879.94
ORD-00563,CUST-146,2026-07-26 20:00:00,Remera Sublimada,2,43236.12
ORD-00564,CUST-966,2026-04-29 08:00:00,Taza Cerámica,2,48516.22
ORD-00565,CUST-922,2026-07-13 18:00:00,Buzo Canguro,4,94807.01
ORD-00566,CUST-1035,2026-03-09 09:00:00,Gorra,5,41312.84
ORD-00567,CUST-1943,15/05/2026,Remera Sublimada,4,21135.22
ORD-00568,CUST-755,,Buzo Canguro,1,13769.37
ORD-00569,CUST-368,2026-05-21 19:00:00,Taza Cerámica,1,19577.67
ORD-00570,CUST-469,15/05/2026,Remera Algodón,2,49098.21
ORD-00571,CUST-735,2026-03-25 22:00:00,Remera Sublimada,4,82673.78
ORD-00572,CUST-1229,2026-02-12 16:00:00,Gorra,4,66443.95
ORD-00573,CUST-1793,2026-02-17 09:00:00,Remera Sublimada,4,22108.23
ORD-00574,CUST-1782,2026-05-05 18:00:00,Buzo Canguro,5,107554.07
ORD-00575,CUST-756,2026-02-11 01:00:00,Remera Sublimada,3,25628.7
ORD-00576,CUST-219,2026-07-28 06:00:00,Buzo Canguro,3,18336.39
ORD-00577,CUST-930,15/05/2026,Remera Sublimada,3,66021.53
ORD-00578,CUST-1910,2026-02-20 17:00:00,Remera Sublimada,5,81625.09
ORD-00579,CUST-1727,,Remera Sublimada,4,30284.13
ORD-00580,CUST-1181,2026-07-10 19:00:00,Remera Sublimada,3,38192.56
ORD-00581,CUST-1469,2026-02-15 04:00:00,Remera Algodón,4,26843.33
ORD-00582,CUST-840,2026-04-25 02:00:00,Remera Algodón,2,35520.43
ORD-00583,CUST-1597,2026-03-09 07:00:00,Taza Cerámica,3,31945.64
ORD-00584,CUST-216,2026-04-13 07:00:00,Remera Sublimada,2,44643.77
ORD-00585,CUST-1953,2026-03-28 22:00:00,Buzo Canguro,5,60779.6
ORD-00586,CUST-890,2026-05-15 10:00:00,Taza Cerámica,1,14892.68
ORD-00587,CUST-1250,2026-05-21 07:00:00,Remera Algodón,5,31352.34
ORD-00588,CUST-1516,2026-05-04 09:00:00,Buzo Canguro,5,52559.26
ORD-00589,CUST-1112,2026-03-11 16:00:00,Gorra,5,92676.73
ORD-00590,CUST-1764,2026-07-14 12:00:00,Remera Algodón,3,59175.77
ORD-00591,CUST-1181,2026-03-08 04:00:00,Gorra,2,19712.87
ORD-00592,CUST-733,2026-02-26 21:00:00,Remera Sublimada,3,45229.21
ORD-00593,CUST-612,2026-02-04 17:00:00,Remera Sublimada,1,21350.62
ORD-00594,CUST-1874,2026-07-16 22:00:00,Buzo Canguro,5,62991.02
ORD-00595,CUST-901,2026-02-22 01:00:00,Buzo Canguro,4,30701.7
ORD-00596,CUST-1219,2026-03-03 22:00:00,Remera Sublimada,1,13637.41
ORD-00597,CUST-1761,2026-02-11 13:00:00,Remera Sublimada,2,34025.15
ORD-00598,CUST-1241,2026-05-07 04:00:00,Taza Cerámica,1,5147.97
ORD-00599,CUST-659,2026-02-10 07:00:00,Buzo Canguro,3,35914.05
ORD-00600,CUST-1724,2026-06-08 13:00:00,Remera Sublimada,4,68594.87
ORD-00601,CUST-587,2026-07-02 02:00:00,Buzo Canguro,3,72114.72
ORD-00602,CUST-1360,2026-07-22 15:00:00,Taza Cerámica,5,-65854.87
ORD-00603,CUST-996,2026-04-01 22:00:00,Taza Cerámica,5,41297.23
ORD-00604,CUST-1395,2026-06-25 00:00:00,Remera Sublimada,1,15684.38
ORD-00605,CUST-1312,2026-03-29 22:00:00,Taza Cerámica,5,53575.24
ORD-00606,CUST-803,2026-05-17 20:00:00,Buzo Canguro,5,46477.94
ORD-00607,CUST-1570,2026-02-09 21:00:00,Remera Sublimada,2,33616.13
ORD-00608,CUST-680,2026-06-21 15:00:00,Taza Cerámica,2,46635.34
ORD-00609,CUST-889,2026-02-18 18:00:00,Remera Sublimada,3,65113.45
ORD-00610,CUST-960,2026-07-18 16:00:00,Remera Sublimada,3,25937.55
ORD-00611,CUST-346,2026-06-23 09:00:00,Buzo Canguro,2,40635.18
ORD-00612,CUST-1199,2026-02-15 14:00:00,Remera Sublimada,1,9597.37
ORD-00613,CUST-253,2026-04-04 22:00:00,Remera Sublimada,2,21628.05
ORD-00614,CUST-1779,2026-07-17 12:00:00,Gorra,3,70203.09
ORD-00615,CUST-1558,2026-04-22 08:00:00,Remera Sublimada,4,92884.01
ORD-00616,CUST-1096,2026-03-12 19:00:00,Remera Algodón,5,41863.08
ORD-00617,CUST-1209,2026-04-23 12:00:00,Buzo Canguro,4,25135.35
ORD-00618,CUST-796,2026-04-17 11:00:00,Remera Sublimada,4,43449.45
ORD-00619,CUST-1408,2026-03-10 18:00:00,Remera Sublimada,5,83177.51
ORD-00620,CUST-1343,2026-04-12 02:00:00,Buzo Canguro,2,45075.67
ORD-00621,CUST-1192,2026-03-20 17:00:00,Buzo Canguro,1,7376.75
ORD-00622,CUST-1170,2026-06-24 22:00:00,Remera Sublimada,4,53196.68
ORD-00623,CUST-1108,2026-03-11 03:00:00,Remera Sublimada,1,10435.0
ORD-00624,CUST-193,2026-04-30 07:00:00,Taza Cerámica,3,15895.74
ORD-00625,CUST-1873,2026-06-21 12:00:00,Remera Sublimada,4,83075.7
ORD-00626,CUST-1057,2026-04-22 16:00:00,Gorra,3,63797.05
ORD-00627,CUST-1111,2026-06-14 18:00:00,Taza Cerámica,2,18849.16
ORD-00628,CUST-552,2026-04-18 13:00:00,Buzo Canguro,4,32099.22
ORD-00629,CUST-1327,2026-05-06 21:00:00,Remera Sublimada,3,23673.65
ORD-00630,CUST-1011,2026-06-12 06:00:00,Remera Sublimada,3,42836.83
ORD-00631,CUST-317,2026-04-13 12:00:00,Gorra,2,19859.82
ORD-00632,CUST-573,2026-07-10 05:00:00,Remera Sublimada,1,15227.11
ORD-00633,CUST-531,2026-07-16 20:00:00,Remera Sublimada,1,12697.03
ORD-00634,CUST-440,2026-07-06 02:00:00,Buzo Canguro,4,36871.22
ORD-00635,CUST-650,2026-06-30 05:00:00,Remera Sublimada,2,40047.67
ORD-00636,CUST-1735,2026-04-13 05:00:00,Buzo Canguro,4,32029.11
ORD-00637,CUST-1412,2026-03-04 02:00:00,Gorra,1,20978.05
ORD-00638,CUST-1377,2026-06-18 02:00:00,Buzo Canguro,2,32457.86
ORD-00639,CUST-1857,2026-04-17 16:00:00,Remera Algodón,5,108203.71
ORD-00640,CUST-456,2026-03-31 04:00:00,Gorra,2,10190.36
ORD-00641,CUST-122,2026-03-24 08:00:00,Remera Sublimada,2,39967.54
ORD-00642,CUST-1885,2026-03-03 20:00:00,Remera Sublimada,5,30151.56
ORD-00643,CUST-621,2026-04-25 06:00:00,Buzo Canguro,3,72005.92
ORD-00644,CUST-1881,2026-06-07 21:00:00,Buzo Canguro,3,57164.37
ORD-00645,CUST-1960,2026-06-12 12:00:00,Remera Sublimada,3,34210.34
ORD-00646,CUST-1223,2026-03-17 09:00:00,Remera Algodón,1,11397.01
ORD-00647,CUST-901,2026-05-25 16:00:00,Buzo Canguro,2,44459.7
ORD-00648,CUST-1303,2026-02-20 19:00:00,Remera Sublimada,5,115284.01
ORD-00649,CUST-1346,2026-04-22 21:00:00,Buzo Canguro,1,22831.47
ORD-00650,CUST-861,2026-07-14 00:00:00,Remera Sublimada,5,105874.03
ORD-00651,CUST-1782,2026-06-09 14:00:00,Gorra,1,21380.64
ORD-00652,CUST-541,2026-02-17 07:00:00,Buzo Canguro,1,16455.36
ORD-00653,CUST-1731,2026-05-20 22:00:00,Remera Sublimada,1,5564.62
ORD-00654,CUST-868,2026-07-24 07:00:00,Remera Sublimada,5,33677.33
ORD-00655,CUST-1115,2026-02-08 14:00:00,Gorra,4,71964.26
ORD-00656,CUST-1448,2026-02-13 06:00:00,Buzo Canguro,1,13023.3
ORD-00657,CUST-615,2026-07-06 15:00:00,Remera Algodón,3,49038.58
ORD-00658,CUST-1139,2026-05-30 01:00:00,Remera Sublimada,2,19243.1
ORD-00659,CUST-891,2026-06-25 06:00:00,Remera Sublimada,4,71953.37
ORD-00660,CUST-435,2026-02-13 17:00:00,Remera Sublimada,4,39426.36
ORD-00661,CUST-1882,2026-05-05 17:00:00,Buzo Canguro,5,71081.28
ORD-00662,CUST-357,2026-02-13 10:00:00,Remera Sublimada,4,58297.59
ORD-00663,CUST-596,2026-05-05 20:00:00,Remera Sublimada,5,42766.82
ORD-00664,CUST-995,2026-05-23 22:00:00,Buzo Canguro,5,112620.77
ORD-00665,CUST-259,2026-04-22 07:00:00,Buzo Canguro,3,46549.26
ORD-00666,CUST-1598,2026-05-27 14:00:00,Remera Sublimada,1,22335.68
ORD-00667,CUST-951,2026-07-30 09:00:00,Buzo Canguro,4,41002.86
ORD-00668,CUST-1787,2026-05-19 20:00:00,Taza Cerámica,1,8446.72
ORD-00669,CUST-789,2026-06-08 19:00:00,Remera Sublimada,1,5360.33
ORD-00670,CUST-1798,2026-07-08 00:00:00,Remera Sublimada,1,6877.29
ORD-00671,CUST-479,15/05/2026,Remera Sublimada,5,39747.06
ORD-00672,CUST-1668,15/05/2026,Taza Cerámica,1,6577.11
ORD-00673,CUST-1056,2026-05-22 00:00:00,Gorra,4,91750.34
ORD-00674,CUST-790,2026-03-16 02:00:00,Remera Sublimada,5,116143.83
ORD-00675,CUST-1550,2026-04-16 01:00:00,Remera Sublimada,4,94989.01
ORD-00676,CUST-1736,2026-02-09 14:00:00,Gorra,5,120986.08
ORD-00677,CUST-1391,2026-06-20 00:00:00,Remera Algodón,2,29673.4
ORD-00678,CUST-1958,2026-06-16 07:00:00,Taza Cerámica,2,31200.99
ORD-00679,CUST-1700,2026-07-05 11:00:00,Remera Algodón,2,15233.22
ORD-00680,CUST-1540,2026-04-06 10:00:00,Taza Cerámica,2,15482.08
ORD-00681,CUST-1291,15/05/2026,Taza Cerámica,5,102275.64
ORD-00682,CUST-1965,2026-06-19 06:00:00,Remera Sublimada,1,22114.58
ORD-00683,CUST-1166,,Buzo Canguro,3,62082.87
ORD-00684,CUST-1679,2026-07-10 20:00:00,Remera Sublimada,3,65074.55
ORD-00685,CUST-384,2026-04-26 07:00:00,Gorra,2,21062.81
ORD-00686,CUST-496,2026-07-01 05:00:00,Remera Algodón,1,14321.32
ORD-00687,CUST-111,2026-04-27 17:00:00,Buzo Canguro,4,56735.95
ORD-00688,CUST-1730,2026-05-13 04:00:00,Remera Sublimada,1,24905.67
ORD-00689,CUST-1425,2026-03-26 07:00:00,Remera Sublimada,4,95934.24
ORD-00690,CUST-1376,2026-07-27 02:00:00,Remera Sublimada,3,50909.17
ORD-00691,CUST-598,,Remera Sublimada,1,7759.46
ORD-00692,CUST-853,2026-04-29 16:00:00,Buzo Canguro,1,10171.92
ORD-00693,CUST-134,2026-06-29 18:00:00,Remera Algodón,3,36825.69
ORD-00694,CUST-826,2026-04-04 07:00:00,Remera Sublimada,1,22464.23
ORD-00695,CUST-948,2026-04-24 06:00:00,Remera Sublimada,4,33650.6
ORD-00696,CUST-189,2026-07-06 16:00:00,Buzo Canguro,1,9394.94
ORD-00697,CUST-875,2026-02-06 18:00:00,Remera Sublimada,4,47950.78
ORD-00698,CUST-704,2026-02-28 01:00:00,Gorra,2,47076.41
ORD-00699,CUST-1069,2026-03-10 22:00:00,Remera Sublimada,1,15076.24
ORD-00700,CUST-1725,2026-03-09 18:00:00,Remera Sublimada,4,71746.88
ORD-00701,CUST-1121,2026-04-09 21:00:00,Remera Sublimada,3,38233.4
ORD-00702,CUST-517,2026-07-27 10:00:00,Remera Sublimada,2,17540.88
ORD-00703,CUST-214,2026-07-14 12:00:00,Buzo Canguro,1,9456.01
ORD-00704,CUST-716,2026-03-24 16:00:00,Remera Sublimada,4,84213.7
ORD-00705,CUST-1319,2026-05-16 03:00:00,Buzo Canguro,1,22869.64
ORD-00706,CUST-925,2026-04-24 02:00:00,Buzo Canguro,4,59446.05
ORD-00707,CUST-1624,2026-05-15 00:00:00,Remera Sublimada,1,12139.89
ORD-00708,CUST-1749,2026-07-20 17:00:00,Remera Sublimada,2,42313.41
ORD-00709,CUST-1616,2026-03-20 07:00:00,Buzo Canguro,2,36923.79
ORD-00710,CUST-1198,2026-05-08 11:00:00,Taza Cerámica,1,5817.48
ORD-00711,CUST-512,2026-05-25 03:00:00,Remera Algodón,1,12014.82
ORD-00712,CUST-1499,2026-07-16 11:00:00,Remera Sublimada,5,93217.3
ORD-00713,CUST-1543,2026-07-05 08:00:00,Remera Sublimada,1,16473.6
ORD-00714,CUST-828,2026-05-22 15:00:00,Remera Sublimada,1,24561.35
ORD-00715,CUST-1400,2026-04-17 22:00:00,Buzo Canguro,2,44644.62
ORD-00716,CUST-1120,2026-06-22 12:00:00,Buzo Canguro,1,6194.77
ORD-00717,CUST-860,2026-02-25 01:00:00,Gorra,3,58546.14
ORD-00718,CUST-775,2026-04-08 21:00:00,Taza Cerámica,1,11726.53
ORD-00719,CUST-1517,2026-04-14 19:00:00,Remera Sublimada,5,93208.27
ORD-00720,CUST-1992,2026-05-15 09:00:00,Buzo Canguro,4,69377.97
ORD-00721,CUST-556,2026-04-08 04:00:00,Remera Algodón,2,30122.01
ORD-00722,CUST-1019,2026-02-27 15:00:00,Remera Sublimada,3,66176.97
ORD-00723,CUST-291,2026-05-24 14:00:00,Buzo Canguro,4,76695.19
ORD-00724,CUST-838,2026-07-13 11:00:00,Remera Algodón,3,68373.31
ORD-00725,CUST-1812,2026-05-16 20:00:00,Taza Cerámica,2,21264.15
ORD-00726,CUST-1222,2026-03-16 14:00:00,Taza Cerámica,5,59812.75
ORD-00727,CUST-1671,2026-07-12 22:00:00,Remera Sublimada,2,34878.05
ORD-00728,CUST-1077,2026-05-06 17:00:00,Buzo Canguro,3,72987.87
ORD-00729,CUST-1108,2026-04-25 11:00:00,Remera Sublimada,3,37294.93
ORD-00730,CUST-195,2026-06-12 22:00:00,Buzo Canguro,2,11291.75
ORD-00731,CUST-1787,2026-07-26 22:00:00,Remera Sublimada,1,13917.76
ORD-00732,CUST-762,2026-05-23 00:00:00,Gorra,2,31757.18
ORD-00733,CUST-1313,2026-04-30 01:00:00,Gorra,5,105098.74
ORD-00734,CUST-1859,2026-07-08 02:00:00,Buzo Canguro,2,39144.02
ORD-00735,CUST-136,2026-06-02 20:00:00,Remera Sublimada,4,97173.01
ORD-00736,CUST-1903,2026-04-25 16:00:00,Remera Sublimada,1,20653.66
ORD-00737,CUST-1492,2026-05-27 21:00:00,Taza Cerámica,4,43890.27
ORD-00738,CUST-1818,2026-05-27 05:00:00,Buzo Canguro,2,35655.21
ORD-00739,CUST-1648,2026-06-23 13:00:00,Taza Cerámica,1,18444.82
ORD-00740,CUST-378,2026-07-30 14:00:00,Remera Sublimada,4,99841.64
ORD-00741,CUST-316,2026-03-18 20:00:00,Buzo Canguro,4,31099.03
ORD-00742,CUST-966,2026-06-01 04:00:00,Taza Cerámica,1,8826.51
ORD-00743,CUST-972,2026-04-11 16:00:00,Buzo Canguro,1,8110.27
ORD-00744,CUST-1921,2026-05-18 15:00:00,Buzo Canguro,3,50343.61
ORD-00745,CUST-1396,2026-05-19 14:00:00,Taza Cerámica,1,7706.02
ORD-00746,CUST-161,2026-05-02 17:00:00,Remera Sublimada,2,36240.31
ORD-00747,CUST-695,2026-06-29 02:00:00,Remera Sublimada,5,105377.41
ORD-00748,CUST-828,2026-05-15 22:00:00,Buzo Canguro,3,40967.58
ORD-00749,CUST-1465,2026-03-12 17:00:00,Remera Sublimada,1,16213.7
ORD-00750,CUST-496,2026-06-18 19:00:00,Taza Cerámica,5,116272.21
ORD-00751,CUST-798,2026-04-02 04:00:00,Taza Cerámica,3,49173.96
ORD-00752,CUST-1142,2026-06-02 12:00:00,Gorra,2,18344.22
ORD-00753,CUST-276,2026-03-27 04:00:00,Buzo Canguro,5,59319.38
ORD-00754,CUST-1735,2026-03-28 12:00:00,Remera Sublimada,1,15596.92
ORD-00755,CUST-495,2026-05-13 04:00:00,Remera Sublimada,1,8097.95
ORD-00756,CUST-544,2026-04-14 15:00:00,Gorra,2,34500.79
ORD-00757,CUST-1356,2026-02-02 00:00:00,Remera Sublimada,3,74954.77
ORD-00758,CUST-175,2026-05-15 18:00:00,Taza Cerámica,5,90253.5
ORD-00759,CUST-364,2026-03-02 10:00:00,Taza Cerámica,2,24896.45
ORD-00760,CUST-554,2026-05-19 11:00:00,Remera Sublimada,3,34904.79
ORD-00761,CUST-1919,2026-07-17 12:00:00,Remera Sublimada,4,94528.27
ORD-00762,CUST-817,2026-06-03 07:00:00,Buzo Canguro,4,89721.14
ORD-00763,CUST-834,2026-06-05 21:00:00,Gorra,3,43341.52
ORD-00764,CUST-1507,2026-06-02 08:00:00,Remera Sublimada,1,12068.29
ORD-00765,CUST-1687,2026-05-14 20:00:00,Remera Algodón,1,19209.29
ORD-00766,CUST-950,2026-07-12 22:00:00,Buzo Canguro,4,45160.2
ORD-00767,CUST-1629,2026-03-03 19:00:00,Remera Algodón,1,7388.06
ORD-00768,CUST-1490,2026-04-30 11:00:00,Remera Sublimada,1,11203.04
ORD-00769,CUST-243,2026-06-09 22:00:00,Remera Sublimada,3,41057.76
ORD-00770,CUST-984,2026-02-22 07:00:00,Gorra,3,30324.68
ORD-00771,CUST-1192,2026-05-12 14:00:00,Gorra,1,9336.27
ORD-00772,CUST-1222,2026-06-09 00:00:00,Buzo Canguro,3,15368.41
ORD-00773,CUST-495,2026-07-20 20:00:00,Taza Cerámica,5,88084.28
ORD-00774,CUST-1148,2026-04-20 16:00:00,Gorra,4,69155.92
ORD-00775,CUST-1047,2026-02-22 05:00:00,Remera Sublimada,5,43802.52
ORD-00776,CUST-990,2026-05-10 12:00:00,Buzo Canguro,5,119365.01
ORD-00777,CUST-1592,2026-02-08 14:00:00,Gorra,1,13191.42
ORD-00778,CUST-1607,2026-02-17 16:00:00,Remera Sublimada,1,5509.59
ORD-00779,CUST-1688,2026-05-01 12:00:00,Remera Sublimada,5,46977.19
ORD-00780,CUST-1274,2026-06-25 05:00:00,Taza Cerámica,5,94206.75
ORD-00781,CUST-1267,2026-04-22 15:00:00,Remera Sublimada,2,18064.8
ORD-00782,CUST-668,2026-04-19 12:00:00,Remera Sublimada,2,12156.5
ORD-00783,CUST-1162,2026-02-06 02:00:00,Remera Algodón,4,69416.5
ORD-00784,CUST-208,2026-05-21 13:00:00,Buzo Canguro,5,76835.48
ORD-00785,CUST-1816,2026-04-13 14:00:00,Gorra,3,60675.95
ORD-00786,CUST-1165,2026-03-26 12:00:00,Gorra,2,40905.26
ORD-00787,CUST-1309,2026-07-09 20:00:00,Remera Sublimada,1,24198.71
ORD-00788,CUST-1034,15/05/2026,Remera Sublimada,5,30701.75
ORD-00789,CUST-497,2026-03-30 16:00:00,Remera Sublimada,3,17339.37
ORD-00790,CUST-1346,2026-07-01 01:00:00,Remera Sublimada,3,74231.82
ORD-00791,CUST-733,2026-02-26 14:00:00,Taza Cerámica,3,53690.87
ORD-00792,CUST-1256,2026-02-05 19:00:00,Buzo Canguro,1,19307.41
ORD-00793,CUST-1286,2026-06-14 05:00:00,Buzo Canguro,2,13859.28
ORD-00794,CUST-1338,2026-03-31 17:00:00,Remera Sublimada,3,19188.76
ORD-00795,CUST-832,2026-06-26 03:00:00,Remera Sublimada,2,16410.14
ORD-00796,CUST-334,2026-02-17 13:00:00,Buzo Canguro,4,54175.65
ORD-00797,CUST-1966,2026-02-13 06:00:00,Buzo Canguro,1,7203.52
ORD-00798,CUST-757,2026-06-08 11:00:00,Remera Sublimada,2,27853.35
ORD-00799,CUST-850,2026-05-30 14:00:00,Buzo Canguro,2,32461.44
ORD-00800,CUST-687,2026-02-19 10:00:00,Remera Sublimada,3,15019.98
ORD-00801,CUST-1132,2026-07-13 16:00:00,Remera Sublimada,3,21854.74
ORD-00802,CUST-1197,15/05/2026,Taza Cerámica,1,12503.9
ORD-00803,CUST-1053,2026-06-28 03:00:00,Remera Sublimada,2,12133.19
ORD-00804,CUST-591,2026-07-13 15:00:00,Buzo Canguro,5,38352.9
ORD-00805,CUST-1012,2026-03-16 07:00:00,Remera Sublimada,3,28907.78
ORD-00806,CUST-1376,15/05/2026,Remera Sublimada,3,40776.08
ORD-00807,CUST-1353,2026-04-12 10:00:00,Remera Sublimada,4,77186.98
ORD-00808,CUST-1642,2026-03-22 00:00:00,Remera Algodón,1,7653.77
ORD-00809,CUST-1297,2026-05-10 03:00:00,Buzo Canguro,2,39518.34
ORD-00810,CUST-1776,2026-06-21 05:00:00,Remera Algodón,2,44202.43
ORD-00811,CUST-1291,2026-03-30 13:00:00,Buzo Canguro,2,36059.15
ORD-00812,CUST-269,2026-07-15 15:00:00,Buzo Canguro,3,17623.54
ORD-00813,CUST-1516,2026-04-09 07:00:00,Remera Sublimada,1,13813.07
ORD-00814,CUST-1045,2026-06-24 03:00:00,Remera Sublimada,2,36402.64
ORD-00815,CUST-894,2026-07-23 12:00:00,Remera Sublimada,5,122851.31
ORD-00816,CUST-733,2026-03-03 02:00:00,Remera Sublimada,4,96144.67
ORD-00817,CUST-1317,2026-06-16 14:00:00,Buzo Canguro,4,51656.25
ORD-00818,CUST-1640,2026-07-21 08:00:00,Remera Sublimada,2,34637.24
ORD-00819,CUST-128,2026-03-17 01:00:00,Remera Sublimada,3,68448.91
ORD-00820,CUST-1288,2026-02-08 06:00:00,Remera Sublimada,4,86483.7
ORD-00821,CUST-1545,2026-05-19 18:00:00,Buzo Canguro,4,58353.75
ORD-00822,CUST-438,2026-05-14 09:00:00,Taza Cerámica,4,40899.31
ORD-00823,CUST-1771,2026-06-05 15:00:00,Gorra,4,30968.0
ORD-00824,CUST-1619,2026-03-02 09:00:00,Remera Sublimada,2,29519.21
ORD-00825,CUST-1488,2026-06-26 17:00:00,Remera Sublimada,1,19456.92
ORD-00826,CUST-1956,2026-05-28 06:00:00,Remera Sublimada,1,24395.39
ORD-00827,CUST-1465,2026-04-01 01:00:00,Gorra,3,66708.89
ORD-00828,CUST-599,2026-07-21 12:00:00,Remera Sublimada,5,45424.1
ORD-00829,CUST-1780,2026-07-01 04:00:00,Taza Cerámica,1,19395.56
ORD-00830,CUST-610,2026-05-05 05:00:00,Buzo Canguro,5,53910.13
ORD-00831,CUST-1450,2026-06-02 13:00:00,Remera Sublimada,1,18669.45
ORD-00832,CUST-316,2026-05-19 03:00:00,Remera Sublimada,1,18316.11
ORD-00833,CUST-1424,2026-05-04 22:00:00,Remera Sublimada,3,31345.84
ORD-00834,CUST-1255,2026-02-06 09:00:00,Gorra,4,38751.09
ORD-00835,CUST-1927,2026-06-26 14:00:00,Buzo Canguro,3,21236.27
ORD-00836,CUST-1193,2026-07-18 08:00:00,Buzo Canguro,1,6010.79
ORD-00837,CUST-1375,2026-02-06 15:00:00,Buzo Canguro,4,88676.08
ORD-00838,CUST-1538,2026-05-31 02:00:00,Buzo Canguro,4,23987.95
ORD-00839,CUST-1910,2026-05-17 10:00:00,Buzo Canguro,4,27099.29
ORD-00840,CUST-544,2026-03-15 16:00:00,Remera Sublimada,5,48885.2
ORD-00841,CUST-975,2026-05-07 03:00:00,Remera Sublimada,1,22753.17
ORD-00842,CUST-1305,,Remera Sublimada,2,23317.61
ORD-00843,CUST-266,2026-06-13 21:00:00,Taza Cerámica,3,26507.97
ORD-00844,CUST-190,2026-03-07 21:00:00,Remera Sublimada,5,96555.55
ORD-00845,CUST-813,2026-06-30 15:00:00,Buzo Canguro,3,34144.19
ORD-00846,CUST-1981,2026-02-11 12:00:00,Remera Sublimada,2,23334.67
ORD-00847,CUST-1654,2026-02-03 08:00:00,Remera Algodón,4,79118.13
ORD-00848,CUST-138,2026-04-01 11:00:00,Remera Sublimada,2,20066.11
ORD-00849,CUST-1249,2026-04-28 13:00:00,Remera Sublimada,3,68805.6
ORD-00850,CUST-1574,2026-02-18 16:00:00,Remera Algodón,2,32456.87
ORD-00851,CUST-272,2026-04-14 22:00:00,Buzo Canguro,1,15756.63
ORD-00852,CUST-752,2026-04-24 14:00:00,Remera Algodón,2,20590.09
ORD-00853,CUST-853,2026-04-10 14:00:00,Remera Sublimada,1,21701.89
ORD-00854,CUST-1343,2026-05-27 22:00:00,Remera Sublimada,2,32909.98
ORD-00855,CUST-1761,2026-03-02 01:00:00,Taza Cerámica,1,8110.33
ORD-00856,CUST-1181,2026-05-23 14:00:00,Gorra,1,9125.96
ORD-00857,CUST-1783,2026-02-25 09:00:00,Remera Sublimada,2,28730.24
ORD-00858,CUST-575,2026-03-30 22:00:00,Remera Algodón,5,102964.18
ORD-00859,CUST-555,2026-06-07 08:00:00,Buzo Canguro,4,95143.62
ORD-00860,CUST-928,2026-02-25 13:00:00,Gorra,4,73079.89
ORD-00861,CUST-994,2026-05-10 19:00:00,Remera Sublimada,4,60491.46
ORD-00862,CUST-1484,2026-03-20 01:00:00,Remera Sublimada,1,10014.64
ORD-00863,CUST-1124,2026-02-10 02:00:00,Remera Algodón,4,73829.44
ORD-00864,CUST-486,2026-02-11 20:00:00,Remera Algodón,1,24644.8
ORD-00865,CUST-447,15/05/2026,Buzo Canguro,5,72622.25
ORD-00866,CUST-289,2026-07-23 06:00:00,Remera Sublimada,2,16485.68
ORD-00867,CUST-604,,Remera Sublimada,2,14133.62
ORD-00868,CUST-1314,2026-04-17 09:00:00,Buzo Canguro,1,10385.12
ORD-00869,CUST-1631,2026-03-26 10:00:00,Remera Sublimada,1,16388.84
ORD-00870,CUST-1492,2026-02-16 16:00:00,Remera Sublimada,5,119680.53
ORD-00871,CUST-1532,2026-02-18 02:00:00,Remera Sublimada,4,43933.21
ORD-00872,CUST-923,2026-05-01 15:00:00,Taza Cerámica,5,55539.12
ORD-00873,CUST-1028,2026-02-06 11:00:00,Remera Sublimada,2,29247.19
ORD-00874,CUST-1033,2026-07-25 14:00:00,Buzo Canguro,2,46741.69
ORD-00875,CUST-1240,2026-03-20 09:00:00,Buzo Canguro,4,53524.4
ORD-00876,CUST-233,2026-04-17 12:00:00,Buzo Canguro,2,18929.18
ORD-00877,CUST-157,2026-06-12 06:00:00,Buzo Canguro,1,8262.62
ORD-00878,CUST-1679,2026-06-10 14:00:00,Remera Sublimada,2,28280.61
ORD-00879,CUST-784,2026-04-13 06:00:00,Taza Cerámica,3,63040.65
ORD-00880,CUST-771,2026-05-22 22:00:00,Gorra,4,43308.19
ORD-00881,CUST-272,2026-07-24 07:00:00,Taza Cerámica,4,61001.81
ORD-00882,CUST-1952,2026-06-04 11:00:00,Remera Algodón,4,68240.66
ORD-00883,CUST-914,2026-06-21 10:00:00,Taza Cerámica,3,42028.22
ORD-00884,CUST-1272,2026-02-17 16:00:00,Taza Cerámica,5,44169.02
ORD-00885,CUST-179,2026-05-31 03:00:00,Remera Sublimada,1,23434.91
ORD-00886,CUST-985,2026-02-08 04:00:00,Buzo Canguro,4,65235.94
ORD-00887,CUST-1336,2026-05-01 15:00:00,Buzo Canguro,2,39165.38
ORD-00888,CUST-302,2026-03-08 21:00:00,Remera Sublimada,1,17720.86
ORD-00889,CUST-863,2026-05-04 14:00:00,Buzo Canguro,2,49921.92
ORD-00890,CUST-1352,2026-04-17 04:00:00,Remera Sublimada,1,14126.2
ORD-00891,CUST-1799,2026-07-08 22:00:00,Taza Cerámica,1,13499.45
ORD-00892,CUST-1350,2026-06-24 13:00:00,Buzo Canguro,2,24405.59
ORD-00893,CUST-1782,15/05/2026,Buzo Canguro,2,24465.14
ORD-00894,CUST-1655,2026-07-30 04:00:00,Remera Algodón,1,10515.4
ORD-00895,CUST-1564,2026-03-01 02:00:00,Remera Sublimada,4,98450.41
ORD-00896,CUST-1525,2026-06-23 03:00:00,Remera Sublimada,2,44831.28
ORD-00897,CUST-146,2026-07-25 13:00:00,Remera Sublimada,3,34000.38
ORD-00898,CUST-1356,2026-07-30 18:00:00,Gorra,3,33313.74
ORD-00899,CUST-1428,2026-05-17 20:00:00,Buzo Canguro,1,7070.68
ORD-00900,CUST-1649,2026-04-05 04:00:00,Buzo Canguro,5,112703.09
ORD-00901,CUST-1266,2026-02-27 22:00:00,Remera Sublimada,1,12435.32
ORD-00902,CUST-1538,2026-03-01 19:00:00,Buzo Canguro,1,16452.31
ORD-00903,CUST-1636,2026-02-25 05:00:00,Remera Sublimada,4,92030.22
ORD-00904,CUST-1496,2026-04-04 03:00:00,Taza Cerámica,4,52648.05
ORD-00905,CUST-1689,2026-06-10 21:00:00,Gorra,5,105686.8
ORD-00906,CUST-1382,2026-02-16 17:00:00,Taza Cerámica,5,68028.56
ORD-00907,CUST-755,2026-05-11 12:00:00,Taza Cerámica,5,95094.09
ORD-00908,CUST-570,2026-02-19 22:00:00,Buzo Canguro,5,68118.44
ORD-00909,CUST-1070,2026-03-06 12:00:00,Taza Cerámica,5,64275.91
ORD-00910,CUST-1135,2026-07-21 21:00:00,Buzo Canguro,1,24814.18
ORD-00911,CUST-1453,2026-05-11 21:00:00,Taza Cerámica,1,17247.0
ORD-00912,CUST-835,2026-07-30 19:00:00,Remera Sublimada,3,37043.47
ORD-00913,CUST-883,2026-05-22 03:00:00,Remera Sublimada,3,30469.17
ORD-00914,CUST-1067,2026-04-14 06:00:00,Buzo Canguro,2,11590.65
ORD-00915,CUST-457,2026-06-27 05:00:00,Buzo Canguro,1,19131.33
ORD-00916,CUST-1071,2026-04-11 19:00:00,Remera Sublimada,5,62215.74
ORD-00917,CUST-1531,2026-04-20 19:00:00,Taza Cerámica,2,42850.17
ORD-00918,CUST-767,2026-02-09 03:00:00,Remera Sublimada,4,49109.48
ORD-00919,CUST-472,2026-03-22 17:00:00,Remera Sublimada,1,12466.58
ORD-00920,CUST-1131,2026-02-05 19:00:00,Taza Cerámica,3,61750.86
ORD-00921,CUST-1245,2026-04-28 10:00:00,Buzo Canguro,1,14789.33
ORD-00922,CUST-1471,2026-07-15 21:00:00,Taza Cerámica,1,22697.9
ORD-00923,CUST-775,2026-04-09 11:00:00,Buzo Canguro,1,16802.72
ORD-00924,CUST-189,2026-03-06 12:00:00,Remera Algodón,1,9812.9
ORD-00925,CUST-1771,2026-03-14 08:00:00,Buzo Canguro,4,65461.75
ORD-00926,CUST-797,2026-05-17 06:00:00,Remera Sublimada,3,15240.1
ORD-00927,CUST-1439,2026-04-09 18:00:00,Remera Sublimada,1,11247.95
ORD-00928,CUST-1301,2026-07-09 02:00:00,Remera Sublimada,4,36636.19
ORD-00929,CUST-639,2026-04-26 18:00:00,Remera Algodón,2,36167.51
ORD-00930,CUST-831,2026-05-06 20:00:00,Remera Sublimada,1,7720.77
ORD-00931,CUST-968,2026-03-04 01:00:00,Remera Sublimada,4,-43207.8
ORD-00932,CUST-140,2026-05-27 09:00:00,Remera Sublimada,5,58130.86
ORD-00933,CUST-839,2026-06-10 01:00:00,Gorra,2,10131.73
ORD-00934,CUST-1827,2026-04-01 16:00:00,Remera Sublimada,3,17805.99
ORD-00935,CUST-601,2026-05-07 15:00:00,Remera Algodón,1,11222.52
ORD-00936,CUST-1058,2026-02-16 13:00:00,Remera Sublimada,1,9447.13
ORD-00937,CUST-1268,2026-07-17 20:00:00,Remera Sublimada,4,29352.54
ORD-00938,CUST-1324,2026-07-09 10:00:00,Remera Sublimada,3,24249.7
ORD-00939,CUST-1028,2026-04-29 00:00:00,Gorra,5,108553.7
ORD-00940,CUST-1847,2026-06-19 22:00:00,Gorra,2,37332.78
ORD-00941,CUST-560,2026-04-26 03:00:00,Remera Sublimada,3,44047.05
ORD-00942,CUST-831,2026-04-12 14:00:00,Remera Sublimada,1,23177.5
ORD-00943,CUST-851,2026-03-22 11:00:00,Taza Cerámica,4,22364.22
ORD-00944,CUST-1024,2026-05-06 16:00:00,Remera Sublimada,5,59493.49
ORD-00945,CUST-1008,2026-05-03 00:00:00,Remera Sublimada,4,85870.7
ORD-00946,CUST-1681,2026-03-19 20:00:00,Remera Sublimada,2,35131.56
ORD-00947,CUST-1670,2026-05-17 06:00:00,Remera Sublimada,3,73901.25
ORD-00948,CUST-1376,2026-06-10 09:00:00,Remera Sublimada,4,95561.19
ORD-00949,CUST-489,2026-02-24 03:00:00,Remera Sublimada,4,33595.4
ORD-00950,CUST-1717,2026-05-19 18:00:00,Remera Sublimada,1,24439.74
ORD-00951,CUST-982,2026-07-04 10:00:00,Gorra,4,95642.78
ORD-00952,CUST-355,2026-03-12 17:00:00,Remera Sublimada,5,62361.09
ORD-00953,CUST-808,2026-07-21 10:00:00,Taza Cerámica,3,73972.82
ORD-00954,CUST-1938,2026-02-12 02:00:00,Remera Sublimada,2,11433.77
ORD-00955,CUST-549,2026-02-27 16:00:00,Taza Cerámica,4,72860.04
ORD-00956,CUST-109,2026-03-21 15:00:00,Remera Sublimada,5,51614.78
ORD-00957,CUST-923,2026-06-10 21:00:00,Taza Cerámica,2,15178.52
ORD-00958,CUST-897,2026-03-02 19:00:00,Remera Sublimada,5,82753.49
ORD-00959,CUST-1365,2026-07-16 09:00:00,Gorra,4,44508.02
ORD-00960,CUST-1374,2026-03-14 07:00:00,Remera Sublimada,4,73346.03
ORD-00961,CUST-976,2026-04-18 08:00:00,Remera Sublimada,3,47398.86
ORD-00962,CUST-1128,2026-05-29 09:00:00,Remera Algodón,1,12851.79
ORD-00963,CUST-1242,2026-03-19 04:00:00,Buzo Canguro,5,43182.22
ORD-00964,CUST-1115,2026-02-22 19:00:00,Remera Sublimada,1,17025.0
ORD-00965,CUST-1924,2026-05-18 08:00:00,Remera Algodón,1,21584.61
ORD-00966,CUST-473,2026-04-21 01:00:00,Remera Sublimada,2,34000.18
ORD-00967,CUST-1188,2026-07-10 01:00:00,Remera Sublimada,2,34420.9
ORD-00968,CUST-245,2026-02-12 07:00:00,Remera Algodón,5,76183.74
ORD-00969,CUST-323,2026-04-14 11:00:00,Remera Sublimada,1,12764.8
ORD-00970,CUST-1362,2026-05-01 08:00:00,Gorra,3,42447.48
ORD-00971,CUST-276,2026-02-10 01:00:00,Remera Sublimada,1,24790.84
ORD-00972,CUST-1902,2026-07-26 19:00:00,Taza Cerámica,2,39986.74
ORD-00973,CUST-952,2026-03-11 01:00:00,Buzo Canguro,1,13611.19
ORD-00974,CUST-1405,2026-04-06 18:00:00,Remera Algodón,4,56583.71
ORD-00975,CUST-162,2026-06-04 03:00:00,Buzo Canguro,4,59970.56
ORD-00976,CUST-1340,2026-07-02 21:00:00,Remera Sublimada,3,54558.85
ORD-00977,CUST-1977,2026-07-05 01:00:00,Buzo Canguro,5,71595.82
ORD-00978,CUST-926,2026-07-09 13:00:00,Remera Sublimada,1,18723.58
ORD-00979,CUST-894,2026-03-01 14:00:00,Taza Cerámica,4,46335.02
ORD-00980,CUST-788,2026-02-12 04:00:00,Gorra,5,66063.96
ORD-00981,CUST-1584,2026-07-06 19:00:00,Buzo Canguro,4,89124.25
ORD-00982,CUST-1733,2026-06-05 06:00:00,Taza Cerámica,5,57890.57
ORD-00983,CUST-204,2026-02-24 20:00:00,Remera Sublimada,5,121443.67
ORD-00984,CUST-1222,2026-06-18 13:00:00,Buzo Canguro,4,33800.4
ORD-00985,CUST-610,2026-04-19 04:00:00,Remera Sublimada,2,19667.19
ORD-00986,CUST-484,2026-06-26 13:00:00,Buzo Canguro,5,71367.98
ORD-00987,CUST-504,2026-07-12 11:00:00,Remera Sublimada,1,20948.17
ORD-00988,CUST-922,2026-06-30 05:00:00,Taza Cerámica,4,78526.04
ORD-00989,CUST-617,2026-03-08 12:00:00,Remera Sublimada,2,16978.64
ORD-00990,CUST-575,2026-07-14 21:00:00,Taza Cerámica,4,38934.8
ORD-00991,CUST-808,2026-06-07 15:00:00,Remera Sublimada,3,49515.78
ORD-00992,CUST-1986,2026-05-11 00:00:00,Gorra,1,10903.29
ORD-00993,CUST-1768,2026-07-23 03:00:00,Remera Sublimada,3,40339.52
ORD-00994,CUST-1993,2026-06-28 17:00:00,Buzo Canguro,5,73659.42
ORD-00995,CUST-870,2026-03-10 02:00:00,Remera Sublimada,5,84424.6
ORD-00996,CUST-1560,2026-07-01 12:00:00,Taza Cerámica,3,30063.08
ORD-00997,CUST-1146,2026-06-03 15:00:00,Remera Sublimada,3,24788.41
ORD-00998,CUST-1096,2026-06-29 07:00:00,Taza Cerámica,5,64856.34
ORD-00999,CUST-1688,2026-06-20 15:00:00,Remera Sublimada,2,13281.05
ORD-01000,CUST-776,2026-04-22 12:00:00,Taza Cerámica,1,15535.3
ORD-01001,CUST-813,2026-04-28 13:00:00,Remera Sublimada,4,87168.41
ORD-01002,CUST-1581,2026-04-02 06:00:00,Remera Sublimada,3,22138.54
ORD-01003,CUST-182,15/05/2026,Buzo Canguro,1,7254.61
ORD-01004,CUST-1268,2026-03-16 16:00:00,Remera Sublimada,4,26417.42
ORD-01005,CUST-1208,2026-07-19 21:00:00,Remera Sublimada,4,87828.9
ORD-01006,CUST-1201,2026-03-16 01:00:00,Remera Algodón,3,19842.29
ORD-01007,CUST-556,2026-02-05 12:00:00,Remera Algodón,2,49338.48
ORD-01008,CUST-100,2026-02-27 19:00:00,Taza Cerámica,2,24333.25
ORD-01009,CUST-150,2026-04-28 07:00:00,Remera Sublimada,1,11575.24
ORD-01010,CUST-784,15/05/2026,Remera Sublimada,1,6832.64
ORD-01011,CUST-816,,Buzo Canguro,5,83564.12
ORD-01012,CUST-1895,2026-05-08 20:00:00,Remera Sublimada,2,33435.29
ORD-01013,CUST-1569,2026-03-03 02:00:00,Remera Algodón,1,14876.12
ORD-01014,CUST-548,2026-02-17 18:00:00,Remera Sublimada,5,56102.01
ORD-01015,CUST-980,2026-05-21 21:00:00,Remera Algodón,4,49486.47
ORD-01016,CUST-587,2026-03-04 07:00:00,Buzo Canguro,1,11410.07
ORD-01017,CUST-1923,2026-06-21 19:00:00,Taza Cerámica,5,67614.64
ORD-01018,CUST-133,2026-03-07 04:00:00,Remera Sublimada,2,23671.52
ORD-01019,CUST-1471,2026-03-01 05:00:00,Gorra,4,74041.39
ORD-01020,CUST-194,2026-07-03 21:00:00,Remera Sublimada,1,10915.73
ORD-01021,CUST-1195,2026-07-23 04:00:00,Taza Cerámica,2,24033.53
ORD-01022,CUST-1674,2026-04-30 07:00:00,Gorra,4,54836.79
ORD-01023,CUST-253,2026-06-09 19:00:00,Remera Sublimada,3,15237.71
ORD-01024,CUST-349,2026-07-22 22:00:00,Buzo Canguro,2,29683.3
ORD-01025,CUST-773,2026-05-07 10:00:00,Buzo Canguro,3,30349.19
ORD-01026,CUST-537,2026-07-17 14:00:00,Remera Sublimada,1,6123.01
ORD-01027,CUST-217,2026-03-26 10:00:00,Buzo Canguro,5,116102.13
ORD-01028,CUST-870,2026-07-07 21:00:00,Remera Sublimada,1,11448.37
ORD-01029,CUST-1429,15/05/2026,Remera Sublimada,2,27043.41
ORD-01030,CUST-367,15/05/2026,Taza Cerámica,3,64640.59
ORD-01031,CUST-1177,2026-06-07 20:00:00,Buzo Canguro,3,25007.34
ORD-01032,CUST-335,2026-05-22 00:00:00,Remera Sublimada,4,88024.7
ORD-01033,CUST-488,2026-04-22 01:00:00,Gorra,1,9832.76
ORD-01034,CUST-1089,2026-07-07 19:00:00,Gorra,1,16780.76
ORD-01035,CUST-1857,2026-04-11 07:00:00,Buzo Canguro,2,37427.14
ORD-01036,CUST-862,2026-03-01 15:00:00,Buzo Canguro,3,69300.84
ORD-01037,CUST-1948,2026-07-29 00:00:00,Remera Sublimada,2,34305.52
ORD-01038,CUST-500,2026-06-11 02:00:00,Taza Cerámica,2,28129.27
ORD-01039,CUST-723,2026-05-19 11:00:00,Taza Cerámica,3,49336.16
ORD-01040,CUST-866,2026-05-20 19:00:00,Remera Sublimada,2,18083.3
ORD-01041,CUST-1426,2026-04-14 06:00:00,Taza Cerámica,3,56344.46
ORD-01042,CUST-1018,2026-02-04 18:00:00,Remera Sublimada,2,17475.23
ORD-01043,CUST-1330,2026-02-19 05:00:00,Remera Sublimada,5,80724.76
ORD-01044,CUST-1352,2026-07-23 10:00:00,Taza Cerámica,2,35904.15
ORD-01045,CUST-952,2026-06-21 12:00:00,Buzo Canguro,2,45943.33
ORD-01046,CUST-677,2026-04-27 19:00:00,Buzo Canguro,5,70018.98
ORD-01047,CUST-174,2026-05-22 20:00:00,Buzo Canguro,1,20506.66
ORD-01048,CUST-534,15/05/2026,Remera Algodón,3,25051.83
ORD-01049,CUST-202,2026-03-15 18:00:00,Buzo Canguro,4,32495.72
ORD-01050,CUST-1545,2026-03-14 15:00:00,Taza Cerámica,5,77479.8
ORD-01051,CUST-1827,,Remera Sublimada,1,16926.82
ORD-01052,CUST-863,2026-03-15 12:00:00,Remera Sublimada,2,35293.64
ORD-01053,CUST-837,2026-07-06 08:00:00,Remera Sublimada,1,19913.48
ORD-01054,CUST-905,2026-02-20 18:00:00,Buzo Canguro,5,54493.15
ORD-01055,CUST-1429,2026-03-11 18:00:00,Taza Cerámica,2,34904.31
ORD-01056,CUST-197,2026-02-12 14:00:00,Remera Sublimada,1,8762.78
ORD-01057,CUST-1973,2026-02-11 09:00:00,Remera Sublimada,4,37519.82
ORD-01058,CUST-897,2026-07-05 10:00:00,Remera Sublimada,3,19038.53
ORD-01059,CUST-1458,2026-03-10 01:00:00,Remera Sublimada,3,-59820.04
ORD-01060,CUST-958,2026-07-21 18:00:00,Remera Algodón,5,75699.3
ORD-01061,CUST-534,2026-06-14 13:00:00,Buzo Canguro,2,19527.43
ORD-01062,CUST-546,2026-05-27 05:00:00,Remera Sublimada,2,32249.51
ORD-01063,CUST-1431,2026-05-24 09:00:00,Taza Cerámica,3,36254.41
ORD-01064,CUST-348,2026-04-06 02:00:00,Taza Cerámica,1,21744.2
ORD-01065,CUST-265,2026-04-13 19:00:00,Taza Cerámica,2,31125.92
ORD-01066,CUST-1604,2026-05-29 14:00:00,Remera Sublimada,4,22384.86
ORD-01067,CUST-1083,2026-05-31 06:00:00,Buzo Canguro,4,98807.62
ORD-01068,CUST-1458,2026-02-11 06:00:00,Remera Sublimada,2,12971.94
ORD-01069,CUST-1119,2026-04-02 03:00:00,Gorra,2,37838.33
ORD-01070,CUST-641,2026-07-03 11:00:00,Taza Cerámica,3,41235.35
ORD-01071,CUST-858,2026-07-04 05:00:00,Buzo Canguro,5,49931.78
ORD-01072,CUST-1229,2026-05-21 11:00:00,Remera Sublimada,3,55587.49
ORD-01073,CUST-1686,2026-07-21 18:00:00,Remera Sublimada,5,37589.74
ORD-01074,CUST-180,2026-05-28 04:00:00,Remera Sublimada,4,88659.74
ORD-01075,CUST-232,2026-03-18 20:00:00,Remera Algodón,5,50061.2
ORD-01076,CUST-896,15/05/2026,Remera Sublimada,3,36687.22
ORD-01077,CUST-999,2026-06-01 12:00:00,Remera Sublimada,2,35305.75
ORD-01078,CUST-237,2026-04-30 21:00:00,Remera Algodón,5,25102.93
ORD-01079,CUST-283,2026-03-26 19:00:00,Buzo Canguro,3,43364.92
ORD-01080,CUST-1524,2026-05-29 03:00:00,Taza Cerámica,4,91539.91
ORD-01081,CUST-1453,2026-04-16 16:00:00,Remera Sublimada,5,93041.56
ORD-01082,CUST-884,2026-02-07 13:00:00,Buzo Canguro,4,51032.03
ORD-01083,CUST-1631,2026-06-02 10:00:00,Remera Sublimada,4,72833.95
ORD-01084,CUST-1975,2026-05-03 21:00:00,Taza Cerámica,1,23731.39
ORD-01085,CUST-1083,2026-07-23 22:00:00,Remera Sublimada,5,43780.53
ORD-01086,CUST-168,2026-02-28 10:00:00,Buzo Canguro,3,46908.48
ORD-01087,CUST-645,2026-05-22 21:00:00,Taza Cerámica,5,48473.76
ORD-01088,CUST-1897,15/05/2026,Buzo Canguro,5,110422.46
ORD-01089,CUST-152,2026-05-08 03:00:00,Buzo Canguro,4,77684.02
ORD-01090,CUST-1573,2026-02-14 13:00:00,Remera Sublimada,4,84086.07
ORD-01091,CUST-304,2026-03-07 16:00:00,Remera Sublimada,4,95440.95
ORD-01092,CUST-225,2026-07-08 19:00:00,Taza Cerámica,4,38584.7
ORD-01093,CUST-1870,2026-05-04 12:00:00,Taza Cerámica,3,17923.15
ORD-01094,CUST-142,2026-04-20 13:00:00,Remera Algodón,2,21636.15
ORD-01095,CUST-1875,2026-07-29 05:00:00,Taza Cerámica,1,12982.79
ORD-01096,CUST-210,2026-05-17 14:00:00,Buzo Canguro,4,70012.78
ORD-01097,CUST-860,2026-04-05 21:00:00,Gorra,4,83816.36
ORD-01098,CUST-1786,2026-07-16 22:00:00,Remera Sublimada,1,11996.07
ORD-01099,CUST-1306,2026-02-07 21:00:00,Buzo Canguro,4,57879.76
ORD-01100,CUST-947,2026-04-22 17:00:00,Remera Sublimada,2,41418.69
ORD-01101,CUST-194,2026-07-19 09:00:00,Remera Sublimada,5,47532.87
ORD-01102,CUST-1497,2026-06-18 06:00:00,Taza Cerámica,1,9342.64
ORD-01103,CUST-1643,2026-06-05 17:00:00,Buzo Canguro,3,50353.98
ORD-01104,CUST-999,2026-03-24 00:00:00,Buzo Canguro,1,13721.14
ORD-01105,CUST-459,2026-02-01 11:00:00,Buzo Canguro,2,47955.87
ORD-01106,CUST-999,2026-07-12 03:00:00,Buzo Canguro,3,36421.83
ORD-01107,CUST-1819,2026-06-25 03:00:00,Remera Sublimada,5,100955.56
ORD-01108,CUST-380,2026-07-21 21:00:00,Taza Cerámica,4,66647.42
ORD-01109,CUST-1318,2026-02-04 00:00:00,Buzo Canguro,1,6091.52
ORD-01110,CUST-1987,2026-04-12 17:00:00,Gorra,3,20063.13
ORD-01111,CUST-1318,2026-03-07 07:00:00,Remera Sublimada,1,9063.13
ORD-01112,CUST-766,2026-07-02 18:00:00,Remera Sublimada,5,39315.26
ORD-01113,CUST-192,2026-03-08 17:00:00,Buzo Canguro,1,11587.43
ORD-01114,CUST-771,2026-06-03 10:00:00,Gorra,3,49739.33
ORD-01115,CUST-160,2026-02-27 13:00:00,Buzo Canguro,2,34094.5
ORD-01116,CUST-733,2026-06-01 17:00:00,Taza Cerámica,3,50266.07
ORD-01117,CUST-1174,2026-07-06 15:00:00,Remera Algodón,1,7352.17
ORD-01118,CUST-1526,2026-05-10 14:00:00,Remera Algodón,5,85022.54
ORD-01119,CUST-1912,2026-03-03 03:00:00,Taza Cerámica,4,52779.75
ORD-01120,CUST-1128,2026-07-15 16:00:00,Taza Cerámica,4,92244.21
ORD-01121,CUST-1589,2026-03-11 15:00:00,Remera Sublimada,5,116198.42
ORD-01122,CUST-703,2026-07-24 15:00:00,Gorra,1,20363.48
ORD-01123,CUST-781,2026-03-11 08:00:00,Buzo Canguro,5,95310.72
ORD-01124,CUST-1952,2026-06-12 21:00:00,Remera Algodón,1,7299.05
ORD-01125,CUST-633,15/05/2026,Remera Sublimada,3,20081.65
ORD-01126,CUST-1528,2026-02-12 03:00:00,Buzo Canguro,2,43633.35
ORD-01127,CUST-937,2026-02-18 20:00:00,Buzo Canguro,1,13540.32
ORD-01128,CUST-1636,2026-02-01 22:00:00,Buzo Canguro,4,56108.98
ORD-01129,CUST-744,2026-05-01 12:00:00,Remera Sublimada,4,87823.45
ORD-01130,CUST-332,2026-06-14 05:00:00,Buzo Canguro,2,34857.24
ORD-01131,CUST-623,2026-03-16 07:00:00,Taza Cerámica,1,8588.14
ORD-01132,CUST-445,2026-07-02 21:00:00,Buzo Canguro,2,18440.53
ORD-01133,CUST-1169,2026-02-19 04:00:00,Remera Sublimada,3,15382.63
ORD-01134,CUST-645,2026-06-26 04:00:00,Taza Cerámica,2,38426.8
ORD-01135,CUST-1201,2026-03-02 09:00:00,Remera Sublimada,3,44136.7
ORD-01136,CUST-1853,2026-03-05 09:00:00,Remera Sublimada,4,95997.11
ORD-01137,CUST-1936,2026-02-12 21:00:00,Taza Cerámica,3,57840.77
ORD-01138,CUST-1196,2026-05-05 06:00:00,Gorra,1,7063.05
ORD-01139,CUST-893,15/05/2026,Buzo Canguro,1,8230.83
ORD-01140,CUST-348,2026-06-29 11:00:00,Buzo Canguro,1,15034.49
ORD-01141,CUST-146,2026-03-01 00:00:00,Remera Sublimada,1,23497.48
ORD-01142,CUST-1244,2026-05-28 14:00:00,Buzo Canguro,5,49725.11
ORD-01143,CUST-313,15/05/2026,Remera Sublimada,3,64534.81
ORD-01144,CUST-338,2026-05-28 11:00:00,Remera Algodón,1,11245.45
ORD-01145,CUST-1179,2026-02-18 02:00:00,Gorra,2,20795.89
ORD-01146,CUST-449,2026-06-15 10:00:00,Taza Cerámica,2,46055.71
ORD-01147,CUST-206,15/05/2026,Buzo Canguro,5,29724.16
ORD-01148,CUST-930,2026-07-11 11:00:00,Taza Cerámica,3,54644.46
ORD-01149,CUST-147,2026-05-06 10:00:00,Buzo Canguro,3,17590.05
ORD-01150,CUST-1696,2026-04-09 17:00:00,Remera Sublimada,3,63045.83
ORD-01151,CUST-436,2026-05-24 01:00:00,Remera Sublimada,5,107940.44
ORD-01152,CUST-1149,2026-05-04 21:00:00,Buzo Canguro,3,68601.39
ORD-01153,CUST-903,2026-07-22 05:00:00,Remera Algodón,3,26165.4
ORD-01154,CUST-1380,15/05/2026,Remera Sublimada,1,7489.96
ORD-01155,CUST-107,2026-04-26 22:00:00,Remera Sublimada,3,45212.1
ORD-01156,CUST-724,2026-06-24 13:00:00,Buzo Canguro,1,10432.65
ORD-01157,CUST-1990,2026-07-17 18:00:00,Gorra,1,17125.95
ORD-01158,CUST-1376,2026-05-30 16:00:00,Remera Sublimada,3,45824.84
ORD-01159,CUST-1815,2026-02-09 12:00:00,Remera Sublimada,2,15794.08
ORD-01160,CUST-818,2026-06-30 04:00:00,Buzo Canguro,4,79141.64
ORD-01161,CUST-402,2026-03-14 20:00:00,Buzo Canguro,2,42151.38
ORD-01162,CUST-738,2026-04-15 06:00:00,Remera Sublimada,3,72782.58
ORD-01163,CUST-155,2026-06-02 14:00:00,Remera Sublimada,3,38732.33
ORD-01164,CUST-825,2026-07-07 14:00:00,Buzo Canguro,2,23509.4
ORD-01165,CUST-625,2026-06-11 18:00:00,Buzo Canguro,3,26535.76
ORD-01166,CUST-573,2026-02-10 14:00:00,Remera Algodón,1,8617.3
ORD-01167,CUST-127,2026-03-07 05:00:00,Taza Cerámica,5,57105.33
ORD-01168,CUST-177,2026-06-20 14:00:00,Remera Sublimada,3,73909.0
ORD-01169,CUST-1339,2026-03-10 12:00:00,Buzo Canguro,3,20535.52
ORD-01170,CUST-1509,2026-05-04 18:00:00,Buzo Canguro,2,20374.65
ORD-01171,CUST-464,15/05/2026,Remera Sublimada,1,6719.57
ORD-01172,CUST-765,2026-02-08 22:00:00,Remera Algodón,2,20945.26
ORD-01173,CUST-625,2026-06-02 19:00:00,Gorra,2,13696.06
ORD-01174,CUST-798,2026-07-25 03:00:00,Remera Sublimada,3,45498.53
ORD-01175,CUST-1435,2026-07-29 20:00:00,Remera Sublimada,1,13767.11
ORD-01176,CUST-982,2026-03-17 07:00:00,Remera Sublimada,3,25443.02
ORD-01177,CUST-1130,2026-04-28 15:00:00,Remera Sublimada,3,25488.47
ORD-01178,CUST-1126,2026-04-18 02:00:00,Buzo Canguro,3,52566.54
ORD-01179,CUST-1746,2026-02-09 13:00:00,Buzo Canguro,3,38227.28
ORD-01180,CUST-1018,2026-04-18 20:00:00,Remera Algodón,5,30619.49
ORD-01181,CUST-849,2026-04-12 14:00:00,Remera Sublimada,4,93615.41
ORD-01182,CUST-462,2026-04-12 05:00:00,Buzo Canguro,1,13099.05
ORD-01183,CUST-1874,2026-07-19 21:00:00,Gorra,5,84104.76
ORD-01184,CUST-1631,2026-07-02 16:00:00,Buzo Canguro,4,90832.96
ORD-01185,CUST-1397,2026-07-22 00:00:00,Remera Sublimada,4,52172.72
ORD-01186,CUST-1629,2026-02-10 10:00:00,Remera Sublimada,4,85652.8
ORD-01187,CUST-905,2026-05-21 07:00:00,Remera Sublimada,5,116475.22
ORD-01188,CUST-838,2026-05-24 17:00:00,Remera Algodón,1,8481.35
ORD-01189,CUST-1138,2026-02-12 16:00:00,Remera Algodón,2,45699.7
ORD-01190,CUST-1315,2026-07-04 13:00:00,Remera Algodón,4,29586.6
ORD-01191,CUST-1754,2026-05-23 13:00:00,Gorra,2,21005.1
ORD-01192,CUST-584,2026-07-19 03:00:00,Remera Sublimada,2,42328.46
ORD-01193,CUST-127,2026-06-01 22:00:00,Remera Algodón,3,69041.07
ORD-01194,CUST-813,2026-07-21 05:00:00,Remera Algodón,2,37365.55
ORD-01195,CUST-1162,2026-07-21 17:00:00,Remera Sublimada,3,21289.55
ORD-01196,CUST-1396,2026-06-21 10:00:00,Remera Sublimada,1,15459.85
ORD-01197,CUST-1354,,Buzo Canguro,1,16452.68
ORD-01198,CUST-185,2026-03-31 18:00:00,Remera Sublimada,3,31911.58
ORD-01199,CUST-1597,2026-03-28 14:00:00,Remera Sublimada,1,24825.92
ORD-01200,CUST-225,2026-06-17 07:00:00,Remera Algodón,4,46850.24
ORD-01201,CUST-911,2026-04-09 13:00:00,Remera Algodón,1,9205.1
ORD-01202,CUST-636,2026-04-08 07:00:00,Remera Sublimada,3,21608.16
ORD-01203,CUST-244,2026-02-06 15:00:00,Buzo Canguro,4,50280.1
ORD-01204,CUST-1648,15/05/2026,Gorra,2,37704.75
ORD-01205,CUST-1335,2026-05-05 12:00:00,Taza Cerámica,2,19256.68
ORD-01206,CUST-124,2026-02-13 04:00:00,Remera Sublimada,2,40781.77
ORD-01207,CUST-1703,2026-02-25 19:00:00,Taza Cerámica,3,23124.08
ORD-01208,CUST-1517,2026-05-29 17:00:00,Gorra,2,27618.72
ORD-01209,CUST-166,2026-05-22 17:00:00,Remera Algodón,1,19047.47
ORD-01210,CUST-332,2026-04-07 09:00:00,Remera Sublimada,2,15412.38
ORD-01211,CUST-208,2026-03-17 17:00:00,Remera Sublimada,5,84784.22
ORD-01212,CUST-1269,2026-07-25 11:00:00,Remera Algodón,5,104895.25
ORD-01213,CUST-210,2026-05-25 14:00:00,Remera Sublimada,2,33821.96
ORD-01214,CUST-327,2026-06-27 02:00:00,Taza Cerámica,2,30458.56
ORD-01215,CUST-210,2026-03-25 13:00:00,Remera Sublimada,5,108829.96
ORD-01216,CUST-1593,2026-02-14 21:00:00,Remera Sublimada,2,49416.81
ORD-01217,CUST-133,2026-03-17 11:00:00,Buzo Canguro,4,34505.04
ORD-01218,CUST-722,2026-03-23 10:00:00,Remera Sublimada,5,94134.63
ORD-01219,CUST-1899,2026-05-30 21:00:00,Remera Algodón,3,19839.45
ORD-01220,CUST-1492,2026-07-01 21:00:00,Remera Sublimada,5,29284.1
ORD-01221,CUST-847,2026-02-19 17:00:00,Gorra,1,10616.38
ORD-01222,CUST-694,2026-04-17 22:00:00,Gorra,4,97673.58
ORD-01223,CUST-1677,2026-05-03 00:00:00,Remera Sublimada,3,48131.74
ORD-01224,CUST-524,2026-06-27 19:00:00,Taza Cerámica,2,20730.85
ORD-01225,CUST-712,2026-06-06 16:00:00,Remera Sublimada,1,7651.72
ORD-01226,CUST-1641,2026-03-09 02:00:00,Taza Cerámica,1,23403.67
ORD-01227,CUST-791,2026-05-09 02:00:00,Buzo Canguro,4,48989.33
ORD-01228,CUST-1405,2026-07-18 15:00:00,Remera Sublimada,3,33401.84
ORD-01229,CUST-1443,2026-03-10 12:00:00,Buzo Canguro,1,22159.27
ORD-01230,CUST-1861,2026-06-06 22:00:00,Taza Cerámica,3,51264.17
ORD-01231,CUST-1566,2026-03-26 21:00:00,Remera Algodón,3,25118.17
ORD-01232,CUST-414,2026-02-16 15:00:00,Remera Sublimada,1,13430.21
ORD-01233,CUST-976,2026-07-13 12:00:00,Buzo Canguro,3,70693.86
ORD-01234,CUST-1864,2026-03-18 07:00:00,Remera Sublimada,4,92096.29
ORD-01235,CUST-1500,2026-04-26 07:00:00,Gorra,1,6402.2
ORD-01236,CUST-1412,2026-04-26 08:00:00,Remera Sublimada,4,41489.06
ORD-01237,CUST-1560,2026-04-06 05:00:00,Taza Cerámica,4,32363.15
ORD-01238,CUST-761,2026-07-01 18:00:00,Remera Sublimada,3,47028.7
ORD-01239,CUST-376,2026-04-05 22:00:00,Buzo Canguro,3,59999.0
ORD-01240,CUST-1833,2026-07-21 10:00:00,Gorra,1,10910.86
ORD-01241,CUST-1705,2026-07-01 12:00:00,Taza Cerámica,2,40319.84
ORD-01242,CUST-1626,2026-06-26 22:00:00,Taza Cerámica,1,18374.31
ORD-01243,CUST-723,2026-06-29 06:00:00,Buzo Canguro,4,78257.78
ORD-01244,CUST-615,2026-07-01 12:00:00,Gorra,3,71894.62
ORD-01245,CUST-1473,2026-07-22 17:00:00,Buzo Canguro,4,53968.95
ORD-01246,CUST-942,2026-04-29 18:00:00,Remera Algodón,5,59256.8
ORD-01247,CUST-1569,2026-03-19 07:00:00,Buzo Canguro,5,93384.72
ORD-01248,CUST-1953,2026-07-29 09:00:00,Buzo Canguro,4,84604.57
ORD-01249,CUST-449,15/05/2026,Remera Sublimada,2,17657.81
ORD-01250,CUST-1730,2026-07-26 19:00:00,Buzo Canguro,2,43871.98
ORD-01251,CUST-1787,2026-05-02 05:00:00,Remera Sublimada,1,6157.05
ORD-01252,CUST-922,2026-05-02 08:00:00,Gorra,1,5127.88
ORD-01253,CUST-1260,2026-05-20 20:00:00,Taza Cerámica,1,8168.54
ORD-01254,CUST-858,2026-05-01 07:00:00,Remera Algodón,3,73720.03
ORD-01255,CUST-998,2026-05-23 12:00:00,Remera Sublimada,2,30942.62
ORD-01256,CUST-342,2026-04-18 16:00:00,Remera Sublimada,4,23725.39
ORD-01257,CUST-642,2026-04-28 19:00:00,Gorra,5,124717.57
ORD-01258,CUST-1163,2026-05-12 21:00:00,Remera Sublimada,2,39796.45
ORD-01259,CUST-328,2026-05-28 16:00:00,Buzo Canguro,2,43520.2
ORD-01260,CUST-647,2026-02-28 08:00:00,Gorra,2,18517.62
ORD-01261,CUST-1019,2026-02-25 17:00:00,Buzo Canguro,1,7108.99
ORD-01262,CUST-1346,2026-03-13 05:00:00,Remera Sublimada,3,45905.1
ORD-01263,CUST-105,2026-04-16 05:00:00,Gorra,4,81774.05
ORD-01264,CUST-1445,2026-06-14 12:00:00,Remera Sublimada,1,17755.61
ORD-01265,CUST-567,2026-04-16 13:00:00,Gorra,3,52863.56
ORD-01266,CUST-1855,2026-04-07 07:00:00,Remera Sublimada,2,40283.84
ORD-01267,CUST-174,2026-02-03 22:00:00,Taza Cerámica,3,28621.25
ORD-01268,CUST-103,2026-05-28 02:00:00,Remera Sublimada,1,18230.39
ORD-01269,CUST-1970,2026-07-02 18:00:00,Taza Cerámica,2,25684.43
ORD-01270,CUST-745,2026-06-26 16:00:00,Remera Sublimada,1,6395.07
ORD-01271,CUST-217,2026-05-27 12:00:00,Gorra,4,36171.41
ORD-01272,CUST-980,2026-03-07 00:00:00,Buzo Canguro,2,41760.15
ORD-01273,CUST-1729,2026-07-03 12:00:00,Remera Sublimada,3,68755.84
ORD-01274,CUST-603,2026-07-27 10:00:00,Taza Cerámica,1,10656.44
ORD-01275,CUST-1046,2026-04-30 15:00:00,Buzo Canguro,5,44036.09
ORD-01276,CUST-673,2026-06-27 22:00:00,Remera Sublimada,3,16603.47
ORD-01277,CUST-1564,2026-02-25 15:00:00,Remera Sublimada,3,71861.84
ORD-01278,CUST-293,2026-04-14 00:00:00,Buzo Canguro,2,37354.2
ORD-01279,CUST-946,2026-03-14 18:00:00,Remera Sublimada,3,72421.81
ORD-01280,CUST-814,2026-07-12 15:00:00,Remera Sublimada,1,22276.98
ORD-01281,CUST-1515,2026-05-15 22:00:00,Remera Sublimada,5,59046.66
ORD-01282,CUST-1149,2026-06-26 01:00:00,Buzo Canguro,4,29014.64
ORD-01283,CUST-1558,2026-04-30 12:00:00,Buzo Canguro,5,74905.68
ORD-01284,CUST-272,2026-06-14 20:00:00,Remera Sublimada,1,5536.28
ORD-01285,CUST-1423,,Remera Algodón,2,15996.67
ORD-01286,CUST-1768,2026-05-07 08:00:00,Gorra,1,9668.65
ORD-01287,CUST-425,2026-03-20 10:00:00,Remera Sublimada,3,54938.8
ORD-01288,CUST-1533,2026-03-11 09:00:00,Remera Sublimada,2,-30395.1
ORD-01289,CUST-1241,2026-02-10 19:00:00,Remera Algodón,4,44193.56
ORD-01290,CUST-935,2026-02-18 19:00:00,Buzo Canguro,4,65181.47
ORD-01291,CUST-1910,2026-06-05 08:00:00,Remera Sublimada,1,7504.05
ORD-01292,CUST-823,2026-02-15 03:00:00,Buzo Canguro,3,60342.49
ORD-01293,CUST-324,2026-07-18 08:00:00,Taza Cerámica,4,76962.81
ORD-01294,CUST-631,2026-05-20 08:00:00,Remera Sublimada,5,46650.27
ORD-01295,CUST-212,2026-07-04 03:00:00,Taza Cerámica,2,34255.66
ORD-01296,CUST-239,2026-02-16 14:00:00,Taza Cerámica,5,75330.26
ORD-01297,CUST-658,2026-05-10 19:00:00,Buzo Canguro,4,24865.3
ORD-01298,CUST-100,2026-04-10 22:00:00,Gorra,4,42252.31
ORD-01299,CUST-189,2026-02-05 19:00:00,Remera Sublimada,1,24989.65
ORD-01300,CUST-753,2026-04-20 17:00:00,Buzo Canguro,1,6990.71
ORD-01301,CUST-419,2026-05-22 01:00:00,Buzo Canguro,2,30256.45
ORD-01302,CUST-1673,2026-05-04 12:00:00,Buzo Canguro,1,21986.68
ORD-01303,CUST-1928,2026-02-04 09:00:00,Remera Sublimada,3,33039.11
ORD-01304,CUST-238,2026-05-20 09:00:00,Remera Sublimada,2,20428.35
ORD-01305,CUST-1634,2026-05-06 08:00:00,Remera Sublimada,3,68447.58
ORD-01306,CUST-1991,2026-02-08 02:00:00,Remera Sublimada,1,11096.6
ORD-01307,CUST-944,2026-05-21 08:00:00,Remera Sublimada,2,36059.73
ORD-01308,CUST-358,2026-05-28 10:00:00,Taza Cerámica,4,79225.04
ORD-01309,CUST-1796,2026-05-10 04:00:00,Remera Sublimada,5,103861.77
ORD-01310,CUST-1001,2026-03-14 12:00:00,Taza Cerámica,4,99580.77
ORD-01311,CUST-789,2026-07-14 12:00:00,Remera Sublimada,3,63191.52
ORD-01312,CUST-109,2026-02-12 04:00:00,Remera Sublimada,4,72560.97
ORD-01313,CUST-360,2026-04-15 08:00:00,Remera Sublimada,4,91637.08
ORD-01314,CUST-1773,2026-03-24 06:00:00,Remera Sublimada,5,115574.46
ORD-01315,CUST-271,2026-06-10 21:00:00,Buzo Canguro,5,122316.65
ORD-01316,CUST-997,2026-03-28 22:00:00,Remera Sublimada,4,82117.22
ORD-01317,CUST-112,2026-05-14 07:00:00,Remera Algodón,5,44492.73
ORD-01318,CUST-1291,2026-04-05 06:00:00,Remera Algodón,4,76784.49
ORD-01319,CUST-1765,2026-04-26 22:00:00,Buzo Canguro,2,13005.14
ORD-01320,CUST-1719,2026-07-07 13:00:00,Taza Cerámica,4,45437.03
ORD-01321,CUST-420,2026-07-29 04:00:00,Remera Sublimada,1,7316.15
ORD-01322,CUST-1442,2026-04-30 17:00:00,Buzo Canguro,5,119994.26
ORD-01323,CUST-1736,2026-02-20 11:00:00,Taza Cerámica,5,58875.41
ORD-01324,CUST-428,2026-06-10 12:00:00,Remera Sublimada,3,57792.94
ORD-01325,CUST-884,2026-06-02 06:00:00,Remera Sublimada,3,49279.11
ORD-01326,CUST-876,2026-05-17 22:00:00,Remera Sublimada,1,7150.23
ORD-01327,CUST-1010,2026-04-11 02:00:00,Buzo Canguro,5,81134.44
ORD-01328,CUST-1673,2026-05-10 17:00:00,Buzo Canguro,5,91102.35
ORD-01329,CUST-1542,2026-04-16 21:00:00,Remera Sublimada,3,67891.04
ORD-01330,CUST-1729,2026-04-25 04:00:00,Buzo Canguro,3,19205.14
ORD-01331,CUST-1218,2026-03-31 18:00:00,Buzo Canguro,4,43650.72
ORD-01332,CUST-1940,2026-06-06 14:00:00,Taza Cerámica,5,94234.09
ORD-01333,CUST-1704,15/05/2026,Remera Sublimada,5,28433.16
ORD-01334,CUST-417,2026-06-08 08:00:00,Taza Cerámica,4,36284.28
ORD-01335,CUST-335,2026-04-09 14:00:00,Taza Cerámica,5,46867.04
ORD-01336,CUST-433,2026-03-07 22:00:00,Taza Cerámica,1,18386.53
ORD-01337,CUST-475,2026-02-14 16:00:00,Taza Cerámica,3,32157.64
ORD-01338,CUST-1582,2026-05-13 03:00:00,Buzo Canguro,3,50975.74
ORD-01339,CUST-1260,,Remera Sublimada,3,72920.91
ORD-01340,CUST-687,2026-03-21 15:00:00,Buzo Canguro,2,41729.72
ORD-01341,CUST-1670,2026-05-22 21:00:00,Remera Algodón,1,11658.06
ORD-01342,CUST-612,15/05/2026,Buzo Canguro,1,14448.0
ORD-01343,CUST-1419,2026-04-21 19:00:00,Remera Sublimada,4,36053.91
ORD-01344,CUST-1443,2026-04-24 09:00:00,Remera Sublimada,2,10628.8
ORD-01345,CUST-1017,2026-02-17 12:00:00,Remera Algodón,5,53971.54
ORD-01346,CUST-1695,2026-02-07 09:00:00,Remera Sublimada,1,12388.17
ORD-01347,CUST-1955,2026-03-06 03:00:00,Remera Sublimada,2,32574.69
ORD-01348,CUST-1472,2026-07-03 05:00:00,Remera Sublimada,2,47762.67
ORD-01349,CUST-1963,2026-07-02 17:00:00,Remera Algodón,1,23957.04
ORD-01350,CUST-1902,2026-06-14 22:00:00,Remera Sublimada,4,25607.86
ORD-01351,CUST-972,2026-04-22 13:00:00,Buzo Canguro,2,34585.83
ORD-01352,CUST-1352,2026-07-02 10:00:00,Buzo Canguro,3,17541.16
ORD-01353,CUST-369,2026-02-26 18:00:00,Remera Sublimada,2,35923.24
ORD-01354,CUST-1951,2026-06-06 01:00:00,Gorra,5,36770.31
ORD-01355,CUST-897,2026-02-28 02:00:00,Buzo Canguro,1,23928.06
ORD-01356,CUST-1414,2026-04-16 05:00:00,Buzo Canguro,5,111433.87
ORD-01357,CUST-824,15/05/2026,Gorra,4,21786.31
ORD-01358,CUST-1288,2026-05-01 15:00:00,Remera Algodón,3,61927.9
ORD-01359,CUST-104,2026-02-21 21:00:00,Buzo Canguro,1,17717.94
ORD-01360,CUST-950,2026-05-14 07:00:00,Remera Sublimada,2,29814.77
ORD-01361,CUST-1502,2026-07-29 19:00:00,Gorra,3,51158.07
ORD-01362,CUST-177,2026-05-23 21:00:00,Buzo Canguro,2,37130.0
ORD-01363,CUST-1533,2026-03-31 06:00:00,Remera Algodón,4,90756.6
ORD-01364,CUST-673,2026-06-17 12:00:00,Remera Algodón,1,20347.15
ORD-01365,CUST-231,2026-06-09 07:00:00,Remera Sublimada,4,66030.23
ORD-01366,CUST-700,2026-03-28 21:00:00,Remera Algodón,4,85969.25
ORD-01367,CUST-1872,2026-03-07 02:00:00,Remera Sublimada,4,98953.84
ORD-01368,CUST-1165,2026-05-15 06:00:00,Buzo Canguro,4,44014.56
ORD-01369,CUST-188,2026-02-27 00:00:00,Remera Sublimada,2,14736.83
ORD-01370,CUST-501,2026-07-22 22:00:00,Gorra,5,98144.83
ORD-01371,CUST-395,2026-03-13 10:00:00,Buzo Canguro,2,49143.85
ORD-01372,CUST-1963,2026-03-14 20:00:00,Buzo Canguro,3,22002.36
ORD-01373,CUST-1418,2026-07-11 17:00:00,Remera Algodón,4,54536.58
ORD-01374,CUST-715,2026-04-04 03:00:00,Buzo Canguro,3,18736.06
ORD-01375,CUST-1649,2026-07-15 08:00:00,Buzo Canguro,2,41061.28
ORD-01376,CUST-899,2026-06-07 16:00:00,Gorra,4,95896.7
ORD-01377,CUST-1814,2026-07-26 04:00:00,Taza Cerámica,2,29959.77
ORD-01378,CUST-1760,2026-03-20 02:00:00,Remera Algodón,4,52761.69
ORD-01379,CUST-521,2026-05-27 14:00:00,Remera Algodón,2,46308.76
ORD-01380,CUST-1988,2026-05-10 19:00:00,Remera Sublimada,1,7667.77
ORD-01381,CUST-1146,2026-02-14 15:00:00,Buzo Canguro,5,114158.43
ORD-01382,CUST-674,2026-04-02 16:00:00,Remera Sublimada,5,64212.6
ORD-01383,CUST-242,2026-06-04 19:00:00,Taza Cerámica,4,64752.51
ORD-01384,CUST-1092,2026-07-01 17:00:00,Remera Sublimada,1,15565.84
ORD-01385,CUST-764,2026-03-22 21:00:00,Taza Cerámica,3,51958.75
ORD-01386,CUST-244,2026-04-20 14:00:00,Remera Sublimada,1,23842.47
ORD-01387,CUST-1348,2026-04-11 14:00:00,Remera Sublimada,4,96090.16
ORD-01388,CUST-1106,2026-03-22 03:00:00,Remera Sublimada,1,21622.97
ORD-01389,CUST-602,2026-02-08 14:00:00,Remera Sublimada,3,26492.64
ORD-01390,CUST-920,2026-06-11 14:00:00,Buzo Canguro,4,46681.31
ORD-01391,CUST-1739,2026-05-16 01:00:00,Remera Sublimada,5,73782.49
ORD-01392,CUST-203,2026-05-07 19:00:00,Remera Sublimada,1,23109.22
ORD-01393,CUST-1162,2026-02-13 00:00:00,Remera Sublimada,5,77086.48
ORD-01394,CUST-297,2026-03-06 14:00:00,Taza Cerámica,5,122743.57
ORD-01395,CUST-1769,2026-04-19 01:00:00,Gorra,2,49353.65
ORD-01396,CUST-678,2026-04-23 21:00:00,Remera Sublimada,3,50915.06
ORD-01397,CUST-490,2026-07-09 05:00:00,Taza Cerámica,1,22549.91
ORD-01398,CUST-1302,2026-02-14 07:00:00,Buzo Canguro,5,124922.27
ORD-01399,CUST-653,2026-05-02 21:00:00,Remera Sublimada,5,109971.65
ORD-01400,CUST-1571,2026-06-10 16:00:00,Buzo Canguro,3,54414.66
ORD-01401,CUST-1623,2026-05-12 13:00:00,Remera Sublimada,5,109513.35
ORD-01402,CUST-1138,2026-04-30 19:00:00,Taza Cerámica,5,33265.51
ORD-01403,CUST-1746,2026-04-26 20:00:00,Remera Sublimada,5,88482.13
ORD-01404,CUST-1792,2026-02-22 02:00:00,Remera Algodón,5,46652.2
ORD-01405,CUST-1412,2026-02-16 17:00:00,Remera Sublimada,2,14642.55
ORD-01406,CUST-577,15/05/2026,Buzo Canguro,2,45714.85
ORD-01407,CUST-1354,2026-07-21 16:00:00,Remera Algodón,4,71171.6
ORD-01408,CUST-1022,2026-04-21 22:00:00,Remera Sublimada,1,9870.93
ORD-01409,CUST-519,2026-06-10 03:00:00,Buzo Canguro,3,38206.94
ORD-01410,CUST-256,2026-04-26 06:00:00,Remera Sublimada,4,97862.12
ORD-01411,CUST-649,2026-05-05 05:00:00,Buzo Canguro,2,44487.28
ORD-01412,CUST-1564,2026-04-22 06:00:00,Remera Sublimada,2,10623.27
ORD-01413,CUST-1220,2026-04-10 04:00:00,Remera Sublimada,2,49192.04
ORD-01414,CUST-1120,2026-06-28 15:00:00,Buzo Canguro,4,49482.36
ORD-01415,CUST-1096,2026-03-23 08:00:00,Buzo Canguro,2,37816.73
ORD-01416,CUST-1534,2026-07-15 07:00:00,Buzo Canguro,4,77014.13
ORD-01417,CUST-1050,2026-07-20 01:00:00,Remera Sublimada,2,46467.38
ORD-01418,CUST-388,,Remera Sublimada,5,113506.09
ORD-01419,CUST-1377,2026-05-11 21:00:00,Buzo Canguro,5,53172.96
ORD-01420,CUST-295,2026-04-05 21:00:00,Buzo Canguro,1,17870.71
ORD-01421,CUST-697,2026-02-22 01:00:00,Remera Sublimada,2,25748.22
ORD-01422,CUST-1957,2026-07-07 05:00:00,Remera Sublimada,1,15510.87
ORD-01423,CUST-1645,2026-05-21 00:00:00,Remera Sublimada,4,64374.28
ORD-01424,CUST-616,2026-02-18 06:00:00,Remera Sublimada,1,12926.87
ORD-01425,CUST-1758,2026-06-07 00:00:00,Remera Sublimada,2,28555.76
ORD-01426,CUST-1965,2026-02-01 03:00:00,Remera Sublimada,4,36667.38
ORD-01427,CUST-964,2026-02-04 17:00:00,Buzo Canguro,4,68611.71
ORD-01428,CUST-1241,2026-02-27 10:00:00,Buzo Canguro,5,100895.98
ORD-01429,CUST-905,2026-03-31 00:00:00,Remera Sublimada,4,54379.3
ORD-01430,CUST-1282,2026-02-28 09:00:00,Remera Sublimada,4,98214.41
ORD-01431,CUST-914,2026-05-16 22:00:00,Remera Sublimada,1,6144.53
ORD-01432,CUST-327,2026-04-11 15:00:00,Buzo Canguro,4,67132.85
ORD-01433,CUST-315,2026-03-06 22:00:00,Remera Algodón,3,50016.05
ORD-01434,CUST-1047,2026-05-25 09:00:00,Taza Cerámica,5,28629.63
ORD-01435,CUST-1819,2026-03-28 16:00:00,Taza Cerámica,5,47457.02
ORD-01436,CUST-114,2026-02-13 17:00:00,Gorra,4,92443.41
ORD-01437,CUST-1280,15/05/2026,Remera Sublimada,1,15890.28
ORD-01438,CUST-1771,2026-07-21 06:00:00,Remera Sublimada,5,68638.59
ORD-01439,CUST-1384,2026-07-20 16:00:00,Buzo Canguro,5,66549.64
ORD-01440,CUST-1280,2026-04-20 17:00:00,Remera Sublimada,3,68289.65
ORD-01441,CUST-146,2026-07-01 21:00:00,Buzo Canguro,4,49362.49
ORD-01442,CUST-423,2026-03-02 01:00:00,Taza Cerámica,5,110916.69
ORD-01443,CUST-943,2026-03-30 03:00:00,Taza Cerámica,5,55919.26
ORD-01444,CUST-1808,2026-04-08 06:00:00,Remera Sublimada,5,78150.4
ORD-01445,CUST-229,2026-06-26 09:00:00,Buzo Canguro,5,39381.98
ORD-01446,CUST-1534,2026-02-07 07:00:00,Buzo Canguro,1,21500.61
ORD-01447,CUST-194,2026-04-11 21:00:00,Gorra,2,39438.99
ORD-01448,CUST-726,2026-04-09 13:00:00,Taza Cerámica,3,46805.58
ORD-01449,CUST-854,2026-03-21 19:00:00,Remera Algodón,1,5518.03
ORD-01450,CUST-1415,2026-05-25 10:00:00,Remera Sublimada,3,43875.44
ORD-01451,CUST-893,2026-03-01 20:00:00,Buzo Canguro,5,47519.65
ORD-01452,CUST-1934,2026-04-19 08:00:00,Remera Sublimada,3,39802.46
ORD-01453,CUST-1406,2026-07-25 11:00:00,Remera Sublimada,4,88514.12
ORD-01454,CUST-168,2026-03-14 18:00:00,Remera Algodón,4,81568.26
ORD-01455,CUST-1783,2026-07-29 05:00:00,Remera Algodón,2,19678.12
ORD-01456,CUST-110,2026-06-08 19:00:00,Remera Sublimada,2,49398.14
ORD-01457,CUST-1377,2026-07-05 05:00:00,Remera Sublimada,3,69192.63
ORD-01458,CUST-1965,2026-04-13 00:00:00,Remera Sublimada,1,15573.47
ORD-01459,CUST-971,2026-05-24 14:00:00,Gorra,1,15603.01
ORD-01460,CUST-649,2026-04-24 21:00:00,Remera Sublimada,5,115126.6
ORD-01461,CUST-1257,2026-04-04 22:00:00,Remera Sublimada,1,17722.9
ORD-01462,CUST-811,2026-04-01 02:00:00,Remera Sublimada,2,31467.54
ORD-01463,CUST-122,2026-04-03 21:00:00,Buzo Canguro,1,19982.97
ORD-01464,CUST-914,2026-06-06 18:00:00,Remera Algodón,5,48509.71
ORD-01465,CUST-445,2026-07-19 09:00:00,Remera Sublimada,4,90270.19
ORD-01466,CUST-401,15/05/2026,Buzo Canguro,1,15628.3
ORD-01467,CUST-462,2026-03-03 15:00:00,Remera Sublimada,1,17069.99
ORD-01468,CUST-495,2026-06-26 22:00:00,Buzo Canguro,2,13597.75
ORD-01469,CUST-317,2026-06-02 16:00:00,Taza Cerámica,3,33570.54
ORD-01470,CUST-240,2026-03-10 13:00:00,Remera Sublimada,4,54138.83
ORD-01471,CUST-1739,2026-05-21 21:00:00,Remera Sublimada,3,39834.57
ORD-01472,CUST-1057,2026-03-28 22:00:00,Gorra,5,102828.44
ORD-01473,CUST-1333,2026-06-27 11:00:00,Remera Sublimada,5,53232.24
ORD-01474,CUST-1084,2026-03-07 17:00:00,Buzo Canguro,3,25926.56
ORD-01475,CUST-1092,2026-06-05 00:00:00,Remera Sublimada,2,33304.69
ORD-01476,CUST-1746,2026-03-24 20:00:00,Remera Sublimada,2,34600.59
ORD-01477,CUST-1739,2026-07-15 00:00:00,Taza Cerámica,2,14863.33
ORD-01478,CUST-927,2026-07-29 00:00:00,Gorra,4,20197.48
ORD-01479,CUST-782,2026-02-21 20:00:00,Buzo Canguro,5,116764.91
ORD-01480,CUST-1583,2026-02-16 11:00:00,Remera Sublimada,5,32963.7
ORD-01481,CUST-1103,2026-06-03 21:00:00,Buzo Canguro,5,114786.69
ORD-01482,CUST-455,2026-07-18 15:00:00,Buzo Canguro,4,51937.19
ORD-01483,CUST-1107,2026-04-06 03:00:00,Buzo Canguro,5,90305.59
ORD-01484,CUST-1447,2026-04-15 10:00:00,Taza Cerámica,3,26136.88
ORD-01485,CUST-1256,2026-02-17 22:00:00,Remera Sublimada,1,21478.34
ORD-01486,CUST-987,2026-06-15 11:00:00,Buzo Canguro,4,34415.47
ORD-01487,CUST-1928,2026-04-12 11:00:00,Buzo Canguro,1,12730.18
ORD-01488,CUST-1963,2026-04-20 01:00:00,Remera Sublimada,3,29281.55
ORD-01489,CUST-226,2026-03-18 12:00:00,Taza Cerámica,2,43500.24
ORD-01490,CUST-1229,2026-04-19 15:00:00,Remera Sublimada,2,44333.43
ORD-01491,CUST-1108,2026-04-12 18:00:00,Remera Sublimada,2,24881.16
ORD-01492,CUST-703,2026-02-02 09:00:00,Remera Algodón,4,44590.28
ORD-01493,CUST-1922,2026-07-28 16:00:00,Remera Sublimada,2,40942.62
ORD-01494,CUST-1501,2026-06-20 05:00:00,Remera Sublimada,4,90280.96
ORD-01495,CUST-1113,2026-06-30 08:00:00,Buzo Canguro,4,69921.6
ORD-01496,CUST-150,2026-04-25 00:00:00,Remera Algodón,1,23548.07
ORD-01497,CUST-1152,2026-03-30 05:00:00,Remera Algodón,2,25321.75
ORD-01498,CUST-1585,2026-06-26 05:00:00,Buzo Canguro,5,40188.64
ORD-01499,CUST-1419,2026-03-17 00:00:00,Remera Sublimada,2,17185.72
ORD-01500,CUST-1420,2026-02-23 22:00:00,Remera Algodón,2,36793.28
ORD-01501,CUST-1849,2026-07-04 12:00:00,Buzo Canguro,2,26301.06
ORD-01502,CUST-878,2026-06-15 14:00:00,Remera Sublimada,5,40631.46
ORD-01503,CUST-1530,2026-03-16 00:00:00,Gorra,5,54222.69
ORD-01504,CUST-1892,2026-03-08 12:00:00,Remera Sublimada,4,62448.41
ORD-01505,CUST-913,2026-03-27 04:00:00,Remera Sublimada,5,37144.53
ORD-01506,CUST-1736,2026-04-02 01:00:00,Gorra,4,20275.4
ORD-01507,CUST-1528,2026-03-27 00:00:00,Buzo Canguro,1,23345.96
ORD-01508,CUST-1469,2026-04-21 22:00:00,Remera Sublimada,4,44388.9
ORD-01509,CUST-1745,2026-03-10 22:00:00,Remera Sublimada,2,18859.93
ORD-01510,CUST-519,2026-04-19 02:00:00,Buzo Canguro,3,56908.85
ORD-01511,CUST-1305,2026-04-20 02:00:00,Remera Sublimada,3,66204.16
ORD-01512,CUST-1082,2026-04-28 01:00:00,Remera Sublimada,2,35291.15
ORD-01513,CUST-924,2026-05-08 08:00:00,Buzo Canguro,4,40358.62
ORD-01514,CUST-1124,2026-07-19 22:00:00,Gorra,2,44465.46
ORD-01515,CUST-1954,2026-04-12 02:00:00,Buzo Canguro,5,76042.72
ORD-01516,CUST-666,2026-03-30 17:00:00,Taza Cerámica,4,50495.26
ORD-01517,CUST-470,2026-03-15 06:00:00,Taza Cerámica,2,34189.04
ORD-01518,CUST-1035,2026-05-16 00:00:00,Taza Cerámica,5,95061.22
ORD-01519,CUST-760,2026-04-02 13:00:00,Remera Sublimada,5,84382.99
ORD-01520,CUST-1554,2026-07-30 05:00:00,Gorra,4,93619.64
ORD-01521,CUST-1068,2026-05-14 09:00:00,Buzo Canguro,1,17560.36
ORD-01522,CUST-1432,2026-04-12 01:00:00,Remera Sublimada,1,22571.61
ORD-01523,CUST-1260,2026-07-08 03:00:00,Remera Sublimada,5,83695.84
ORD-01524,CUST-301,2026-06-29 16:00:00,Taza Cerámica,1,11593.59
ORD-01525,CUST-1559,2026-05-08 09:00:00,Remera Sublimada,5,78229.68
ORD-01526,CUST-412,2026-05-26 14:00:00,Remera Sublimada,1,6726.73
ORD-01527,CUST-216,2026-07-20 18:00:00,Taza Cerámica,5,48017.46
ORD-01528,CUST-1789,15/05/2026,Gorra,5,101623.17
ORD-01529,CUST-1036,15/05/2026,Buzo Canguro,5,91147.56
ORD-01530,CUST-1926,2026-04-03 16:00:00,Remera Sublimada,5,41651.87
ORD-01531,CUST-674,2026-04-05 13:00:00,Remera Sublimada,3,41280.91
ORD-01532,CUST-343,2026-06-10 03:00:00,Buzo Canguro,1,7839.84
ORD-01533,CUST-636,2026-05-25 06:00:00,Remera Sublimada,5,110581.79
ORD-01534,CUST-1725,2026-02-13 14:00:00,Buzo Canguro,2,14366.79
ORD-01535,CUST-174,2026-04-30 22:00:00,Remera Sublimada,4,72338.8
ORD-01536,CUST-1929,2026-02-22 00:00:00,Remera Algodón,2,34280.0
ORD-01537,CUST-485,2026-04-15 04:00:00,Buzo Canguro,2,28911.07
ORD-01538,CUST-1333,2026-07-26 10:00:00,Remera Sublimada,3,31694.08
ORD-01539,CUST-574,2026-05-28 05:00:00,Gorra,1,13079.13
ORD-01540,CUST-517,2026-03-13 12:00:00,Remera Sublimada,3,63383.48
ORD-01541,CUST-446,15/05/2026,Remera Sublimada,1,20231.02
ORD-01542,CUST-1652,2026-05-21 00:00:00,Gorra,5,98880.91
ORD-01543,CUST-739,2026-06-25 04:00:00,Remera Sublimada,3,59989.42
ORD-01544,CUST-1038,2026-03-29 01:00:00,Buzo Canguro,4,31510.91
ORD-01545,CUST-1054,2026-05-07 08:00:00,Remera Sublimada,1,6981.93
ORD-01546,CUST-975,2026-04-09 16:00:00,Remera Sublimada,3,66689.92
ORD-01547,CUST-862,2026-02-17 20:00:00,Remera Sublimada,4,86973.97
ORD-01548,CUST-1302,2026-03-22 15:00:00,Taza Cerámica,2,37252.73
ORD-01549,CUST-1305,2026-05-05 07:00:00,Buzo Canguro,5,85590.57
ORD-01550,CUST-763,2026-04-26 20:00:00,Remera Sublimada,5,61687.17
ORD-01551,CUST-124,2026-06-26 22:00:00,Remera Sublimada,2,18963.3
ORD-01552,CUST-1303,2026-07-07 09:00:00,Remera Algodón,3,55059.39
ORD-01553,CUST-809,2026-05-20 16:00:00,Remera Algodón,2,46521.39
ORD-01554,CUST-1624,2026-02-18 09:00:00,Buzo Canguro,4,54959.73
ORD-01555,CUST-1979,2026-05-12 12:00:00,Gorra,1,11064.25
ORD-01556,CUST-1284,15/05/2026,Taza Cerámica,3,31244.51
ORD-01557,CUST-276,2026-04-14 13:00:00,Remera Sublimada,1,5474.1
ORD-01558,CUST-384,2026-07-27 03:00:00,Remera Sublimada,2,30812.67
ORD-01559,CUST-162,2026-04-23 19:00:00,Remera Sublimada,5,123823.6
ORD-01560,CUST-1102,2026-05-31 14:00:00,Gorra,1,21304.75
ORD-01561,CUST-761,2026-05-18 11:00:00,Taza Cerámica,1,22949.49
ORD-01562,CUST-765,2026-02-09 12:00:00,Taza Cerámica,5,87116.41
ORD-01563,CUST-255,2026-04-20 14:00:00,Remera Sublimada,1,14628.93
ORD-01564,CUST-1592,2026-02-19 19:00:00,Buzo Canguro,1,24809.14
ORD-01565,CUST-1172,2026-02-26 13:00:00,Taza Cerámica,5,69716.21
ORD-01566,CUST-1066,15/05/2026,Gorra,5,116683.06
ORD-01567,CUST-948,2026-04-23 20:00:00,Remera Sublimada,2,40473.79
ORD-01568,CUST-1207,2026-06-11 01:00:00,Taza Cerámica,2,23239.14
ORD-01569,CUST-1484,2026-03-14 18:00:00,Remera Sublimada,1,15061.24
ORD-01570,CUST-788,2026-02-17 11:00:00,Taza Cerámica,3,38059.75
ORD-01571,CUST-247,2026-07-11 11:00:00,Buzo Canguro,2,15448.93
ORD-01572,CUST-1753,2026-07-27 02:00:00,Remera Sublimada,2,24270.66
ORD-01573,CUST-441,2026-05-18 16:00:00,Taza Cerámica,3,68338.37
ORD-01574,CUST-575,2026-03-27 02:00:00,Remera Sublimada,3,60158.14
ORD-01575,CUST-1186,2026-03-24 03:00:00,Gorra,5,52758.11
ORD-01576,CUST-1824,2026-05-28 21:00:00,Remera Sublimada,2,24716.53
ORD-01577,CUST-1483,2026-02-07 13:00:00,Taza Cerámica,4,69314.71
ORD-01578,CUST-660,2026-03-18 03:00:00,Remera Algodón,4,53291.19
ORD-01579,CUST-426,2026-06-24 21:00:00,Remera Sublimada,1,15060.88
ORD-01580,CUST-1892,2026-04-03 00:00:00,Buzo Canguro,2,37926.74
ORD-01581,CUST-1859,2026-03-21 09:00:00,Buzo Canguro,4,57380.07
ORD-01582,CUST-1264,2026-05-29 15:00:00,Remera Sublimada,2,17638.79
ORD-01583,CUST-1089,2026-06-24 07:00:00,Buzo Canguro,2,30822.96
ORD-01584,CUST-314,2026-07-07 06:00:00,Taza Cerámica,4,48489.46
ORD-01585,CUST-534,2026-05-03 05:00:00,Remera Algodón,2,21629.37
ORD-01586,CUST-1051,,Gorra,3,34686.51
ORD-01587,CUST-822,2026-04-21 06:00:00,Buzo Canguro,1,13780.04
ORD-01588,CUST-1441,2026-04-19 10:00:00,Taza Cerámica,5,113661.31
ORD-01589,CUST-131,2026-07-04 13:00:00,Gorra,4,78724.57
ORD-01590,CUST-769,2026-07-11 12:00:00,Buzo Canguro,5,91788.19
ORD-01591,CUST-384,2026-04-04 02:00:00,Remera Sublimada,1,14425.2
ORD-01592,CUST-1428,2026-07-30 03:00:00,Buzo Canguro,3,15109.8
ORD-01593,CUST-528,2026-07-04 10:00:00,Gorra,3,35433.04
ORD-01594,CUST-1600,2026-02-02 13:00:00,Buzo Canguro,3,63791.52
ORD-01595,CUST-385,2026-05-19 16:00:00,Taza Cerámica,3,38290.25
ORD-01596,CUST-1267,2026-06-20 11:00:00,Remera Sublimada,4,65105.53
ORD-01597,CUST-1547,2026-07-11 12:00:00,Remera Algodón,4,36379.19
ORD-01598,CUST-1142,2026-04-19 01:00:00,Buzo Canguro,2,46634.31
ORD-01599,CUST-117,2026-02-26 20:00:00,Taza Cerámica,2,46926.82
ORD-01600,CUST-868,2026-07-06 15:00:00,Remera Sublimada,1,7921.41
ORD-01601,CUST-689,2026-07-18 01:00:00,Remera Sublimada,2,38966.36
ORD-01602,CUST-1494,2026-04-28 14:00:00,Taza Cerámica,1,6504.77
ORD-01603,CUST-1298,2026-02-23 16:00:00,Remera Algodón,1,16970.95
ORD-01604,CUST-1109,2026-03-20 01:00:00,Remera Sublimada,1,8573.07
ORD-01605,CUST-293,15/05/2026,Remera Sublimada,3,23742.32
ORD-01606,CUST-601,2026-03-18 02:00:00,Remera Sublimada,5,25411.98
ORD-01607,CUST-1087,2026-02-12 07:00:00,Remera Sublimada,5,119085.71
ORD-01608,CUST-1236,2026-04-07 03:00:00,Remera Sublimada,4,86340.2
ORD-01609,CUST-213,2026-04-19 15:00:00,Taza Cerámica,1,6549.51
ORD-01610,CUST-1345,2026-04-24 01:00:00,Remera Algodón,3,50962.54
ORD-01611,CUST-1801,2026-03-16 13:00:00,Remera Sublimada,2,19315.93
ORD-01612,CUST-1046,2026-06-14 12:00:00,Buzo Canguro,2,20560.64
ORD-01613,CUST-930,2026-05-11 21:00:00,Remera Sublimada,4,89933.63
ORD-01614,CUST-1767,2026-02-18 11:00:00,Remera Sublimada,4,29146.06
ORD-01615,CUST-1387,2026-07-30 21:00:00,Remera Sublimada,1,17029.8
ORD-01616,CUST-1024,2026-05-28 18:00:00,Buzo Canguro,1,13025.11
ORD-01617,CUST-154,2026-04-12 15:00:00,Remera Sublimada,2,17632.02
ORD-01618,CUST-1994,2026-02-19 05:00:00,Buzo Canguro,2,28076.72
ORD-01619,CUST-1766,2026-04-25 20:00:00,Remera Sublimada,2,47619.57
ORD-01620,CUST-899,2026-05-18 04:00:00,Remera Sublimada,2,41264.4
ORD-01621,CUST-877,2026-03-20 06:00:00,Remera Sublimada,5,38211.14
ORD-01622,CUST-1581,2026-04-10 10:00:00,Gorra,1,21988.59
ORD-01623,CUST-261,2026-06-23 02:00:00,Taza Cerámica,1,23748.81
ORD-01624,CUST-1503,2026-06-02 04:00:00,Gorra,2,21078.57
ORD-01625,CUST-186,2026-02-23 20:00:00,Remera Sublimada,3,35005.18
ORD-01626,CUST-154,2026-03-09 08:00:00,Remera Sublimada,2,15052.4
ORD-01627,CUST-1599,2026-02-15 02:00:00,Remera Sublimada,4,47595.21
ORD-01628,CUST-1923,2026-05-04 05:00:00,Remera Sublimada,3,55388.45
ORD-01629,CUST-1301,2026-02-17 20:00:00,Taza Cerámica,4,41772.4
ORD-01630,CUST-1514,2026-04-13 20:00:00,Remera Sublimada,3,15409.5
ORD-01631,CUST-1472,2026-06-01 10:00:00,Remera Sublimada,4,47083.57
ORD-01632,CUST-1131,2026-07-16 07:00:00,Buzo Canguro,2,28126.96
ORD-01633,CUST-932,2026-05-17 02:00:00,Buzo Canguro,2,32654.24
ORD-01634,CUST-412,2026-05-30 13:00:00,Remera Algodón,3,56029.51
ORD-01635,CUST-858,2026-02-14 09:00:00,Remera Sublimada,4,24942.75
ORD-01636,CUST-1958,,Buzo Canguro,5,71975.19
ORD-01637,CUST-542,2026-05-19 22:00:00,Remera Sublimada,3,30981.75
ORD-01638,CUST-1890,2026-03-06 08:00:00,Remera Algodón,3,71878.17
ORD-01639,CUST-427,15/05/2026,Buzo Canguro,1,12197.97
ORD-01640,CUST-1177,2026-06-25 02:00:00,Buzo Canguro,3,21007.42
ORD-01641,CUST-860,2026-05-26 00:00:00,Remera Sublimada,5,29149.15
ORD-01642,CUST-1362,2026-02-12 06:00:00,Taza Cerámica,2,20616.24
ORD-01643,CUST-1352,2026-02-04 09:00:00,Remera Sublimada,4,34310.3
ORD-01644,CUST-678,2026-06-21 01:00:00,Buzo Canguro,1,17995.99
ORD-01645,CUST-1174,2026-05-17 20:00:00,Gorra,4,87757.32
ORD-01646,CUST-1732,2026-06-01 03:00:00,Remera Algodón,2,22502.35
ORD-01647,CUST-1727,2026-04-23 04:00:00,Buzo Canguro,3,49667.49
ORD-01648,CUST-1106,2026-02-19 01:00:00,Gorra,5,98030.53
ORD-01649,CUST-1387,2026-02-12 16:00:00,Remera Sublimada,1,12969.75
ORD-01650,CUST-1541,2026-04-15 01:00:00,Gorra,5,31632.56
ORD-01651,CUST-1926,2026-02-06 07:00:00,Buzo Canguro,5,47918.49
ORD-01652,CUST-195,2026-06-05 18:00:00,Buzo Canguro,5,113306.58
ORD-01653,CUST-1211,15/05/2026,Gorra,5,107448.03
ORD-01654,CUST-1201,2026-04-14 01:00:00,Gorra,2,13461.3
ORD-01655,CUST-1411,2026-02-08 10:00:00,Remera Sublimada,5,-47394.87
ORD-01656,CUST-1243,2026-06-04 20:00:00,Taza Cerámica,5,101916.53
ORD-01657,CUST-913,2026-02-10 20:00:00,Remera Sublimada,2,29435.93
ORD-01658,CUST-590,2026-05-23 07:00:00,Gorra,4,80797.36
ORD-01659,CUST-551,2026-03-08 09:00:00,Taza Cerámica,2,18443.7
ORD-01660,CUST-1623,2026-02-14 15:00:00,Remera Sublimada,3,72161.89
ORD-01661,CUST-264,2026-04-27 20:00:00,Taza Cerámica,2,41344.3
ORD-01662,CUST-281,2026-03-22 06:00:00,Buzo Canguro,4,35796.19
ORD-01663,CUST-568,2026-02-20 22:00:00,Buzo Canguro,3,48506.95
ORD-01664,CUST-1009,2026-06-15 08:00:00,Remera Sublimada,3,21785.83
ORD-01665,CUST-834,2026-06-09 05:00:00,Remera Sublimada,1,12228.7
ORD-01666,CUST-922,2026-03-10 21:00:00,Taza Cerámica,5,90962.14
ORD-01667,CUST-1043,2026-03-16 21:00:00,Remera Sublimada,3,34807.66
ORD-01668,CUST-106,2026-03-16 09:00:00,Buzo Canguro,3,54405.5
ORD-01669,CUST-429,2026-05-30 05:00:00,Taza Cerámica,4,39582.36
ORD-01670,CUST-874,2026-06-25 18:00:00,Remera Sublimada,3,58272.41
ORD-01671,CUST-1796,2026-03-10 18:00:00,Buzo Canguro,4,48767.17
ORD-01672,CUST-250,2026-02-10 07:00:00,Buzo Canguro,5,104048.13
ORD-01673,CUST-1208,2026-06-29 05:00:00,Taza Cerámica,1,-7733.8
ORD-01674,CUST-246,2026-04-26 06:00:00,Remera Sublimada,1,12239.56
ORD-01675,CUST-1747,2026-03-05 17:00:00,Buzo Canguro,5,71393.25
ORD-01676,CUST-1504,2026-03-29 19:00:00,Remera Sublimada,5,67384.55
ORD-01677,CUST-1014,2026-05-07 11:00:00,Gorra,2,27323.78
ORD-01678,CUST-1671,2026-03-20 09:00:00,Remera Sublimada,3,41688.2
ORD-01679,CUST-1408,2026-02-27 09:00:00,Remera Algodón,3,74328.21
ORD-01680,CUST-799,2026-05-21 19:00:00,Buzo Canguro,3,26589.43
ORD-01681,CUST-181,2026-07-20 09:00:00,Gorra,4,81493.11
ORD-01682,CUST-613,2026-02-26 10:00:00,Buzo Canguro,2,32071.55
ORD-01683,CUST-914,2026-02-23 01:00:00,Remera Sublimada,3,39817.71
ORD-01684,CUST-808,2026-03-29 19:00:00,Remera Algodón,4,70682.3
ORD-01685,CUST-1646,2026-06-06 22:00:00,Remera Sublimada,4,88282.52
ORD-01686,CUST-845,2026-03-03 06:00:00,Remera Sublimada,1,14332.77
ORD-01687,CUST-1122,2026-03-05 20:00:00,Remera Sublimada,4,89184.11
ORD-01688,CUST-1509,2026-02-02 17:00:00,Remera Algodón,5,34379.83
ORD-01689,CUST-806,15/05/2026,Buzo Canguro,4,72246.74
ORD-01690,CUST-570,2026-04-25 02:00:00,Buzo Canguro,5,58318.01
ORD-01691,CUST-1242,2026-07-29 17:00:00,Taza Cerámica,5,63671.53
ORD-01692,CUST-495,2026-06-26 13:00:00,Buzo Canguro,1,16420.4
ORD-01693,CUST-1655,2026-04-29 07:00:00,Taza Cerámica,1,14598.34
ORD-01694,CUST-360,2026-06-05 11:00:00,Remera Sublimada,4,50542.36
ORD-01695,CUST-904,2026-03-25 09:00:00,Gorra,1,11166.47
ORD-01696,CUST-1033,2026-04-28 19:00:00,Remera Sublimada,1,17366.31
ORD-01697,CUST-1379,2026-07-27 10:00:00,Remera Sublimada,3,45334.78
ORD-01698,CUST-1857,2026-07-14 00:00:00,Buzo Canguro,4,45864.73
ORD-01699,CUST-1004,2026-07-25 12:00:00,Buzo Canguro,4,36396.88
ORD-01700,CUST-1349,2026-03-12 03:00:00,Buzo Canguro,4,81957.46
ORD-01701,CUST-1176,2026-03-14 18:00:00,Remera Sublimada,1,20994.3
ORD-01702,CUST-1039,2026-05-05 18:00:00,Remera Sublimada,1,9275.76
ORD-01703,CUST-1990,2026-02-23 21:00:00,Buzo Canguro,5,51164.9
ORD-01704,CUST-1623,2026-04-06 11:00:00,Buzo Canguro,2,19565.72
ORD-01705,CUST-1629,2026-02-24 01:00:00,Remera Sublimada,2,45382.79
ORD-01706,CUST-953,2026-03-25 07:00:00,Buzo Canguro,2,40965.22
ORD-01707,CUST-1487,2026-02-18 15:00:00,Remera Sublimada,3,19474.41
ORD-01708,CUST-1403,2026-02-05 21:00:00,Remera Sublimada,1,21653.32
ORD-01709,CUST-692,2026-02-13 18:00:00,Remera Sublimada,5,28685.18
ORD-01710,CUST-813,2026-03-01 02:00:00,Remera Algodón,5,50319.98
ORD-01711,CUST-1281,2026-05-01 07:00:00,Taza Cerámica,2,46759.66
ORD-01712,CUST-731,2026-06-03 11:00:00,Remera Sublimada,3,66859.88
ORD-01713,CUST-158,2026-06-10 10:00:00,Buzo Canguro,3,61886.07
ORD-01714,CUST-1850,2026-05-19 17:00:00,Gorra,2,28301.89
ORD-01715,CUST-227,2026-04-18 04:00:00,Buzo Canguro,2,22856.56
ORD-01716,CUST-835,2026-02-02 04:00:00,Gorra,1,22630.92
ORD-01717,CUST-820,2026-06-15 11:00:00,Remera Sublimada,3,54424.45
ORD-01718,CUST-1238,2026-02-16 22:00:00,Gorra,5,54550.89
ORD-01719,CUST-1332,2026-07-18 08:00:00,Buzo Canguro,2,28527.84
ORD-01720,CUST-625,2026-03-04 14:00:00,Remera Sublimada,1,22630.0
ORD-01721,CUST-620,2026-06-21 04:00:00,Buzo Canguro,5,115345.54
ORD-01722,CUST-651,2026-04-15 19:00:00,Remera Algodón,3,54558.13
ORD-01723,CUST-336,2026-04-18 08:00:00,Taza Cerámica,2,39302.23
ORD-01724,CUST-1404,2026-05-21 17:00:00,Buzo Canguro,2,11571.91
ORD-01725,CUST-1482,2026-06-23 09:00:00,Remera Sublimada,1,17092.01
ORD-01726,CUST-1324,2026-06-07 06:00:00,Buzo Canguro,1,18779.85
ORD-01727,CUST-1881,2026-03-12 02:00:00,Remera Sublimada,3,16222.63
ORD-01728,CUST-1401,2026-06-23 15:00:00,Remera Sublimada,2,43754.36
ORD-01729,CUST-1358,2026-04-26 05:00:00,Buzo Canguro,1,23565.7
ORD-01730,CUST-593,,Gorra,2,19517.46
ORD-01731,CUST-103,2026-02-11 11:00:00,Taza Cerámica,3,65747.76
ORD-01732,CUST-765,2026-02-26 04:00:00,Remera Sublimada,2,36620.5
ORD-01733,CUST-541,2026-07-01 20:00:00,Buzo Canguro,5,83069.58
ORD-01734,CUST-128,2026-07-18 12:00:00,Remera Algodón,2,43725.04
ORD-01735,CUST-1232,2026-07-01 15:00:00,Taza Cerámica,4,42848.84
ORD-01736,CUST-709,2026-04-09 07:00:00,Taza Cerámica,4,83268.49
ORD-01737,CUST-1850,2026-04-21 20:00:00,Remera Algodón,3,33871.25
ORD-01738,CUST-904,2026-05-17 11:00:00,Taza Cerámica,3,62247.39
ORD-01739,CUST-174,2026-06-20 04:00:00,Remera Sublimada,3,42063.24
ORD-01740,CUST-937,2026-05-08 08:00:00,Remera Sublimada,5,36694.55
ORD-01741,CUST-1269,2026-02-12 04:00:00,Remera Algodón,5,63151.99
ORD-01742,CUST-227,2026-02-28 02:00:00,Buzo Canguro,2,19339.73
ORD-01743,CUST-1976,2026-05-21 01:00:00,Remera Sublimada,1,7010.63
ORD-01744,CUST-141,2026-04-18 06:00:00,Buzo Canguro,4,28822.97
ORD-01745,CUST-1479,2026-05-17 12:00:00,Taza Cerámica,4,82405.71
ORD-01746,CUST-140,2026-05-23 13:00:00,Remera Algodón,4,90511.83
ORD-01747,CUST-1033,2026-04-16 09:00:00,Remera Sublimada,2,47085.16
ORD-01748,CUST-133,2026-07-16 03:00:00,Buzo Canguro,2,44157.85
ORD-01749,CUST-1140,2026-03-05 06:00:00,Gorra,3,64813.45
ORD-01750,CUST-1800,2026-03-28 08:00:00,Remera Sublimada,1,6376.72
ORD-01751,CUST-1276,,Remera Sublimada,3,62407.42
ORD-01752,CUST-1097,2026-04-15 10:00:00,Remera Algodón,2,41331.31
ORD-01753,CUST-1501,2026-06-01 14:00:00,Buzo Canguro,5,38129.04
ORD-01754,CUST-687,2026-07-16 14:00:00,Buzo Canguro,3,54720.55
ORD-01755,CUST-1722,2026-02-05 18:00:00,Buzo Canguro,2,28100.29
ORD-01756,CUST-1752,2026-03-23 09:00:00,Remera Sublimada,2,46000.54
ORD-01757,CUST-1997,2026-06-20 21:00:00,Remera Algodón,5,94540.84
ORD-01758,CUST-441,2026-02-04 17:00:00,Remera Sublimada,5,120098.75
ORD-01759,CUST-126,2026-04-21 07:00:00,Remera Sublimada,5,35492.26
ORD-01760,CUST-1948,2026-03-08 22:00:00,Remera Sublimada,1,5812.15
ORD-01761,CUST-1410,2026-05-09 03:00:00,Remera Sublimada,2,48943.17
ORD-01762,CUST-745,2026-05-12 02:00:00,Gorra,5,33019.22
ORD-01763,CUST-830,2026-02-09 20:00:00,Taza Cerámica,1,12723.92
ORD-01764,CUST-267,2026-06-26 10:00:00,Remera Algodón,4,71997.65
ORD-01765,CUST-709,2026-07-13 22:00:00,Buzo Canguro,4,90404.53
ORD-01766,CUST-367,2026-05-16 13:00:00,Taza Cerámica,4,40366.19
ORD-01767,CUST-1872,2026-02-04 08:00:00,Buzo Canguro,2,11162.33
ORD-01768,CUST-920,2026-07-23 17:00:00,Gorra,1,15425.74
ORD-01769,CUST-554,2026-02-28 09:00:00,Taza Cerámica,1,14422.24
ORD-01770,CUST-1005,2026-04-21 11:00:00,Remera Sublimada,4,44551.45
ORD-01771,CUST-1808,2026-05-27 04:00:00,Remera Sublimada,3,67433.96
ORD-01772,CUST-1524,2026-05-09 09:00:00,Remera Sublimada,4,79945.77
ORD-01773,CUST-1021,2026-02-01 06:00:00,Buzo Canguro,2,44324.66
ORD-01774,CUST-1080,2026-05-07 16:00:00,Remera Algodón,4,32944.72
ORD-01775,CUST-1599,2026-05-23 02:00:00,Remera Sublimada,4,75392.96
ORD-01776,CUST-801,2026-07-24 09:00:00,Remera Sublimada,1,24502.03
ORD-01777,CUST-733,2026-07-17 16:00:00,Remera Sublimada,4,68953.11
ORD-01778,CUST-1681,2026-03-10 22:00:00,Taza Cerámica,5,42136.44
ORD-01779,CUST-1699,2026-06-30 03:00:00,Remera Sublimada,5,124578.04
ORD-01780,CUST-229,2026-07-27 08:00:00,Remera Sublimada,3,46699.41
ORD-01781,CUST-1119,2026-04-09 06:00:00,Remera Sublimada,2,43602.36
ORD-01782,CUST-1945,2026-06-10 16:00:00,Buzo Canguro,2,15974.46
ORD-01783,CUST-1486,2026-06-06 14:00:00,Buzo Canguro,1,18321.92
ORD-01784,CUST-1828,2026-07-09 14:00:00,Taza Cerámica,2,46504.71
ORD-01785,CUST-918,2026-07-18 15:00:00,Remera Sublimada,3,46921.07
ORD-01786,CUST-792,2026-03-23 10:00:00,Buzo Canguro,5,53866.01
ORD-01787,CUST-1415,2026-05-09 22:00:00,Remera Sublimada,1,7548.44
ORD-01788,CUST-1494,2026-07-27 15:00:00,Remera Sublimada,5,54594.47
ORD-01789,CUST-893,2026-05-22 12:00:00,Buzo Canguro,3,36293.05
ORD-01790,CUST-128,2026-06-23 03:00:00,Remera Sublimada,1,19199.1
ORD-01791,CUST-248,2026-07-08 03:00:00,Buzo Canguro,4,34289.71
ORD-01792,CUST-1902,2026-05-24 21:00:00,Remera Sublimada,2,14244.19
ORD-01793,CUST-1419,2026-05-25 17:00:00,Remera Sublimada,3,38216.37
ORD-01794,CUST-110,2026-06-04 16:00:00,Gorra,1,14173.07
ORD-01795,CUST-1635,2026-04-17 22:00:00,Buzo Canguro,5,87838.51
ORD-01796,CUST-775,2026-03-28 03:00:00,Taza Cerámica,1,19150.63
ORD-01797,CUST-1236,2026-05-06 11:00:00,Gorra,4,91142.22
ORD-01798,CUST-286,2026-07-09 22:00:00,Buzo Canguro,3,32337.21
ORD-01799,CUST-906,2026-04-25 14:00:00,Taza Cerámica,1,15572.16
ORD-01800,CUST-843,2026-07-01 15:00:00,Buzo Canguro,3,36962.44
ORD-01801,CUST-1350,2026-07-15 20:00:00,Remera Sublimada,3,15085.3
ORD-01802,CUST-1433,2026-06-25 17:00:00,Remera Sublimada,5,82943.18
ORD-01803,CUST-197,2026-03-09 12:00:00,Buzo Canguro,2,42631.84
ORD-01804,CUST-154,2026-06-27 12:00:00,Remera Sublimada,4,22915.16
ORD-01805,CUST-722,2026-06-26 13:00:00,Remera Sublimada,1,5069.84
ORD-01806,CUST-763,2026-04-03 03:00:00,Remera Sublimada,2,39112.74
ORD-01807,CUST-857,2026-05-11 19:00:00,Remera Sublimada,5,93385.97
ORD-01808,CUST-505,2026-03-24 18:00:00,Remera Sublimada,2,26234.08
ORD-01809,CUST-168,2026-05-20 11:00:00,Remera Sublimada,3,54696.29
ORD-01810,CUST-1435,2026-02-07 11:00:00,Remera Sublimada,3,72203.16
ORD-01811,CUST-1412,2026-05-28 03:00:00,Remera Sublimada,4,39829.02
ORD-01812,CUST-1885,2026-03-06 01:00:00,Buzo Canguro,1,9918.53
ORD-01813,CUST-1671,2026-04-10 22:00:00,Remera Sublimada,1,8724.64
ORD-01814,CUST-850,,Gorra,5,97398.67
ORD-01815,CUST-1271,2026-03-13 12:00:00,Gorra,4,48255.14
ORD-01816,CUST-1590,2026-06-02 09:00:00,Buzo Canguro,1,24773.86
ORD-01817,CUST-1862,2026-02-10 05:00:00,Taza Cerámica,3,57878.93
ORD-01818,CUST-1367,2026-06-08 18:00:00,Remera Sublimada,4,49390.15
ORD-01819,CUST-1614,2026-06-29 07:00:00,Remera Sublimada,2,15967.44
ORD-01820,CUST-1972,2026-05-03 16:00:00,Remera Algodón,4,67361.99
ORD-01821,CUST-1057,2026-04-19 20:00:00,Remera Sublimada,4,43592.26
ORD-01822,CUST-1630,2026-03-02 20:00:00,Remera Algodón,1,23110.18
ORD-01823,CUST-464,2026-03-21 08:00:00,Buzo Canguro,5,69140.44
ORD-01824,CUST-581,2026-06-25 04:00:00,Remera Sublimada,5,54265.0
ORD-01825,CUST-300,2026-03-30 19:00:00,Buzo Canguro,1,16771.04
ORD-01826,CUST-253,2026-03-12 05:00:00,Buzo Canguro,1,7739.49
ORD-01827,CUST-1573,2026-07-21 18:00:00,Remera Sublimada,1,16230.98
ORD-01828,CUST-1624,2026-03-22 00:00:00,Remera Sublimada,5,30611.15
ORD-01829,CUST-172,2026-06-21 13:00:00,Taza Cerámica,1,17137.77
ORD-01830,CUST-812,2026-05-08 10:00:00,Buzo Canguro,2,31206.55
ORD-01831,CUST-395,2026-07-27 03:00:00,Remera Sublimada,2,30830.64
ORD-01832,CUST-1140,2026-06-02 11:00:00,Remera Sublimada,3,56049.86
ORD-01833,CUST-1764,2026-02-10 05:00:00,Gorra,2,11778.26
ORD-01834,CUST-1340,2026-03-29 00:00:00,Buzo Canguro,4,56778.52
ORD-01835,CUST-160,2026-04-12 20:00:00,Buzo Canguro,3,41642.32
ORD-01836,CUST-1038,2026-05-03 15:00:00,Remera Algodón,2,28391.3
ORD-01837,CUST-1739,2026-03-28 13:00:00,Remera Sublimada,4,98391.28
ORD-01838,CUST-141,2026-05-27 19:00:00,Buzo Canguro,2,15571.14
ORD-01839,CUST-124,2026-02-25 04:00:00,Gorra,4,75234.38
ORD-01840,CUST-1162,2026-05-31 20:00:00,Taza Cerámica,1,13039.92
ORD-01841,CUST-1926,2026-02-18 14:00:00,Remera Sublimada,4,60938.12
ORD-01842,CUST-230,2026-03-29 18:00:00,Remera Sublimada,1,20247.88
ORD-01843,CUST-1621,2026-06-08 00:00:00,Taza Cerámica,4,32590.04
ORD-01844,CUST-1352,2026-06-11 09:00:00,Remera Sublimada,4,81086.82
ORD-01845,CUST-207,2026-02-21 02:00:00,Remera Algodón,2,12813.23
ORD-01846,CUST-271,2026-03-12 02:00:00,Remera Sublimada,4,58664.76
ORD-01847,CUST-1558,2026-07-03 12:00:00,Remera Sublimada,2,39682.83
ORD-01848,CUST-1601,2026-03-27 19:00:00,Remera Sublimada,4,35404.12
ORD-01849,CUST-201,2026-07-30 11:00:00,Taza Cerámica,5,102091.56
ORD-01850,CUST-965,2026-05-20 01:00:00,Gorra,3,25008.75
ORD-01851,CUST-623,2026-05-23 22:00:00,Buzo Canguro,2,41969.55
ORD-01852,CUST-374,2026-05-26 20:00:00,Remera Algodón,2,28757.42
ORD-01853,CUST-1736,2026-04-28 08:00:00,Remera Sublimada,1,18692.77
ORD-01854,CUST-1167,2026-04-22 01:00:00,Remera Sublimada,5,116740.65
ORD-01855,CUST-916,2026-02-19 18:00:00,Gorra,1,13168.43
ORD-01856,CUST-1056,15/05/2026,Gorra,5,48295.75
ORD-01857,CUST-1140,2026-03-14 09:00:00,Gorra,5,111716.41
ORD-01858,CUST-429,2026-03-31 19:00:00,Taza Cerámica,4,32929.33
ORD-01859,CUST-1692,2026-04-14 16:00:00,Remera Sublimada,1,17629.52
ORD-01860,CUST-1946,2026-02-27 14:00:00,Remera Sublimada,3,70395.2
ORD-01861,CUST-1620,2026-02-02 03:00:00,Remera Algodón,5,-92439.67
ORD-01862,CUST-1938,2026-02-19 16:00:00,Remera Sublimada,5,44568.11
ORD-01863,CUST-111,2026-04-10 06:00:00,Remera Sublimada,2,16091.36
ORD-01864,CUST-1441,2026-05-28 21:00:00,Taza Cerámica,4,40184.44
ORD-01865,CUST-1715,2026-04-22 06:00:00,Remera Sublimada,3,38484.41
ORD-01866,CUST-315,2026-03-08 07:00:00,Gorra,5,40915.9
ORD-01867,CUST-438,2026-07-23 03:00:00,Remera Sublimada,2,41912.56
ORD-01868,CUST-1899,2026-07-03 04:00:00,Taza Cerámica,1,12140.71
ORD-01869,CUST-760,2026-07-08 11:00:00,Buzo Canguro,5,118608.67
ORD-01870,CUST-1204,2026-03-01 08:00:00,Buzo Canguro,2,43699.63
ORD-01871,CUST-1850,2026-03-23 13:00:00,Buzo Canguro,1,23176.37
ORD-01872,CUST-1608,2026-04-10 17:00:00,Remera Sublimada,4,43559.42
ORD-01873,CUST-473,2026-07-20 18:00:00,Buzo Canguro,1,16474.63
ORD-01874,CUST-1075,2026-02-12 17:00:00,Buzo Canguro,5,57144.95
ORD-01875,CUST-809,2026-02-17 10:00:00,Buzo Canguro,3,30416.91
ORD-01876,CUST-1323,2026-05-10 22:00:00,Remera Sublimada,1,17141.74
ORD-01877,CUST-1660,2026-06-09 14:00:00,Remera Sublimada,3,64079.72
ORD-01878,CUST-565,2026-03-04 08:00:00,Remera Sublimada,3,20615.87
ORD-01879,CUST-1212,2026-02-15 02:00:00,Taza Cerámica,1,10515.38
ORD-01880,CUST-1391,2026-02-27 18:00:00,Remera Sublimada,4,36410.73
ORD-01881,CUST-1778,2026-05-20 11:00:00,Gorra,1,20967.0
ORD-01882,CUST-1694,2026-06-28 00:00:00,Taza Cerámica,2,47334.88
ORD-01883,CUST-588,2026-07-27 12:00:00,Taza Cerámica,3,19796.56
ORD-01884,CUST-1661,2026-06-09 09:00:00,Gorra,5,62921.34
ORD-01885,CUST-146,2026-03-19 06:00:00,Remera Sublimada,3,69870.54
ORD-01886,CUST-1411,2026-06-04 21:00:00,Gorra,5,59463.82
ORD-01887,CUST-877,2026-06-26 15:00:00,Buzo Canguro,2,38506.46
ORD-01888,CUST-1139,2026-07-24 17:00:00,Gorra,2,14026.66
ORD-01889,CUST-810,2026-07-17 16:00:00,Gorra,2,27775.5
ORD-01890,CUST-500,2026-04-23 11:00:00,Remera Sublimada,1,15066.02
ORD-01891,CUST-1917,2026-04-13 21:00:00,Remera Sublimada,3,60459.84
ORD-01892,CUST-1080,2026-07-12 06:00:00,Buzo Canguro,5,53882.47
ORD-01893,CUST-1209,2026-07-14 17:00:00,Taza Cerámica,2,20567.54
ORD-01894,CUST-349,2026-03-10 08:00:00,Remera Sublimada,2,22118.71
ORD-01895,CUST-490,2026-07-29 02:00:00,Remera Sublimada,5,80569.65
ORD-01896,CUST-1905,2026-04-23 04:00:00,Remera Sublimada,3,67560.26
ORD-01897,CUST-434,2026-06-22 03:00:00,Buzo Canguro,3,64856.48
ORD-01898,CUST-728,2026-07-17 19:00:00,Remera Algodón,5,30794.57
ORD-01899,CUST-1642,2026-07-03 11:00:00,Taza Cerámica,4,90316.41
ORD-01900,CUST-236,2026-06-30 22:00:00,Buzo Canguro,3,20706.56
ORD-01901,CUST-982,2026-03-20 19:00:00,Remera Sublimada,5,66534.81
ORD-01902,CUST-787,2026-06-05 05:00:00,Remera Sublimada,5,101540.44
ORD-01903,CUST-1963,2026-03-27 03:00:00,Buzo Canguro,2,13260.44
ORD-01904,CUST-1621,2026-04-29 00:00:00,Gorra,5,29039.97
ORD-01905,CUST-926,2026-06-15 11:00:00,Remera Sublimada,1,11599.92
ORD-01906,CUST-826,2026-05-17 04:00:00,Buzo Canguro,2,39197.02
ORD-01907,CUST-1600,2026-05-19 17:00:00,Gorra,2,30870.26
ORD-01908,CUST-693,2026-03-14 05:00:00,Remera Algodón,3,40020.11
ORD-01909,CUST-1346,2026-06-04 11:00:00,Remera Sublimada,4,85045.87
ORD-01910,CUST-1089,2026-05-14 17:00:00,Remera Sublimada,3,61002.56
ORD-01911,CUST-471,2026-04-15 14:00:00,Remera Sublimada,1,20720.86
ORD-01912,CUST-1034,2026-05-19 16:00:00,Taza Cerámica,2,28389.07
ORD-01913,CUST-1094,2026-04-12 08:00:00,Remera Algodón,2,10777.97
ORD-01914,CUST-501,2026-05-30 01:00:00,Remera Sublimada,5,42213.7
ORD-01915,CUST-1566,2026-03-17 18:00:00,Remera Sublimada,4,79304.03
ORD-01916,CUST-1613,2026-06-06 01:00:00,Gorra,4,80253.88
ORD-01917,CUST-714,2026-03-16 14:00:00,Taza Cerámica,5,122229.86
ORD-01918,CUST-1396,2026-04-19 05:00:00,Remera Algodón,1,8803.73
ORD-01919,CUST-1649,2026-07-28 04:00:00,Remera Sublimada,4,29834.14
ORD-01920,CUST-1282,2026-07-10 02:00:00,Buzo Canguro,2,15551.59
ORD-01921,CUST-1275,2026-02-03 21:00:00,Remera Sublimada,1,8695.76
ORD-01922,CUST-1094,2026-04-27 09:00:00,Remera Sublimada,3,46708.1
ORD-01923,CUST-719,2026-03-23 02:00:00,Buzo Canguro,3,73512.69
ORD-01924,CUST-287,2026-04-17 15:00:00,Remera Sublimada,1,16788.63
ORD-01925,CUST-1936,2026-06-25 06:00:00,Remera Sublimada,2,30907.52
ORD-01926,CUST-1221,2026-02-13 01:00:00,Gorra,3,55401.37
ORD-01927,CUST-230,2026-02-04 09:00:00,Remera Sublimada,2,12957.22
ORD-01928,CUST-904,2026-04-29 16:00:00,Taza Cerámica,5,106535.41
ORD-01929,CUST-1294,2026-03-24 05:00:00,Remera Sublimada,4,71750.36
ORD-01930,CUST-1035,2026-04-10 09:00:00,Gorra,1,8423.83
ORD-01931,CUST-1085,2026-06-17 12:00:00,Remera Sublimada,4,70457.23
ORD-01932,CUST-282,2026-02-21 05:00:00,Taza Cerámica,5,84620.8
ORD-01933,CUST-1082,,Remera Sublimada,3,18891.18
ORD-01934,CUST-463,2026-02-03 03:00:00,Buzo Canguro,2,20677.29
ORD-01935,CUST-138,2026-05-12 07:00:00,Taza Cerámica,2,-25637.66
ORD-01936,CUST-1650,2026-07-26 21:00:00,Remera Sublimada,5,49488.85
ORD-01937,CUST-596,15/05/2026,Remera Sublimada,1,9863.23
ORD-01938,CUST-1639,2026-03-12 12:00:00,Gorra,4,65835.88
ORD-01939,CUST-1472,2026-04-09 13:00:00,Gorra,3,43251.54
ORD-01940,CUST-1081,2026-04-19 12:00:00,Remera Sublimada,1,18345.84
ORD-01941,CUST-1020,2026-07-05 05:00:00,Remera Sublimada,5,120640.71
ORD-01942,CUST-1520,2026-02-17 03:00:00,Remera Sublimada,5,91055.6
ORD-01943,CUST-821,15/05/2026,Remera Sublimada,2,33283.84
ORD-01944,CUST-1284,2026-02-02 12:00:00,Remera Algodón,3,65853.57
ORD-01945,CUST-115,2026-07-30 01:00:00,Buzo Canguro,1,17641.46
ORD-01946,CUST-592,2026-03-24 10:00:00,Buzo Canguro,2,16622.45
ORD-01947,CUST-1549,2026-02-22 14:00:00,Remera Algodón,3,33884.92
ORD-01948,CUST-1231,2026-05-18 22:00:00,Buzo Canguro,4,78668.82
ORD-01949,CUST-993,2026-04-08 02:00:00,Taza Cerámica,4,79070.59
ORD-01950,CUST-1573,2026-06-20 04:00:00,Remera Sublimada,2,49480.35
ORD-01951,CUST-410,2026-04-25 06:00:00,Remera Sublimada,1,17539.5
ORD-01952,CUST-838,2026-03-11 12:00:00,Buzo Canguro,3,68972.71
ORD-01953,CUST-1293,2026-03-13 20:00:00,Remera Sublimada,4,24366.42
ORD-01954,CUST-645,2026-02-12 12:00:00,Remera Sublimada,4,65297.79
ORD-01955,CUST-513,2026-05-31 09:00:00,Remera Sublimada,1,23396.96
ORD-01956,CUST-350,2026-05-08 07:00:00,Remera Sublimada,2,21489.77
ORD-01957,CUST-858,2026-05-29 15:00:00,Buzo Canguro,5,40487.66
ORD-01958,CUST-1904,2026-06-08 12:00:00,Buzo Canguro,3,36030.61
ORD-01959,CUST-1264,2026-03-07 02:00:00,Remera Sublimada,4,83378.89
ORD-01960,CUST-1397,2026-05-31 04:00:00,Remera Sublimada,5,33470.08
ORD-01961,CUST-1539,2026-02-11 06:00:00,Taza Cerámica,1,17006.77
ORD-01962,CUST-1731,2026-05-28 09:00:00,Remera Sublimada,2,15425.26
ORD-01963,CUST-1862,2026-05-17 19:00:00,Buzo Canguro,3,41131.95
ORD-01964,CUST-1162,2026-07-12 02:00:00,Taza Cerámica,1,24319.54
ORD-01965,CUST-913,2026-03-03 10:00:00,Remera Sublimada,2,17805.77
ORD-01966,CUST-128,2026-04-12 12:00:00,Taza Cerámica,1,5680.33
ORD-01967,CUST-1057,2026-04-07 05:00:00,Taza Cerámica,4,54176.27
ORD-01968,CUST-576,2026-03-13 19:00:00,Remera Sublimada,4,66215.65
ORD-01969,CUST-417,2026-07-28 15:00:00,Remera Sublimada,5,54751.77
ORD-01970,CUST-344,2026-07-03 11:00:00,Remera Algodón,1,15835.36
ORD-01971,CUST-847,2026-03-11 16:00:00,Remera Sublimada,4,96272.16
ORD-01972,CUST-796,2026-03-17 10:00:00,Gorra,2,22470.83
ORD-01973,CUST-371,2026-04-11 22:00:00,Buzo Canguro,5,55942.7
ORD-01974,CUST-1563,2026-05-02 13:00:00,Remera Sublimada,3,43966.07
ORD-01975,CUST-1871,2026-04-11 05:00:00,Remera Sublimada,1,15306.33
ORD-01976,CUST-1362,2026-06-10 21:00:00,Buzo Canguro,4,20109.27
ORD-01977,CUST-476,2026-04-25 14:00:00,Buzo Canguro,2,34635.01
ORD-01978,CUST-365,2026-05-24 07:00:00,Taza Cerámica,1,24947.15
ORD-01979,CUST-1025,2026-07-15 16:00:00,Remera Algodón,2,21680.32
ORD-01980,CUST-1020,2026-03-24 00:00:00,Gorra,5,88081.0
ORD-01981,CUST-1482,2026-02-22 17:00:00,Remera Sublimada,4,20369.73
ORD-01982,CUST-439,2026-06-13 06:00:00,Gorra,4,68346.13
ORD-01983,CUST-488,2026-02-18 05:00:00,Gorra,5,69706.83
ORD-01984,CUST-676,2026-05-29 20:00:00,Remera Algodón,2,31211.73
ORD-01985,CUST-1812,2026-03-09 18:00:00,Buzo Canguro,1,15878.1
ORD-01986,CUST-102,2026-04-05 09:00:00,Taza Cerámica,2,17078.12
ORD-01987,CUST-1552,2026-04-20 09:00:00,Buzo Canguro,1,20399.36
ORD-01988,CUST-1265,2026-06-03 15:00:00,Remera Sublimada,5,80546.96
ORD-01989,CUST-475,2026-03-16 17:00:00,Remera Algodón,3,31211.67
ORD-01990,CUST-1793,2026-04-28 00:00:00,Remera Sublimada,1,23747.63
ORD-01991,CUST-423,2026-02-16 21:00:00,Remera Sublimada,4,21021.9
ORD-01992,CUST-245,2026-05-13 02:00:00,Gorra,4,78074.98
ORD-01993,CUST-392,2026-05-09 01:00:00,Remera Sublimada,4,50498.81
ORD-01994,CUST-1788,2026-05-05 12:00:00,Gorra,2,30901.79
ORD-01995,CUST-531,2026-07-19 15:00:00,Taza Cerámica,2,21660.39
ORD-01996,CUST-804,2026-03-31 04:00:00,Remera Sublimada,2,22850.09
ORD-01997,CUST-1048,15/05/2026,Buzo Canguro,4,21213.3
ORD-01998,CUST-684,2026-03-17 19:00:00,Taza Cerámica,1,19596.9
ORD-01999,CUST-498,2026-02-24 12:00:00,Buzo Canguro,4,76863.87
ORD-02000,CUST-916,2026-07-05 06:00:00,Remera Algodón,1,18087.16
ORD-02001,CUST-1467,2026-07-20 14:00:00,Gorra,2,45118.03
ORD-02002,CUST-1063,2026-03-25 05:00:00,Remera Sublimada,3,69076.05
ORD-02003,CUST-1263,2026-03-25 14:00:00,Remera Sublimada,2,32257.77
ORD-02004,CUST-286,2026-07-04 15:00:00,Remera Algodón,5,93482.35
ORD-02005,CUST-1928,2026-05-06 18:00:00,Buzo Canguro,1,5219.97
ORD-02006,CUST-160,2026-06-17 21:00:00,Remera Sublimada,3,65780.58
ORD-02007,CUST-1038,15/05/2026,Gorra,2,42656.54
ORD-02008,CUST-1503,2026-03-11 03:00:00,Gorra,3,16214.92
ORD-02009,CUST-809,2026-06-06 02:00:00,Buzo Canguro,4,63426.02
ORD-02010,CUST-906,2026-04-05 19:00:00,Buzo Canguro,1,23133.11
ORD-02011,CUST-1563,2026-02-11 00:00:00,Taza Cerámica,5,43138.8
ORD-02012,CUST-1442,2026-05-13 10:00:00,Taza Cerámica,4,48211.59
ORD-02013,CUST-1425,2026-07-05 00:00:00,Gorra,3,34863.22
ORD-02014,CUST-1467,2026-02-21 06:00:00,Remera Algodón,2,24237.62
ORD-02015,CUST-110,2026-05-13 13:00:00,Buzo Canguro,1,5837.72
ORD-02016,CUST-1185,2026-04-07 03:00:00,Taza Cerámica,5,52901.77
ORD-02017,CUST-1968,2026-05-22 17:00:00,Remera Algodón,2,21794.25
ORD-02018,CUST-325,2026-06-03 00:00:00,Remera Sublimada,5,111587.2
ORD-02019,CUST-1276,2026-05-10 02:00:00,Remera Sublimada,1,12042.32
ORD-02020,CUST-1834,2026-07-09 06:00:00,Gorra,3,41833.0
ORD-02021,CUST-663,2026-06-09 10:00:00,Remera Sublimada,5,63073.81
ORD-02022,CUST-871,2026-04-25 02:00:00,Remera Sublimada,1,7413.47
ORD-02023,CUST-1694,2026-03-23 01:00:00,Remera Sublimada,5,124035.68
ORD-02024,CUST-1707,2026-06-06 11:00:00,Remera Sublimada,2,43033.01
ORD-02025,CUST-1783,2026-04-10 08:00:00,Remera Sublimada,5,79092.03
ORD-02026,CUST-1984,2026-02-02 01:00:00,Remera Sublimada,2,29054.58
ORD-02027,CUST-1698,2026-07-09 09:00:00,Remera Algodón,2,35970.19
ORD-02028,CUST-1433,2026-05-25 11:00:00,Taza Cerámica,1,11528.62
ORD-02029,CUST-984,2026-07-14 21:00:00,Taza Cerámica,4,24022.63
ORD-02030,CUST-1366,2026-04-26 16:00:00,Remera Sublimada,5,65431.68
ORD-02031,CUST-1616,2026-04-11 15:00:00,Taza Cerámica,3,74038.65
ORD-02032,CUST-1489,2026-07-27 02:00:00,Taza Cerámica,2,17293.87
ORD-02033,CUST-1453,2026-06-13 13:00:00,Taza Cerámica,4,62216.42
ORD-02034,CUST-1230,2026-05-01 05:00:00,Remera Sublimada,2,10340.86
ORD-02035,CUST-325,2026-02-26 07:00:00,Buzo Canguro,4,29762.52
ORD-02036,CUST-924,2026-02-05 14:00:00,Gorra,4,66975.34
ORD-02037,CUST-317,2026-06-03 15:00:00,Taza Cerámica,3,32844.84
ORD-02038,CUST-1036,2026-02-01 15:00:00,Taza Cerámica,4,92454.76
ORD-02039,CUST-852,2026-07-15 02:00:00,Buzo Canguro,3,39370.19
ORD-02040,CUST-605,2026-07-30 14:00:00,Buzo Canguro,1,9160.67
ORD-02041,CUST-358,2026-05-06 12:00:00,Taza Cerámica,2,31823.67
ORD-02042,CUST-1897,2026-05-31 15:00:00,Remera Sublimada,3,62698.42
ORD-02043,CUST-1640,15/05/2026,Taza Cerámica,2,10776.79
ORD-02044,CUST-1896,2026-06-29 01:00:00,Remera Algodón,5,75552.01
ORD-02045,CUST-153,2026-07-05 05:00:00,Taza Cerámica,1,20468.53
ORD-02046,CUST-1170,2026-05-01 05:00:00,Remera Sublimada,5,35358.87
ORD-02047,CUST-826,2026-07-24 10:00:00,Remera Sublimada,5,115279.85
ORD-02048,CUST-788,2026-02-08 00:00:00,Taza Cerámica,4,41161.39
ORD-02049,CUST-1644,2026-05-28 06:00:00,Gorra,4,33648.29
ORD-02050,CUST-1222,2026-04-05 05:00:00,Buzo Canguro,5,83925.61
ORD-02051,CUST-1143,2026-02-21 07:00:00,Buzo Canguro,4,34002.49
ORD-02052,CUST-1876,2026-05-26 21:00:00,Remera Sublimada,2,37188.06
ORD-02053,CUST-1696,2026-04-26 19:00:00,Taza Cerámica,4,59208.17
ORD-02054,CUST-1613,2026-02-08 13:00:00,Taza Cerámica,5,35995.6
ORD-02055,CUST-518,2026-03-03 17:00:00,Remera Algodón,4,92999.21
ORD-02056,CUST-789,2026-05-04 15:00:00,Remera Sublimada,4,73856.43
ORD-02057,CUST-949,2026-02-09 14:00:00,Taza Cerámica,3,47759.58
ORD-02058,CUST-161,2026-05-05 09:00:00,Buzo Canguro,3,37460.44
ORD-02059,CUST-1268,2026-03-01 21:00:00,Buzo Canguro,5,38485.99
ORD-02060,CUST-315,2026-04-21 03:00:00,Gorra,2,38300.73
ORD-02061,CUST-102,2026-04-25 12:00:00,Remera Sublimada,1,21273.12
ORD-02062,CUST-259,2026-05-29 04:00:00,Remera Sublimada,1,7516.38
ORD-02063,CUST-1862,2026-04-27 06:00:00,Taza Cerámica,5,74456.76
ORD-02064,CUST-880,2026-07-01 08:00:00,Buzo Canguro,2,29393.85
ORD-02065,CUST-1243,2026-05-04 15:00:00,Remera Sublimada,2,23996.47
ORD-02066,CUST-992,15/05/2026,Buzo Canguro,2,41573.68
ORD-02067,CUST-1212,2026-07-16 13:00:00,Buzo Canguro,3,20971.79
ORD-02068,CUST-428,2026-05-28 00:00:00,Remera Algodón,5,45501.92
ORD-02069,CUST-679,2026-04-14 12:00:00,Remera Sublimada,1,5032.06
ORD-02070,CUST-1480,2026-05-01 18:00:00,Gorra,2,24919.42
ORD-02071,CUST-1733,2026-03-21 10:00:00,Remera Sublimada,5,54117.82
ORD-02072,CUST-1390,2026-04-13 22:00:00,Remera Sublimada,1,22339.88
ORD-02073,CUST-1740,2026-06-13 09:00:00,Remera Sublimada,3,59748.61
ORD-02074,CUST-1051,2026-06-15 09:00:00,Gorra,4,26757.78
ORD-02075,CUST-1446,2026-07-14 08:00:00,Remera Sublimada,1,19819.12
ORD-02076,CUST-734,2026-02-27 13:00:00,Taza Cerámica,1,18508.0
ORD-02077,CUST-1087,2026-04-07 08:00:00,Buzo Canguro,1,10634.49
ORD-02078,CUST-1664,2026-05-28 00:00:00,Remera Algodón,4,21236.86
ORD-02079,CUST-1772,15/05/2026,Gorra,2,14606.5
ORD-02080,CUST-1318,2026-07-20 19:00:00,Taza Cerámica,4,39995.29
ORD-02081,CUST-1020,2026-07-03 21:00:00,Gorra,1,21332.45
ORD-02082,CUST-837,2026-06-05 02:00:00,Buzo Canguro,3,42918.77
ORD-02083,CUST-1455,2026-02-06 05:00:00,Gorra,1,23367.91
ORD-02084,CUST-269,2026-03-25 01:00:00,Remera Sublimada,3,62348.91
ORD-02085,CUST-620,2026-03-30 17:00:00,Remera Sublimada,5,53710.82
ORD-02086,CUST-1586,2026-04-28 01:00:00,Buzo Canguro,3,65721.73
ORD-02087,CUST-139,2026-06-30 04:00:00,Buzo Canguro,1,7334.5
ORD-02088,CUST-1660,15/05/2026,Buzo Canguro,4,22889.4
ORD-02089,CUST-1384,2026-02-24 15:00:00,Buzo Canguro,1,17170.76
ORD-02090,CUST-1518,2026-04-06 00:00:00,Remera Sublimada,1,11834.86
ORD-02091,CUST-1054,2026-06-09 20:00:00,Buzo Canguro,5,57942.57
ORD-02092,CUST-1349,2026-05-27 12:00:00,Remera Sublimada,2,37488.33
ORD-02093,CUST-1083,2026-05-16 14:00:00,Remera Algodón,1,22002.08
ORD-02094,CUST-1247,2026-02-03 13:00:00,Remera Algodón,5,57217.55
ORD-02095,CUST-1074,2026-03-27 10:00:00,Remera Algodón,4,46001.11
ORD-02096,CUST-137,2026-03-17 12:00:00,Remera Sublimada,5,78385.1
ORD-02097,CUST-427,2026-02-24 09:00:00,Buzo Canguro,5,90318.36
ORD-02098,CUST-1374,2026-03-07 03:00:00,Remera Algodón,3,27174.35
ORD-02099,CUST-1299,2026-02-16 16:00:00,Remera Algodón,2,46507.17
ORD-02100,CUST-1725,2026-06-24 14:00:00,Taza Cerámica,2,36176.66
ORD-02101,CUST-1013,2026-02-11 00:00:00,Buzo Canguro,4,70012.94
ORD-02102,CUST-553,2026-04-20 18:00:00,Buzo Canguro,5,115419.56
ORD-02103,CUST-136,2026-04-09 10:00:00,Taza Cerámica,4,92581.21
ORD-02104,CUST-1439,15/05/2026,Remera Sublimada,4,30844.01
ORD-02105,CUST-1811,2026-06-21 09:00:00,Buzo Canguro,2,15803.02
ORD-02106,CUST-1072,2026-04-16 17:00:00,Gorra,2,40477.95
ORD-02107,CUST-895,15/05/2026,Taza Cerámica,2,48275.2
ORD-02108,CUST-1072,2026-07-28 22:00:00,Buzo Canguro,1,18330.27
ORD-02109,CUST-692,2026-03-31 06:00:00,Buzo Canguro,5,66131.7
ORD-02110,CUST-1237,2026-02-03 11:00:00,Remera Algodón,4,74677.85
ORD-02111,CUST-1163,2026-02-07 16:00:00,Buzo Canguro,5,47881.16
ORD-02112,CUST-1424,2026-02-26 00:00:00,Taza Cerámica,4,99837.3
ORD-02113,CUST-323,2026-05-12 15:00:00,Taza Cerámica,4,54486.82
ORD-02114,CUST-417,2026-04-20 01:00:00,Taza Cerámica,4,94534.88
ORD-02115,CUST-448,2026-06-07 06:00:00,Taza Cerámica,4,54463.84
ORD-02116,CUST-214,2026-07-10 03:00:00,Buzo Canguro,3,70688.39
ORD-02117,CUST-797,2026-02-20 17:00:00,Buzo Canguro,3,35141.13
ORD-02118,CUST-1446,2026-05-28 03:00:00,Buzo Canguro,1,20210.86
ORD-02119,CUST-1691,2026-03-04 12:00:00,Remera Sublimada,2,48040.08
ORD-02120,CUST-1163,2026-02-01 02:00:00,Remera Sublimada,4,71678.45
ORD-02121,CUST-1989,2026-05-23 21:00:00,Remera Sublimada,5,92756.52
ORD-02122,CUST-139,2026-03-08 22:00:00,Gorra,3,21173.17
ORD-02123,CUST-1982,2026-04-21 18:00:00,Remera Sublimada,2,28968.8
ORD-02124,CUST-1872,2026-04-06 04:00:00,Remera Sublimada,1,22735.11
ORD-02125,CUST-1412,2026-06-08 18:00:00,Remera Sublimada,2,19636.39
ORD-02126,CUST-1385,2026-02-22 10:00:00,Taza Cerámica,4,83069.04
ORD-02127,CUST-315,2026-05-20 19:00:00,Remera Sublimada,2,37028.4
ORD-02128,CUST-1270,2026-05-12 20:00:00,Buzo Canguro,4,37838.88
ORD-02129,CUST-435,2026-05-11 03:00:00,Remera Sublimada,3,31967.47
ORD-02130,CUST-1291,2026-04-09 03:00:00,Gorra,3,40653.65
ORD-02131,CUST-191,2026-07-30 20:00:00,Remera Algodón,4,30010.34
ORD-02132,CUST-452,2026-07-28 15:00:00,Remera Algodón,5,116337.13
ORD-02133,CUST-670,2026-07-19 17:00:00,Buzo Canguro,3,59361.46
ORD-02134,CUST-1694,2026-02-22 01:00:00,Buzo Canguro,5,61496.41
ORD-02135,CUST-915,2026-02-21 03:00:00,Buzo Canguro,4,43973.24
ORD-02136,CUST-1804,2026-06-08 11:00:00,Remera Sublimada,4,75166.31
ORD-02137,CUST-880,15/05/2026,Buzo Canguro,3,40453.26
ORD-02138,CUST-462,2026-03-11 21:00:00,Remera Sublimada,5,47933.66
ORD-02139,CUST-656,2026-05-01 20:00:00,Taza Cerámica,4,54412.06
ORD-02140,CUST-1468,2026-02-17 15:00:00,Remera Sublimada,3,67277.82
ORD-02141,CUST-1816,2026-07-09 18:00:00,Buzo Canguro,4,25488.53
ORD-02142,CUST-1293,2026-04-14 13:00:00,Buzo Canguro,2,24734.33
ORD-02143,CUST-455,15/05/2026,Buzo Canguro,2,48493.58
ORD-02144,CUST-290,2026-02-02 19:00:00,Gorra,3,15889.91
ORD-02145,CUST-1790,2026-07-26 13:00:00,Taza Cerámica,4,91251.23
ORD-02146,CUST-521,2026-06-22 00:00:00,Taza Cerámica,3,37490.02
ORD-02147,CUST-799,2026-05-10 06:00:00,Buzo Canguro,1,8790.36
ORD-02148,CUST-106,2026-07-29 19:00:00,Remera Sublimada,3,15898.78
ORD-02149,CUST-232,15/05/2026,Buzo Canguro,3,19231.37
ORD-02150,CUST-1870,2026-03-13 18:00:00,Remera Algodón,2,16873.73
ORD-02151,CUST-656,2026-06-03 04:00:00,Remera Algodón,2,11016.37
ORD-02152,CUST-925,2026-04-23 15:00:00,Taza Cerámica,4,46867.99
ORD-02153,CUST-860,2026-06-12 11:00:00,Remera Sublimada,3,17693.59
ORD-02154,CUST-1154,2026-03-01 06:00:00,Remera Sublimada,3,56532.96
ORD-02155,CUST-634,2026-02-14 22:00:00,Buzo Canguro,4,85512.57
ORD-02156,CUST-525,2026-02-12 02:00:00,Gorra,5,113746.39
ORD-02157,CUST-1517,2026-06-13 16:00:00,Taza Cerámica,4,63930.25
ORD-02158,CUST-771,2026-05-17 09:00:00,Gorra,2,47860.38
ORD-02159,CUST-462,2026-07-21 16:00:00,Buzo Canguro,2,10225.82
ORD-02160,CUST-1560,2026-04-10 12:00:00,Remera Sublimada,3,23041.1
ORD-02161,CUST-1793,,Remera Sublimada,2,21726.64
ORD-02162,CUST-1674,2026-07-27 00:00:00,Remera Sublimada,4,83121.96
ORD-02163,CUST-181,2026-05-11 17:00:00,Buzo Canguro,3,68123.35
ORD-02164,CUST-455,2026-02-09 17:00:00,Remera Sublimada,4,69450.76
ORD-02165,CUST-1381,2026-07-03 14:00:00,Taza Cerámica,4,50658.91
ORD-02166,CUST-1841,2026-06-14 09:00:00,Taza Cerámica,3,54950.74
ORD-02167,CUST-688,2026-07-07 14:00:00,Remera Sublimada,5,43089.94
ORD-02168,CUST-1647,2026-05-04 03:00:00,Remera Sublimada,2,28314.96
ORD-02169,CUST-394,2026-04-23 17:00:00,Remera Sublimada,1,15150.88
ORD-02170,CUST-1347,2026-07-27 11:00:00,Taza Cerámica,1,7097.42
ORD-02171,CUST-1648,2026-04-16 13:00:00,Buzo Canguro,1,5677.45
ORD-02172,CUST-1169,,Remera Sublimada,2,-40004.22
ORD-02173,CUST-1790,2026-05-25 09:00:00,Gorra,5,78470.64
ORD-02174,CUST-1236,2026-04-05 05:00:00,Buzo Canguro,4,46579.1
ORD-02175,CUST-1356,2026-07-23 09:00:00,Buzo Canguro,3,41233.72
ORD-02176,CUST-116,2026-02-20 15:00:00,Taza Cerámica,5,120770.34
ORD-02177,CUST-459,15/05/2026,Gorra,1,12698.28
ORD-02178,CUST-1346,2026-05-30 13:00:00,Taza Cerámica,2,14139.17
ORD-02179,CUST-965,2026-05-08 19:00:00,Buzo Canguro,2,28544.09
ORD-02180,CUST-799,2026-03-09 07:00:00,Remera Sublimada,3,53882.9
ORD-02181,CUST-547,2026-03-16 01:00:00,Taza Cerámica,4,20969.05
ORD-02182,CUST-955,2026-06-13 21:00:00,Buzo Canguro,5,58234.06
ORD-02183,CUST-464,2026-04-10 12:00:00,Taza Cerámica,5,64351.44
ORD-02184,CUST-774,2026-06-17 09:00:00,Gorra,5,71371.48
ORD-02185,CUST-1107,2026-03-04 00:00:00,Remera Algodón,4,44134.74
ORD-02186,CUST-1449,2026-06-06 02:00:00,Remera Sublimada,4,73353.78
ORD-02187,CUST-566,2026-03-02 17:00:00,Remera Sublimada,4,95576.74
ORD-02188,CUST-513,2026-03-01 02:00:00,Remera Sublimada,3,69839.89
ORD-02189,CUST-1578,2026-03-02 08:00:00,Taza Cerámica,2,36575.74
ORD-02190,CUST-685,2026-07-04 01:00:00,Remera Sublimada,1,15137.68
ORD-02191,CUST-1356,2026-04-03 02:00:00,Remera Sublimada,4,86065.21
ORD-02192,CUST-1347,2026-07-24 03:00:00,Remera Sublimada,2,43437.49
ORD-02193,CUST-1093,2026-02-25 18:00:00,Remera Sublimada,4,86365.84
ORD-02194,CUST-1954,2026-06-21 06:00:00,Remera Sublimada,1,8156.92
ORD-02195,CUST-1535,2026-03-16 02:00:00,Remera Sublimada,4,22034.59
ORD-02196,CUST-671,2026-03-27 22:00:00,Taza Cerámica,2,49327.74
ORD-02197,CUST-434,2026-06-17 01:00:00,Remera Sublimada,3,72579.25
ORD-02198,CUST-1345,2026-03-13 11:00:00,Remera Sublimada,1,16287.57
ORD-02199,CUST-136,2026-04-05 11:00:00,Gorra,2,49722.55
ORD-02200,CUST-1088,2026-03-19 01:00:00,Gorra,5,102054.7
ORD-02201,CUST-377,2026-05-07 17:00:00,Remera Sublimada,5,76738.02
ORD-02202,CUST-1319,2026-04-18 13:00:00,Remera Sublimada,5,63933.11
ORD-02203,CUST-1015,2026-04-10 09:00:00,Taza Cerámica,3,50571.79
ORD-02204,CUST-1987,2026-03-16 09:00:00,Remera Sublimada,4,61264.17
ORD-02205,CUST-583,2026-03-28 10:00:00,Remera Sublimada,4,99504.2
ORD-02206,CUST-1365,2026-06-07 01:00:00,Remera Sublimada,4,59236.83
ORD-02207,CUST-1447,2026-03-02 06:00:00,Remera Sublimada,3,65155.27
ORD-02208,CUST-830,2026-05-29 22:00:00,Buzo Canguro,5,106362.38
ORD-02209,CUST-291,2026-04-08 12:00:00,Gorra,4,25712.5
ORD-02210,CUST-1140,2026-02-03 20:00:00,Taza Cerámica,3,20220.41
ORD-02211,CUST-623,2026-03-15 16:00:00,Buzo Canguro,3,54588.61
ORD-02212,CUST-1017,2026-03-14 11:00:00,Buzo Canguro,2,20364.32
ORD-02213,CUST-500,2026-02-11 06:00:00,Buzo Canguro,4,72602.16
ORD-02214,CUST-985,2026-05-09 17:00:00,Buzo Canguro,5,39462.59
ORD-02215,CUST-804,2026-04-26 03:00:00,Remera Sublimada,1,12941.36
ORD-02216,CUST-121,2026-05-15 19:00:00,Taza Cerámica,3,21148.22
ORD-02217,CUST-573,2026-03-18 11:00:00,Gorra,2,21283.72
ORD-02218,CUST-1243,2026-02-22 20:00:00,Remera Sublimada,1,6765.97
ORD-02219,CUST-309,2026-05-25 10:00:00,Gorra,3,73234.72
ORD-02220,CUST-405,2026-06-05 07:00:00,Buzo Canguro,2,25802.34
ORD-02221,CUST-1393,2026-05-09 14:00:00,Buzo Canguro,4,92095.1
ORD-02222,CUST-803,2026-04-14 18:00:00,Remera Sublimada,2,48846.87
ORD-02223,CUST-786,2026-02-20 07:00:00,Taza Cerámica,3,69573.76
ORD-02224,CUST-384,2026-02-25 18:00:00,Gorra,4,56396.77
ORD-02225,CUST-815,2026-02-05 10:00:00,Taza Cerámica,5,102889.73
ORD-02226,CUST-1799,2026-06-08 07:00:00,Remera Sublimada,2,16147.98
ORD-02227,CUST-862,2026-07-05 07:00:00,Remera Sublimada,1,6896.65
ORD-02228,CUST-1350,2026-02-26 18:00:00,Buzo Canguro,4,90152.12
ORD-02229,CUST-1047,2026-06-08 17:00:00,Buzo Canguro,4,22489.61
ORD-02230,CUST-480,2026-07-20 06:00:00,Buzo Canguro,5,122232.74
ORD-02231,CUST-559,2026-07-19 00:00:00,Remera Algodón,2,36885.36
ORD-02232,CUST-1130,2026-05-08 14:00:00,Taza Cerámica,1,13392.26
ORD-02233,CUST-128,2026-02-16 22:00:00,Buzo Canguro,5,39137.53
ORD-02234,CUST-1006,2026-06-15 11:00:00,Remera Sublimada,2,38929.25
ORD-02235,CUST-1156,2026-04-13 04:00:00,Remera Sublimada,1,16262.24
ORD-02236,CUST-1769,2026-05-17 20:00:00,Taza Cerámica,1,19222.54
ORD-02237,CUST-978,2026-07-27 04:00:00,Gorra,3,40075.33
ORD-02238,CUST-178,2026-02-22 14:00:00,Taza Cerámica,1,6325.2
ORD-02239,CUST-1046,2026-02-13 00:00:00,Buzo Canguro,2,22598.89
ORD-02240,CUST-558,2026-05-18 22:00:00,Remera Sublimada,5,56502.08
ORD-02241,CUST-669,2026-05-08 10:00:00,Remera Algodón,5,25867.92
ORD-02242,CUST-1661,2026-02-18 17:00:00,Remera Algodón,3,15574.86
ORD-02243,CUST-1605,2026-05-28 15:00:00,Buzo Canguro,2,23230.33
ORD-02244,CUST-1553,2026-03-11 00:00:00,Remera Sublimada,1,19552.47
ORD-02245,CUST-837,2026-07-04 15:00:00,Buzo Canguro,3,52442.62
ORD-02246,CUST-1408,2026-07-16 01:00:00,Gorra,4,39121.41
ORD-02247,CUST-615,2026-05-24 05:00:00,Taza Cerámica,2,34110.51
ORD-02248,CUST-1222,2026-03-18 17:00:00,Taza Cerámica,3,53842.66
ORD-02249,CUST-496,2026-07-16 09:00:00,Remera Sublimada,5,77256.99
ORD-02250,CUST-1612,2026-06-26 08:00:00,Remera Sublimada,3,46281.24
ORD-02251,CUST-138,2026-04-13 09:00:00,Remera Sublimada,4,49579.83
ORD-02252,CUST-1394,2026-02-17 22:00:00,Remera Algodón,2,14935.77
ORD-02253,CUST-986,2026-07-07 05:00:00,Buzo Canguro,3,38129.03
ORD-02254,CUST-896,2026-06-30 21:00:00,Taza Cerámica,1,11906.69
ORD-02255,CUST-256,2026-02-06 06:00:00,Remera Sublimada,2,33678.9
ORD-02256,CUST-1198,2026-06-20 02:00:00,Remera Algodón,3,66375.61
ORD-02257,CUST-983,2026-06-22 21:00:00,Gorra,3,37522.51
ORD-02258,CUST-1923,2026-03-23 22:00:00,Remera Sublimada,2,38389.41
ORD-02259,CUST-1253,2026-07-26 06:00:00,Gorra,5,106183.04
ORD-02260,CUST-1810,2026-05-15 17:00:00,Remera Sublimada,1,9235.03
ORD-02261,CUST-1073,2026-04-30 12:00:00,Remera Sublimada,2,46066.01
ORD-02262,CUST-1207,2026-06-18 20:00:00,Remera Sublimada,1,6408.9
ORD-02263,CUST-1145,2026-02-09 14:00:00,Remera Algodón,1,23034.39
ORD-02264,CUST-1582,2026-03-24 01:00:00,Remera Algodón,2,16545.32
ORD-02265,CUST-1662,2026-07-03 12:00:00,Remera Sublimada,3,35230.18
ORD-02266,CUST-1830,2026-03-23 01:00:00,Taza Cerámica,5,85523.52
ORD-02267,CUST-948,2026-03-07 05:00:00,Taza Cerámica,1,23113.67
ORD-02268,CUST-1505,2026-06-11 09:00:00,Gorra,1,10114.03
ORD-02269,CUST-847,2026-05-31 05:00:00,Remera Sublimada,3,60814.43
ORD-02270,CUST-1563,2026-07-26 16:00:00,Buzo Canguro,2,38417.43
ORD-02271,CUST-1727,2026-06-27 02:00:00,Taza Cerámica,5,40970.88
ORD-02272,CUST-1088,2026-05-14 08:00:00,Remera Sublimada,1,14589.28
ORD-02273,CUST-120,2026-05-27 11:00:00,Remera Sublimada,1,14630.1
ORD-02274,CUST-402,2026-06-13 02:00:00,Taza Cerámica,2,22184.47
ORD-02275,CUST-968,2026-06-19 03:00:00,Remera Sublimada,3,61795.28
ORD-02276,CUST-183,2026-06-09 17:00:00,Remera Algodón,4,94074.71
ORD-02277,CUST-1897,2026-02-12 12:00:00,Remera Sublimada,3,57994.35
ORD-02278,CUST-1782,2026-03-13 01:00:00,Remera Algodón,1,24459.09
ORD-02279,CUST-1576,2026-03-09 12:00:00,Remera Sublimada,1,6009.37
ORD-02280,CUST-1510,2026-07-26 02:00:00,Remera Sublimada,5,28722.27
ORD-02281,CUST-1630,2026-06-30 03:00:00,Remera Sublimada,3,68631.52
ORD-02282,CUST-1380,15/05/2026,Taza Cerámica,4,91824.03
ORD-02283,CUST-669,2026-03-30 13:00:00,Taza Cerámica,5,35712.08
ORD-02284,CUST-1033,2026-03-01 02:00:00,Remera Sublimada,4,48595.68
ORD-02285,CUST-1650,2026-06-23 09:00:00,Remera Sublimada,5,108539.46
ORD-02286,CUST-1285,2026-03-15 15:00:00,Buzo Canguro,3,22712.44
ORD-02287,CUST-1286,2026-04-15 16:00:00,Buzo Canguro,1,10348.56
ORD-02288,CUST-1955,2026-07-10 18:00:00,Taza Cerámica,4,74479.68
ORD-02289,CUST-1108,2026-02-02 22:00:00,Remera Sublimada,3,73913.94
ORD-02290,CUST-892,2026-04-07 05:00:00,Buzo Canguro,4,83771.11
ORD-02291,CUST-891,2026-03-03 18:00:00,Taza Cerámica,3,61639.06
ORD-02292,CUST-1647,2026-02-26 02:00:00,Remera Algodón,5,59266.27
ORD-02293,CUST-1909,2026-04-19 15:00:00,Taza Cerámica,3,54680.58
ORD-02294,CUST-1394,2026-04-06 20:00:00,Remera Sublimada,5,36308.83
ORD-02295,CUST-591,2026-04-08 21:00:00,Remera Sublimada,1,24845.34
ORD-02296,CUST-307,2026-05-01 17:00:00,Buzo Canguro,5,73058.43
ORD-02297,CUST-1662,2026-06-17 05:00:00,Buzo Canguro,2,35552.31
ORD-02298,CUST-1707,2026-04-28 20:00:00,Gorra,1,22523.44
ORD-02299,CUST-1183,2026-04-06 20:00:00,Taza Cerámica,3,15057.9
ORD-02300,CUST-529,2026-02-27 09:00:00,Buzo Canguro,3,73558.95
ORD-02301,CUST-1084,2026-06-03 05:00:00,Buzo Canguro,2,24366.37
ORD-02302,CUST-1780,2026-03-16 03:00:00,Buzo Canguro,3,35375.44
ORD-02303,CUST-1728,15/05/2026,Remera Sublimada,1,7901.27
ORD-02304,CUST-1432,2026-02-17 07:00:00,Remera Sublimada,1,22163.69
ORD-02305,CUST-619,2026-06-11 11:00:00,Buzo Canguro,5,112083.95
ORD-02306,CUST-690,2026-03-18 21:00:00,Remera Sublimada,4,21599.12
ORD-02307,CUST-1150,2026-07-08 04:00:00,Remera Sublimada,3,18343.51
ORD-02308,CUST-1809,2026-06-17 20:00:00,Remera Sublimada,2,46733.67
ORD-02309,CUST-1685,2026-02-11 04:00:00,Remera Sublimada,1,7457.36
ORD-02310,CUST-298,2026-05-10 16:00:00,Remera Sublimada,1,17418.55
ORD-02311,CUST-486,2026-07-09 00:00:00,Taza Cerámica,1,17393.01
ORD-02312,CUST-448,2026-07-17 13:00:00,Buzo Canguro,4,89578.43
ORD-02313,CUST-1059,2026-07-15 18:00:00,Buzo Canguro,4,65812.33
ORD-02314,CUST-792,2026-03-03 10:00:00,Buzo Canguro,3,41040.68
ORD-02315,CUST-1659,2026-04-28 01:00:00,Remera Algodón,2,48975.23
ORD-02316,CUST-1951,2026-05-16 02:00:00,Remera Sublimada,4,38305.24
ORD-02317,CUST-477,2026-02-02 06:00:00,Buzo Canguro,5,51271.8
ORD-02318,CUST-998,2026-05-12 20:00:00,Remera Sublimada,4,26781.57
ORD-02319,CUST-1015,2026-03-30 04:00:00,Buzo Canguro,1,24506.34
ORD-02320,CUST-1681,2026-07-30 12:00:00,Remera Algodón,2,38254.41
ORD-02321,CUST-626,2026-04-26 19:00:00,Taza Cerámica,3,15725.83
ORD-02322,CUST-1276,2026-04-02 05:00:00,Taza Cerámica,4,76345.12
ORD-02323,CUST-833,2026-06-28 17:00:00,Buzo Canguro,1,13082.72
ORD-02324,CUST-305,2026-02-25 01:00:00,Taza Cerámica,5,121754.97
ORD-02325,CUST-554,2026-06-01 05:00:00,Remera Sublimada,5,52738.75
ORD-02326,CUST-1396,2026-07-19 02:00:00,Buzo Canguro,3,57617.18
ORD-02327,CUST-1359,2026-02-01 18:00:00,Buzo Canguro,3,52646.05
ORD-02328,CUST-1975,2026-02-05 12:00:00,Remera Sublimada,4,20964.0
ORD-02329,CUST-1863,2026-06-27 11:00:00,Remera Sublimada,3,68113.02
ORD-02330,CUST-620,2026-03-20 18:00:00,Gorra,1,7792.25
ORD-02331,CUST-1801,2026-03-07 11:00:00,Remera Sublimada,1,18271.78
ORD-02332,CUST-1116,2026-05-05 04:00:00,Remera Sublimada,1,20510.97
ORD-02333,CUST-1055,2026-02-22 06:00:00,Buzo Canguro,4,70474.21
ORD-02334,CUST-1954,2026-07-25 21:00:00,Remera Sublimada,4,27769.11
ORD-02335,CUST-825,2026-06-11 20:00:00,Taza Cerámica,3,73510.75
ORD-02336,CUST-1113,,Buzo Canguro,4,38945.43
ORD-02337,CUST-600,2026-05-15 21:00:00,Taza Cerámica,1,17557.3
ORD-02338,CUST-216,15/05/2026,Remera Sublimada,2,41887.12
ORD-02339,CUST-485,2026-07-28 19:00:00,Taza Cerámica,1,23784.72
ORD-02340,CUST-1467,2026-02-16 17:00:00,Gorra,2,34160.42
ORD-02341,CUST-683,2026-05-27 11:00:00,Remera Sublimada,3,30543.25
ORD-02342,CUST-494,2026-05-20 09:00:00,Remera Sublimada,5,108663.9
ORD-02343,CUST-1187,2026-03-11 13:00:00,Gorra,4,33057.6
ORD-02344,CUST-1840,2026-05-23 14:00:00,Remera Sublimada,4,21782.59
ORD-02345,CUST-820,2026-07-22 08:00:00,Remera Sublimada,1,23162.98
ORD-02346,CUST-171,15/05/2026,Remera Sublimada,1,16507.78
ORD-02347,CUST-1912,2026-04-18 17:00:00,Remera Sublimada,2,12785.66
ORD-02348,CUST-373,2026-02-15 03:00:00,Remera Sublimada,4,66378.35
ORD-02349,CUST-1443,2026-04-04 04:00:00,Buzo Canguro,3,23700.85
ORD-02350,CUST-437,,Taza Cerámica,1,5627.72
ORD-02351,CUST-1489,2026-02-24 17:00:00,Remera Sublimada,4,29321.92
ORD-02352,CUST-1618,2026-03-21 17:00:00,Gorra,5,102510.74
ORD-02353,CUST-706,2026-02-07 03:00:00,Buzo Canguro,2,40226.44
ORD-02354,CUST-265,2026-05-01 04:00:00,Remera Algodón,1,17086.36
ORD-02355,CUST-1667,2026-04-01 22:00:00,Remera Algodón,1,9186.57
ORD-02356,CUST-110,2026-02-16 02:00:00,Taza Cerámica,3,59338.02
ORD-02357,CUST-1424,2026-03-01 22:00:00,Remera Algodón,1,13160.91
ORD-02358,CUST-828,2026-02-14 14:00:00,Taza Cerámica,4,60860.29
ORD-02359,CUST-900,15/05/2026,Gorra,4,91811.26
ORD-02360,CUST-201,2026-07-03 20:00:00,Remera Sublimada,4,56628.6
ORD-02361,CUST-1548,2026-06-25 22:00:00,Remera Sublimada,5,87636.62
ORD-02362,CUST-1515,2026-03-29 10:00:00,Taza Cerámica,5,121175.15
ORD-02363,CUST-878,2026-06-22 19:00:00,Buzo Canguro,1,14027.8
ORD-02364,CUST-313,2026-07-08 18:00:00,Gorra,5,81072.79
ORD-02365,CUST-1814,2026-05-14 12:00:00,Gorra,5,83441.46
ORD-02366,CUST-1211,2026-07-01 13:00:00,Remera Sublimada,3,29442.69
ORD-02367,CUST-1676,2026-03-05 06:00:00,Gorra,5,98692.21
ORD-02368,CUST-500,2026-02-18 08:00:00,Remera Sublimada,2,39065.48
ORD-02369,CUST-687,2026-07-11 21:00:00,Remera Sublimada,2,18542.27
ORD-02370,CUST-988,2026-02-17 18:00:00,Buzo Canguro,2,10533.52
ORD-02371,CUST-1169,2026-04-11 02:00:00,Remera Sublimada,1,24978.83
ORD-02372,CUST-1795,2026-05-31 04:00:00,Buzo Canguro,4,66527.02
ORD-02373,CUST-1586,2026-03-06 19:00:00,Buzo Canguro,3,25861.92
ORD-02374,CUST-691,2026-07-03 03:00:00,Remera Sublimada,1,10671.31
ORD-02375,CUST-1433,2026-04-15 09:00:00,Taza Cerámica,4,69423.36
ORD-02376,CUST-1209,2026-04-29 20:00:00,Buzo Canguro,3,23256.93
ORD-02377,CUST-191,2026-02-11 15:00:00,Remera Sublimada,3,17236.84
ORD-02378,CUST-1783,2026-06-07 16:00:00,Remera Sublimada,3,62908.79
ORD-02379,CUST-772,,Gorra,2,38633.85
ORD-02380,CUST-813,2026-02-16 02:00:00,Gorra,2,22384.07
ORD-02381,CUST-1035,15/05/2026,Remera Sublimada,2,12339.66
ORD-02382,CUST-341,2026-02-12 02:00:00,Remera Sublimada,3,44176.25
ORD-02383,CUST-1988,2026-02-21 17:00:00,Gorra,3,31571.18
ORD-02384,CUST-101,15/05/2026,Buzo Canguro,2,25911.17
ORD-02385,CUST-324,2026-02-17 08:00:00,Remera Sublimada,3,31438.16
ORD-02386,CUST-900,2026-06-14 19:00:00,Buzo Canguro,2,17010.7
ORD-02387,CUST-1868,2026-07-03 01:00:00,Buzo Canguro,2,25479.59
ORD-02388,CUST-688,2026-06-17 20:00:00,Taza Cerámica,2,48595.76
ORD-02389,CUST-215,2026-04-02 05:00:00,Remera Sublimada,4,41298.23
ORD-02390,CUST-1789,2026-02-03 19:00:00,Buzo Canguro,3,35158.0
ORD-02391,CUST-1017,2026-05-14 00:00:00,Remera Sublimada,1,11584.84
ORD-02392,CUST-1226,2026-03-27 00:00:00,Remera Algodón,2,29211.55
ORD-02393,CUST-293,2026-05-12 05:00:00,Taza Cerámica,1,21870.11
ORD-02394,CUST-1289,2026-03-17 01:00:00,Taza Cerámica,4,52169.81
ORD-02395,CUST-970,2026-07-25 14:00:00,Taza Cerámica,3,63368.88
ORD-02396,CUST-189,2026-02-26 13:00:00,Buzo Canguro,2,14600.48
ORD-02397,CUST-1809,2026-03-18 09:00:00,Remera Algodón,2,45796.29
ORD-02398,CUST-221,2026-02-17 13:00:00,Remera Sublimada,2,17412.16
ORD-02399,CUST-242,2026-07-14 15:00:00,Gorra,1,5784.03
ORD-02400,CUST-1093,2026-02-24 12:00:00,Remera Sublimada,4,32668.36
ORD-02401,CUST-205,2026-05-02 19:00:00,Remera Sublimada,3,26444.99
ORD-02402,CUST-986,2026-04-23 13:00:00,Buzo Canguro,4,60680.33
ORD-02403,CUST-527,2026-06-26 04:00:00,Taza Cerámica,2,27997.53
ORD-02404,CUST-1428,2026-02-26 08:00:00,Gorra,4,77269.95
ORD-02405,CUST-1995,2026-04-05 07:00:00,Buzo Canguro,1,6019.02
ORD-02406,CUST-416,2026-06-28 21:00:00,Buzo Canguro,5,74770.63
ORD-02407,CUST-734,2026-05-17 21:00:00,Remera Algodón,5,58247.12
ORD-02408,CUST-108,2026-07-08 20:00:00,Remera Sublimada,3,52842.38
ORD-02409,CUST-873,2026-05-03 02:00:00,Gorra,3,17621.98
ORD-02410,CUST-1196,2026-02-11 16:00:00,Buzo Canguro,4,22794.78
ORD-02411,CUST-1482,2026-05-11 22:00:00,Remera Sublimada,3,40635.1
ORD-02412,CUST-322,2026-06-27 11:00:00,Remera Sublimada,1,21226.79
ORD-02413,CUST-1539,2026-02-15 10:00:00,Buzo Canguro,2,36843.76
ORD-02414,CUST-652,2026-05-12 04:00:00,Remera Sublimada,2,10668.24
ORD-02415,CUST-1493,2026-03-01 17:00:00,Remera Sublimada,4,34277.77
ORD-02416,CUST-815,2026-05-18 11:00:00,Remera Sublimada,2,19069.26
ORD-02417,CUST-1387,15/05/2026,Remera Sublimada,4,53844.71
ORD-02418,CUST-1963,2026-02-15 19:00:00,Buzo Canguro,3,50202.94
ORD-02419,CUST-1813,2026-06-12 21:00:00,Gorra,3,27987.61
ORD-02420,CUST-1983,2026-03-22 05:00:00,Remera Sublimada,1,12650.28
ORD-02421,CUST-1441,2026-02-23 18:00:00,Buzo Canguro,2,33357.74
ORD-02422,CUST-1207,2026-04-16 01:00:00,Remera Sublimada,1,12668.71
ORD-02423,CUST-1441,2026-06-03 07:00:00,Buzo Canguro,5,39316.94
ORD-02424,CUST-210,,Gorra,1,14833.22
ORD-02425,CUST-350,2026-02-18 22:00:00,Buzo Canguro,4,45919.54
ORD-02426,CUST-482,2026-03-22 13:00:00,Gorra,4,89135.07
ORD-02427,CUST-106,2026-05-29 09:00:00,Buzo Canguro,1,20512.5
ORD-02428,CUST-558,2026-06-17 02:00:00,Buzo Canguro,3,26416.51
ORD-02429,CUST-1207,2026-06-19 11:00:00,Buzo Canguro,5,40263.58
ORD-02430,CUST-307,2026-04-08 20:00:00,Gorra,1,11953.53
ORD-02431,CUST-999,2026-07-17 13:00:00,Remera Algodón,3,39730.47
ORD-02432,CUST-1513,2026-07-06 10:00:00,Buzo Canguro,1,23640.36
ORD-02433,CUST-1437,2026-03-11 20:00:00,Gorra,2,22064.83
ORD-02434,CUST-121,2026-06-18 10:00:00,Remera Sublimada,4,89406.75
ORD-02435,CUST-509,2026-02-15 18:00:00,Remera Algodón,2,30212.37
ORD-02436,CUST-994,2026-03-20 21:00:00,Remera Sublimada,2,45424.95
ORD-02437,CUST-614,2026-06-29 19:00:00,Remera Sublimada,5,95195.38
ORD-02438,CUST-1250,2026-03-22 22:00:00,Remera Sublimada,3,57503.34
ORD-02439,CUST-908,2026-06-21 04:00:00,Remera Algodón,4,61503.8
ORD-02440,CUST-1823,2026-02-04 13:00:00,Gorra,2,43612.16
ORD-02441,CUST-973,2026-02-09 18:00:00,Remera Algodón,4,40353.98
ORD-02442,CUST-113,2026-07-13 04:00:00,Gorra,3,69441.08
ORD-02443,CUST-1070,2026-06-29 17:00:00,Buzo Canguro,1,17735.52
ORD-02444,CUST-1077,2026-05-08 07:00:00,Remera Algodón,2,27548.36
ORD-02445,CUST-1113,2026-04-22 10:00:00,Remera Algodón,3,73931.39
ORD-02446,CUST-1135,2026-05-06 01:00:00,Buzo Canguro,4,88961.13
ORD-02447,CUST-186,2026-02-06 21:00:00,Remera Sublimada,3,61321.26
ORD-02448,CUST-1647,2026-04-08 11:00:00,Taza Cerámica,1,10478.05
ORD-02449,CUST-1008,2026-05-11 11:00:00,Remera Algodón,3,73424.44
ORD-02450,CUST-1660,2026-04-07 01:00:00,Gorra,4,79439.0
ORD-02451,CUST-1424,2026-06-23 22:00:00,Gorra,2,34208.69
ORD-02452,CUST-1366,2026-07-07 16:00:00,Remera Algodón,2,46871.97
ORD-02453,CUST-221,2026-06-15 13:00:00,Gorra,5,41218.17
ORD-02454,CUST-1270,2026-07-22 16:00:00,Taza Cerámica,4,31121.28
ORD-02455,CUST-1690,2026-07-10 13:00:00,Taza Cerámica,5,81371.34
ORD-02456,CUST-849,2026-04-11 18:00:00,Remera Sublimada,5,30671.36
ORD-02457,CUST-1479,2026-04-29 05:00:00,Buzo Canguro,1,18279.74
ORD-02458,CUST-784,2026-02-27 17:00:00,Buzo Canguro,4,39259.29
ORD-02459,CUST-1856,2026-04-29 04:00:00,Gorra,2,14761.06
ORD-02460,CUST-1754,2026-05-31 05:00:00,Buzo Canguro,4,52759.67
ORD-02461,CUST-408,2026-03-06 07:00:00,Remera Sublimada,1,14318.99
ORD-02462,CUST-794,15/05/2026,Remera Sublimada,4,33638.79
ORD-02463,CUST-387,2026-02-24 00:00:00,Taza Cerámica,4,23322.82
ORD-02464,CUST-406,2026-02-18 11:00:00,Buzo Canguro,5,66405.56
ORD-02465,CUST-1935,2026-04-17 10:00:00,Remera Sublimada,4,80762.11
ORD-02466,CUST-1717,2026-07-06 07:00:00,Remera Sublimada,5,112419.98
ORD-02467,CUST-1013,2026-06-04 06:00:00,Buzo Canguro,5,34754.83
ORD-02468,CUST-1846,2026-07-01 20:00:00,Remera Sublimada,3,46480.53
ORD-02469,CUST-761,2026-07-12 10:00:00,Remera Sublimada,1,10268.06
ORD-02470,CUST-648,2026-07-13 19:00:00,Remera Sublimada,5,62463.39
ORD-02471,CUST-1475,2026-05-04 09:00:00,Buzo Canguro,4,94675.35
ORD-02472,CUST-411,2026-02-28 17:00:00,Buzo Canguro,5,60207.48
ORD-02473,CUST-972,2026-02-24 07:00:00,Remera Sublimada,5,61534.59
ORD-02474,CUST-1182,2026-05-17 21:00:00,Gorra,5,45939.58
ORD-02475,CUST-1766,2026-03-25 07:00:00,Remera Sublimada,2,48400.74
ORD-02476,CUST-1023,2026-06-12 03:00:00,Remera Sublimada,2,28259.49
ORD-02477,CUST-1837,2026-02-05 00:00:00,Remera Sublimada,2,32815.69
ORD-02478,CUST-854,2026-03-21 01:00:00,Remera Sublimada,2,28126.72
ORD-02479,CUST-134,2026-03-02 07:00:00,Remera Sublimada,3,30175.14
ORD-02480,CUST-544,2026-05-14 14:00:00,Remera Sublimada,5,106041.26
ORD-02481,CUST-192,2026-02-26 04:00:00,Buzo Canguro,3,16708.27
ORD-02482,CUST-1330,2026-02-07 07:00:00,Buzo Canguro,4,75219.47
ORD-02483,CUST-452,2026-05-03 06:00:00,Buzo Canguro,1,16885.46
ORD-02484,CUST-1002,2026-05-14 13:00:00,Taza Cerámica,3,23656.84
ORD-02485,CUST-1455,2026-03-25 17:00:00,Remera Sublimada,2,16636.2
ORD-02486,CUST-1940,2026-06-12 09:00:00,Remera Algodón,2,36369.02
ORD-02487,CUST-961,2026-05-19 15:00:00,Remera Sublimada,4,44971.1
ORD-02488,CUST-1848,2026-07-03 06:00:00,Taza Cerámica,5,51573.81
ORD-02489,CUST-258,2026-07-06 04:00:00,Remera Sublimada,1,6183.12
ORD-02490,CUST-1056,2026-04-08 11:00:00,Gorra,3,60988.99
ORD-02491,CUST-123,2026-05-22 09:00:00,Buzo Canguro,5,113267.19
ORD-02492,CUST-503,2026-06-28 18:00:00,Remera Sublimada,5,106984.44
ORD-02493,CUST-904,2026-06-04 10:00:00,Buzo Canguro,3,42962.05
ORD-02494,CUST-615,2026-05-15 02:00:00,Remera Sublimada,3,47037.38
ORD-02495,CUST-831,2026-02-07 22:00:00,Taza Cerámica,3,29536.57
ORD-02496,CUST-1487,2026-05-21 01:00:00,Taza Cerámica,3,25371.28
ORD-02497,CUST-1505,2026-05-17 18:00:00,Remera Sublimada,2,42920.05
ORD-02498,CUST-631,2026-03-30 08:00:00,Remera Sublimada,5,104834.42
ORD-02499,CUST-1055,2026-03-20 18:00:00,Remera Sublimada,5,102735.98
ORD-02500,CUST-251,2026-03-13 15:00:00,Taza Cerámica,2,28534.37
ORD-02501,CUST-1685,2026-07-23 09:00:00,Remera Sublimada,5,111450.78
ORD-02502,CUST-1812,2026-02-25 19:00:00,Buzo Canguro,3,70573.92
ORD-02503,CUST-1046,2026-04-19 11:00:00,Remera Algodón,1,11566.89
ORD-02504,CUST-707,2026-02-25 18:00:00,Remera Sublimada,5,47469.45
ORD-02505,CUST-1740,2026-03-11 22:00:00,Remera Algodón,1,14285.26
ORD-02506,CUST-519,2026-04-20 15:00:00,Buzo Canguro,1,8586.53
ORD-02507,CUST-1373,2026-02-27 07:00:00,Remera Sublimada,2,45360.12
ORD-02508,CUST-1240,2026-04-15 03:00:00,Buzo Canguro,4,47039.24
ORD-02509,CUST-965,15/05/2026,Taza Cerámica,5,82617.18
ORD-02510,CUST-1635,2026-06-03 14:00:00,Buzo Canguro,2,33788.78
ORD-02511,CUST-1863,2026-07-11 15:00:00,Remera Sublimada,2,30599.52
ORD-02512,CUST-677,2026-06-18 18:00:00,Remera Sublimada,1,8130.51
ORD-02513,CUST-434,2026-03-02 21:00:00,Taza Cerámica,5,124100.06
ORD-02514,CUST-1541,2026-02-03 04:00:00,Buzo Canguro,2,16904.13
ORD-02515,CUST-1031,2026-05-16 17:00:00,Buzo Canguro,3,60090.44
ORD-02516,CUST-1897,2026-07-26 01:00:00,Remera Sublimada,2,41654.51
ORD-02517,CUST-394,2026-03-26 05:00:00,Gorra,3,23709.82
ORD-02518,CUST-854,2026-05-18 07:00:00,Remera Algodón,4,94653.08
ORD-02519,CUST-1494,2026-06-03 01:00:00,Remera Sublimada,3,44265.53
ORD-02520,CUST-285,2026-05-22 01:00:00,Remera Sublimada,3,52732.98
ORD-02521,CUST-1369,2026-05-04 00:00:00,Gorra,1,17843.72
ORD-02522,CUST-736,2026-05-12 21:00:00,Gorra,2,30198.21
ORD-02523,CUST-1391,2026-05-08 14:00:00,Buzo Canguro,4,31361.76
ORD-02524,CUST-1766,2026-02-06 11:00:00,Remera Algodón,2,40070.13
ORD-02525,CUST-1360,2026-06-07 07:00:00,Buzo Canguro,3,49907.15
ORD-02526,CUST-629,2026-06-27 00:00:00,Remera Sublimada,3,22120.84
ORD-02527,CUST-1675,2026-03-05 07:00:00,Taza Cerámica,2,38012.88
ORD-02528,CUST-120,2026-03-04 04:00:00,Buzo Canguro,4,76221.06
ORD-02529,CUST-1010,2026-02-17 07:00:00,Remera Algodón,4,63878.92
ORD-02530,CUST-1860,2026-03-29 09:00:00,Remera Sublimada,1,6810.98
ORD-02531,CUST-966,2026-05-09 08:00:00,Buzo Canguro,3,36158.64
ORD-02532,CUST-893,2026-05-31 22:00:00,Taza Cerámica,3,18055.45
ORD-02533,CUST-1643,2026-07-13 17:00:00,Remera Sublimada,1,14551.92
ORD-02534,CUST-199,2026-03-26 19:00:00,Remera Sublimada,2,46257.89
ORD-02535,CUST-851,2026-02-25 02:00:00,Gorra,3,15135.18
ORD-02536,CUST-577,2026-07-24 01:00:00,Buzo Canguro,2,20665.55
ORD-02537,CUST-1722,2026-03-18 21:00:00,Buzo Canguro,4,83988.73
ORD-02538,CUST-1421,2026-06-19 15:00:00,Gorra,5,25986.08
ORD-02539,CUST-1039,2026-02-08 06:00:00,Remera Sublimada,1,5203.47
ORD-02540,CUST-625,2026-07-13 16:00:00,Remera Algodón,3,51649.12
ORD-02541,CUST-433,2026-03-18 05:00:00,Taza Cerámica,1,20784.0
ORD-02542,CUST-101,2026-06-16 21:00:00,Buzo Canguro,4,82120.43
ORD-02543,CUST-474,2026-07-15 07:00:00,Buzo Canguro,4,82366.24
ORD-02544,CUST-392,2026-03-06 14:00:00,Remera Algodón,4,48880.51
ORD-02545,CUST-936,2026-06-07 16:00:00,Remera Sublimada,4,90617.93
ORD-02546,CUST-1104,2026-07-11 14:00:00,Remera Sublimada,5,26283.56
ORD-02547,CUST-652,2026-05-21 19:00:00,Remera Sublimada,2,22487.55
ORD-02548,CUST-417,2026-05-29 15:00:00,Remera Sublimada,2,23487.51
ORD-02549,CUST-1625,2026-02-09 00:00:00,Buzo Canguro,5,41557.11
ORD-02550,CUST-1951,2026-05-24 12:00:00,Remera Algodón,2,23449.04
ORD-02551,CUST-480,2026-06-29 20:00:00,Gorra,4,66870.73
ORD-02552,CUST-1746,2026-02-10 05:00:00,Remera Sublimada,2,30811.17
ORD-02553,CUST-113,2026-05-26 12:00:00,Buzo Canguro,1,11388.55
ORD-02554,CUST-603,2026-04-06 19:00:00,Taza Cerámica,2,39973.1
ORD-02555,CUST-330,2026-03-29 14:00:00,Remera Sublimada,1,19295.81
ORD-02556,CUST-1207,2026-03-18 07:00:00,Gorra,3,31841.79
ORD-02557,CUST-229,2026-02-10 08:00:00,Gorra,1,11464.57
ORD-02558,CUST-1866,2026-05-24 08:00:00,Gorra,1,10750.4
ORD-02559,CUST-937,2026-06-19 11:00:00,Remera Sublimada,4,30308.09
ORD-02560,CUST-1268,2026-06-18 16:00:00,Buzo Canguro,4,80222.53
ORD-02561,CUST-990,2026-07-27 10:00:00,Remera Sublimada,4,23702.12
ORD-02562,CUST-1980,2026-05-29 03:00:00,Remera Sublimada,1,8011.61
ORD-02563,CUST-127,2026-03-11 20:00:00,Buzo Canguro,5,35530.45
ORD-02564,CUST-165,2026-03-28 07:00:00,Remera Algodón,4,86027.12
ORD-02565,CUST-1286,2026-06-09 21:00:00,Gorra,4,23520.68
ORD-02566,CUST-1352,2026-06-12 11:00:00,Remera Algodón,1,18292.55
ORD-02567,CUST-360,2026-03-07 12:00:00,Gorra,3,17668.48
ORD-02568,CUST-1572,2026-07-30 05:00:00,Remera Sublimada,3,62186.6
ORD-02569,CUST-1547,2026-04-28 03:00:00,Buzo Canguro,2,46508.56
ORD-02570,CUST-559,2026-03-24 15:00:00,Remera Sublimada,3,44210.59
ORD-02571,CUST-1799,2026-06-15 21:00:00,Remera Sublimada,4,84363.34
ORD-02572,CUST-400,2026-04-16 00:00:00,Buzo Canguro,5,95641.05
ORD-02573,CUST-1018,2026-03-30 06:00:00,Taza Cerámica,2,41825.41
ORD-02574,CUST-1426,2026-06-20 06:00:00,Taza Cerámica,5,101677.52
ORD-02575,CUST-386,2026-06-08 22:00:00,Remera Sublimada,5,45536.79
ORD-02576,CUST-1518,2026-05-17 15:00:00,Remera Sublimada,4,59964.72
ORD-02577,CUST-1133,2026-05-01 07:00:00,Remera Sublimada,1,24208.28
ORD-02578,CUST-1830,2026-05-09 12:00:00,Remera Sublimada,1,11870.66
ORD-02579,CUST-729,2026-04-18 22:00:00,Remera Sublimada,1,24409.74
ORD-02580,CUST-369,2026-05-30 03:00:00,Taza Cerámica,3,49989.7
ORD-02581,CUST-691,2026-04-30 11:00:00,Gorra,1,14232.23
ORD-02582,CUST-1728,2026-06-25 01:00:00,Buzo Canguro,4,72620.6
ORD-02583,CUST-1901,2026-06-21 17:00:00,Taza Cerámica,3,63950.35
ORD-02584,CUST-943,2026-02-28 14:00:00,Remera Sublimada,1,12884.16
ORD-02585,CUST-961,2026-03-05 19:00:00,Remera Algodón,5,28295.42
ORD-02586,CUST-1484,2026-07-20 11:00:00,Remera Sublimada,4,76704.5
ORD-02587,CUST-1380,2026-05-12 08:00:00,Gorra,4,96493.34
ORD-02588,CUST-232,2026-02-23 07:00:00,Remera Algodón,2,34999.47
ORD-02589,CUST-1399,2026-05-23 13:00:00,Gorra,4,35073.16
ORD-02590,CUST-1899,2026-05-02 12:00:00,Remera Sublimada,5,49824.25
ORD-02591,CUST-1806,2026-04-26 12:00:00,Taza Cerámica,4,92780.06
ORD-02592,CUST-1071,2026-03-03 04:00:00,Remera Sublimada,2,10542.48
ORD-02593,CUST-612,2026-06-02 10:00:00,Remera Sublimada,4,63899.73
ORD-02594,CUST-412,2026-03-26 04:00:00,Remera Sublimada,4,32694.21
ORD-02595,CUST-675,2026-06-21 10:00:00,Remera Algodón,2,21310.58
ORD-02596,CUST-985,2026-04-30 18:00:00,Remera Algodón,4,44558.53
ORD-02597,CUST-1407,2026-05-10 14:00:00,Remera Sublimada,3,28156.96
ORD-02598,CUST-1244,2026-04-12 05:00:00,Buzo Canguro,4,83388.17
ORD-02599,CUST-1230,2026-04-08 12:00:00,Remera Algodón,1,11644.18
ORD-02600,CUST-786,2026-07-17 04:00:00,Buzo Canguro,1,11909.7
ORD-02601,CUST-1327,2026-05-30 17:00:00,Remera Sublimada,3,42180.41
ORD-02602,CUST-264,2026-04-27 07:00:00,Buzo Canguro,4,92183.62
ORD-02603,CUST-404,2026-03-24 00:00:00,Taza Cerámica,5,93817.3
ORD-02604,CUST-1620,2026-04-22 09:00:00,Buzo Canguro,4,24939.98
ORD-02605,CUST-1755,2026-05-23 13:00:00,Taza Cerámica,1,5785.24
ORD-02606,CUST-1679,15/05/2026,Buzo Canguro,2,32655.57
ORD-02607,CUST-1947,2026-06-16 22:00:00,Remera Sublimada,3,68223.63
ORD-02608,CUST-255,2026-05-17 16:00:00,Remera Sublimada,2,22930.06
ORD-02609,CUST-1490,2026-04-05 17:00:00,Remera Sublimada,5,49777.18
ORD-02610,CUST-1842,2026-02-20 15:00:00,Buzo Canguro,4,79855.28
ORD-02611,CUST-719,2026-06-25 15:00:00,Remera Sublimada,5,85209.14
ORD-02612,CUST-1374,2026-02-19 07:00:00,Gorra,2,32601.09
ORD-02613,CUST-1056,2026-07-16 05:00:00,Buzo Canguro,4,31944.1
ORD-02614,CUST-433,2026-05-04 08:00:00,Taza Cerámica,5,42596.13
ORD-02615,CUST-1765,2026-05-11 11:00:00,Remera Algodón,1,10635.76
ORD-02616,CUST-1068,2026-04-17 22:00:00,Gorra,1,9136.78
ORD-02617,CUST-610,2026-06-25 14:00:00,Remera Algodón,3,73286.68
ORD-02618,CUST-1416,2026-04-14 06:00:00,Buzo Canguro,1,5372.22
ORD-02619,CUST-1143,2026-07-20 15:00:00,Remera Sublimada,1,17521.13
ORD-02620,CUST-381,15/05/2026,Remera Algodón,2,30703.95
ORD-02621,CUST-896,,Gorra,1,11465.02
ORD-02622,CUST-1124,2026-02-06 11:00:00,Gorra,1,22751.77
ORD-02623,CUST-218,2026-07-21 19:00:00,Taza Cerámica,2,36806.5
ORD-02624,CUST-1158,2026-07-13 01:00:00,Buzo Canguro,1,24967.09
ORD-02625,CUST-297,2026-04-03 04:00:00,Remera Sublimada,1,8373.12
ORD-02626,CUST-584,2026-06-24 07:00:00,Taza Cerámica,3,20272.07
ORD-02627,CUST-1880,2026-04-30 19:00:00,Remera Sublimada,1,7787.95
ORD-02628,CUST-1182,15/05/2026,Remera Sublimada,1,10385.82
ORD-02629,CUST-936,2026-06-18 11:00:00,Buzo Canguro,3,40007.22
ORD-02630,CUST-1284,2026-05-03 05:00:00,Buzo Canguro,2,44504.13
ORD-02631,CUST-1108,2026-06-28 04:00:00,Remera Sublimada,1,10671.84
ORD-02632,CUST-790,2026-02-23 08:00:00,Gorra,5,116524.33
ORD-02633,CUST-1329,2026-03-30 15:00:00,Gorra,2,28516.31
ORD-02634,CUST-1135,2026-03-18 21:00:00,Taza Cerámica,2,35882.8
ORD-02635,CUST-589,2026-02-08 19:00:00,Buzo Canguro,1,10288.15
ORD-02636,CUST-375,2026-07-29 13:00:00,Remera Algodón,3,24360.83
ORD-02637,CUST-792,2026-03-11 04:00:00,Remera Sublimada,2,44778.28
ORD-02638,CUST-341,2026-07-28 01:00:00,Taza Cerámica,3,21570.37
ORD-02639,CUST-1339,2026-04-16 21:00:00,Remera Sublimada,5,102402.13
ORD-02640,CUST-1374,2026-05-15 00:00:00,Remera Sublimada,3,49859.06
ORD-02641,CUST-1934,2026-03-03 21:00:00,Buzo Canguro,4,88891.02
ORD-02642,CUST-225,2026-07-22 01:00:00,Taza Cerámica,3,58069.1
ORD-02643,CUST-316,2026-06-02 16:00:00,Remera Sublimada,2,21266.56
ORD-02644,CUST-1429,2026-04-03 22:00:00,Remera Sublimada,3,49465.66
ORD-02645,CUST-1920,2026-03-18 06:00:00,Buzo Canguro,3,15784.42
ORD-02646,CUST-1308,2026-05-29 02:00:00,Buzo Canguro,4,58017.47
ORD-02647,CUST-1162,2026-07-16 19:00:00,Buzo Canguro,4,26881.09
ORD-02648,CUST-1346,2026-07-12 16:00:00,Remera Sublimada,1,13578.9
ORD-02649,CUST-1307,2026-03-16 11:00:00,Buzo Canguro,2,14384.47
ORD-02650,CUST-594,2026-07-08 16:00:00,Remera Sublimada,1,24109.6
ORD-02651,CUST-526,2026-03-31 09:00:00,Remera Sublimada,4,61845.44
ORD-02652,CUST-1301,2026-05-10 19:00:00,Buzo Canguro,3,69793.08
ORD-02653,CUST-1018,,Taza Cerámica,4,21789.3
ORD-02654,CUST-1551,2026-05-19 16:00:00,Remera Sublimada,5,88765.33
ORD-02655,CUST-1417,15/05/2026,Remera Sublimada,3,33417.27
ORD-02656,CUST-1975,2026-02-11 05:00:00,Buzo Canguro,1,13636.58
ORD-02657,CUST-250,2026-04-11 08:00:00,Remera Sublimada,3,67385.24
ORD-02658,CUST-483,2026-07-25 01:00:00,Remera Sublimada,5,123002.11
ORD-02659,CUST-1761,2026-05-12 16:00:00,Buzo Canguro,4,39719.36
ORD-02660,CUST-1936,2026-05-15 21:00:00,Remera Sublimada,2,47930.13
ORD-02661,CUST-407,2026-03-12 18:00:00,Remera Sublimada,2,37549.08
ORD-02662,CUST-1459,2026-04-08 17:00:00,Gorra,2,48056.56
ORD-02663,CUST-845,2026-04-05 18:00:00,Taza Cerámica,4,64989.36
ORD-02664,CUST-991,2026-03-19 05:00:00,Taza Cerámica,2,48430.25
ORD-02665,CUST-474,2026-02-16 07:00:00,Buzo Canguro,5,114245.55
ORD-02666,CUST-1131,2026-06-26 19:00:00,Taza Cerámica,4,30287.34
ORD-02667,CUST-1464,2026-07-26 10:00:00,Remera Algodón,2,22431.6
ORD-02668,CUST-228,2026-03-11 16:00:00,Taza Cerámica,1,9861.26
ORD-02669,CUST-1114,2026-05-24 11:00:00,Remera Sublimada,4,65767.95
ORD-02670,CUST-1899,2026-06-18 06:00:00,Buzo Canguro,4,84223.95
ORD-02671,CUST-768,2026-05-21 22:00:00,Buzo Canguro,3,60564.69
ORD-02672,CUST-1475,2026-06-09 16:00:00,Buzo Canguro,2,39069.97
ORD-02673,CUST-1481,2026-07-14 20:00:00,Buzo Canguro,1,12505.3
ORD-02674,CUST-616,2026-03-09 19:00:00,Gorra,5,38963.69
ORD-02675,CUST-1618,2026-02-24 22:00:00,Taza Cerámica,4,36846.68
ORD-02676,CUST-185,2026-02-25 06:00:00,Remera Sublimada,5,99167.75
ORD-02677,CUST-1298,2026-06-07 09:00:00,Remera Sublimada,5,39753.43
ORD-02678,CUST-1925,2026-05-04 06:00:00,Buzo Canguro,5,47294.67
ORD-02679,CUST-1316,2026-06-02 10:00:00,Remera Sublimada,3,40473.16
ORD-02680,CUST-410,2026-04-14 11:00:00,Remera Sublimada,5,32211.24
ORD-02681,CUST-1242,2026-03-07 03:00:00,Remera Sublimada,2,18507.68
ORD-02682,CUST-1341,2026-06-21 22:00:00,Remera Sublimada,2,15990.73
ORD-02683,CUST-526,2026-04-24 09:00:00,Remera Algodón,1,24026.44
ORD-02684,CUST-1537,2026-07-17 15:00:00,Remera Sublimada,1,8830.52
ORD-02685,CUST-213,2026-05-08 11:00:00,Remera Sublimada,5,111176.97
ORD-02686,CUST-1268,2026-03-06 06:00:00,Remera Sublimada,5,36479.82
ORD-02687,CUST-1661,15/05/2026,Buzo Canguro,3,67180.39
ORD-02688,CUST-1771,2026-03-03 01:00:00,Remera Sublimada,5,84943.38
ORD-02689,CUST-402,2026-05-14 14:00:00,Buzo Canguro,5,109970.59
ORD-02690,CUST-843,2026-03-29 10:00:00,Remera Sublimada,5,111734.87
ORD-02691,CUST-687,2026-03-06 06:00:00,Buzo Canguro,4,67709.88
ORD-02692,CUST-1086,2026-04-16 01:00:00,Gorra,4,93415.53
ORD-02693,CUST-1963,2026-02-16 06:00:00,Remera Sublimada,3,50126.9
ORD-02694,CUST-444,2026-04-18 04:00:00,Buzo Canguro,3,57753.9
ORD-02695,CUST-913,2026-04-22 20:00:00,Buzo Canguro,2,26643.22
ORD-02696,CUST-900,2026-07-22 18:00:00,Taza Cerámica,3,69844.06
ORD-02697,CUST-1124,2026-05-13 07:00:00,Buzo Canguro,2,42966.5
ORD-02698,CUST-1270,2026-04-18 04:00:00,Buzo Canguro,5,41671.31
ORD-02699,CUST-1410,2026-03-13 10:00:00,Taza Cerámica,3,49583.27
ORD-02700,CUST-1777,2026-04-02 06:00:00,Buzo Canguro,3,68809.64
ORD-02701,CUST-1176,2026-05-14 18:00:00,Remera Sublimada,3,62583.87
ORD-02702,CUST-1427,2026-04-11 10:00:00,Remera Sublimada,2,48502.11
ORD-02703,CUST-1192,2026-07-07 10:00:00,Taza Cerámica,2,19252.07
ORD-02704,CUST-460,2026-05-14 01:00:00,Gorra,1,12349.19
ORD-02705,CUST-1725,2026-02-19 03:00:00,Remera Algodón,2,30287.68
ORD-02706,CUST-1343,2026-04-11 16:00:00,Remera Algodón,2,19306.77
ORD-02707,CUST-1109,2026-03-29 04:00:00,Taza Cerámica,4,51523.62
ORD-02708,CUST-803,2026-04-02 06:00:00,Buzo Canguro,3,47252.35
ORD-02709,CUST-674,2026-07-03 00:00:00,Taza Cerámica,2,17653.57
ORD-02710,CUST-1708,2026-06-07 00:00:00,Buzo Canguro,3,30401.27
ORD-02711,CUST-1284,2026-05-26 05:00:00,Buzo Canguro,3,22490.55
ORD-02712,CUST-1804,2026-02-18 09:00:00,Remera Sublimada,4,77070.51
ORD-02713,CUST-1212,2026-05-03 10:00:00,Remera Sublimada,3,36693.12
ORD-02714,CUST-787,2026-04-18 04:00:00,Taza Cerámica,2,18810.65
ORD-02715,CUST-880,2026-04-25 00:00:00,Buzo Canguro,3,45439.45
ORD-02716,CUST-684,2026-03-24 02:00:00,Remera Sublimada,1,6364.99
ORD-02717,CUST-1880,2026-03-03 16:00:00,Remera Sublimada,1,23468.13
ORD-02718,CUST-688,2026-05-21 03:00:00,Gorra,4,43557.4
ORD-02719,CUST-1282,2026-07-04 20:00:00,Taza Cerámica,2,45458.57
ORD-02720,CUST-588,2026-06-25 21:00:00,Buzo Canguro,4,59809.61
ORD-02721,CUST-1070,2026-07-03 01:00:00,Buzo Canguro,1,22003.01
ORD-02722,CUST-1447,2026-04-27 04:00:00,Buzo Canguro,2,19882.58
ORD-02723,CUST-1733,2026-02-04 03:00:00,Remera Sublimada,3,25516.24
ORD-02724,CUST-1504,2026-02-06 19:00:00,Buzo Canguro,2,43976.47
ORD-02725,CUST-1225,2026-06-29 12:00:00,Taza Cerámica,5,46292.39
ORD-02726,CUST-593,2026-05-29 04:00:00,Remera Sublimada,2,39847.81
ORD-02727,CUST-1767,2026-04-30 22:00:00,Remera Sublimada,3,-35675.03
ORD-02728,CUST-1737,2026-07-17 19:00:00,Remera Sublimada,5,99819.37
ORD-02729,CUST-118,2026-07-11 13:00:00,Buzo Canguro,4,92611.7
ORD-02730,CUST-1577,2026-03-28 03:00:00,Remera Sublimada,2,49265.54
ORD-02731,CUST-1605,2026-04-22 20:00:00,Buzo Canguro,4,48784.76
ORD-02732,CUST-1717,2026-03-18 15:00:00,Buzo Canguro,2,24701.03
ORD-02733,CUST-496,2026-02-16 19:00:00,Gorra,1,24627.75
ORD-02734,CUST-1100,2026-07-07 07:00:00,Buzo Canguro,1,22230.56
ORD-02735,CUST-1402,2026-04-29 02:00:00,Remera Sublimada,3,17705.52
ORD-02736,CUST-950,2026-02-19 00:00:00,Buzo Canguro,1,16469.0
ORD-02737,CUST-1488,2026-04-07 14:00:00,Taza Cerámica,5,43124.48
ORD-02738,CUST-1454,2026-04-27 09:00:00,Remera Sublimada,5,124401.25
ORD-02739,CUST-1764,2026-06-30 13:00:00,Buzo Canguro,2,15556.92
ORD-02740,CUST-1467,2026-05-24 12:00:00,Remera Algodón,4,64747.81
ORD-02741,CUST-921,2026-03-05 04:00:00,Remera Sublimada,5,91519.84
ORD-02742,CUST-554,2026-04-18 13:00:00,Buzo Canguro,2,47482.59
ORD-02743,CUST-1724,2026-07-02 02:00:00,Gorra,4,87780.66
ORD-02744,CUST-824,2026-05-26 16:00:00,Buzo Canguro,1,9915.1
ORD-02745,CUST-1778,2026-05-05 02:00:00,Taza Cerámica,2,32904.96
ORD-02746,CUST-1188,2026-03-20 13:00:00,Remera Sublimada,4,-96285.92
ORD-02747,CUST-1199,,Remera Sublimada,3,59143.01
ORD-02748,CUST-810,2026-07-21 16:00:00,Taza Cerámica,3,56300.18
ORD-02749,CUST-242,2026-03-12 16:00:00,Taza Cerámica,5,100490.11
ORD-02750,CUST-1016,2026-04-26 22:00:00,Remera Algodón,4,45800.5
ORD-02751,CUST-927,2026-04-25 10:00:00,Remera Sublimada,3,58755.14
ORD-02752,CUST-704,2026-06-01 01:00:00,Buzo Canguro,5,48285.48
ORD-02753,CUST-1596,2026-04-15 10:00:00,Remera Sublimada,2,27124.11
ORD-02754,CUST-1540,2026-06-04 05:00:00,Remera Sublimada,2,45597.15
ORD-02755,CUST-404,2026-05-11 11:00:00,Buzo Canguro,4,21517.69
ORD-02756,CUST-835,2026-03-15 22:00:00,Remera Sublimada,4,53145.49
ORD-02757,CUST-1620,2026-02-23 12:00:00,Remera Sublimada,4,41345.74
ORD-02758,CUST-390,2026-03-09 05:00:00,Remera Sublimada,4,35887.17
ORD-02759,CUST-201,2026-04-06 05:00:00,Remera Sublimada,3,65314.53
ORD-02760,CUST-1390,2026-07-28 21:00:00,Remera Algodón,3,56789.91
ORD-02761,CUST-966,2026-05-16 14:00:00,Taza Cerámica,5,36263.27
ORD-02762,CUST-1067,2026-05-01 07:00:00,Remera Sublimada,3,44667.8
ORD-02763,CUST-1745,2026-03-23 15:00:00,Gorra,2,28676.23
ORD-02764,CUST-1073,2026-05-13 05:00:00,Buzo Canguro,5,39252.78
ORD-02765,CUST-941,2026-05-17 00:00:00,Gorra,3,62985.76
ORD-02766,CUST-1061,2026-04-01 13:00:00,Remera Sublimada,4,49333.92
ORD-02767,CUST-1041,2026-03-08 11:00:00,Buzo Canguro,3,60716.27
ORD-02768,CUST-1900,2026-07-16 10:00:00,Gorra,1,8841.25
ORD-02769,CUST-1126,2026-02-12 09:00:00,Remera Sublimada,5,56507.35
ORD-02770,CUST-184,2026-03-11 06:00:00,Remera Algodón,3,20710.26
ORD-02771,CUST-1917,15/05/2026,Gorra,3,23608.76
ORD-02772,CUST-427,2026-03-24 00:00:00,Remera Algodón,2,45327.34
ORD-02773,CUST-915,2026-06-21 17:00:00,Remera Sublimada,4,28729.01
ORD-02774,CUST-1573,2026-07-19 08:00:00,Remera Sublimada,4,27658.5
ORD-02775,CUST-553,2026-06-08 22:00:00,Remera Sublimada,2,47615.09
ORD-02776,CUST-728,2026-02-10 01:00:00,Remera Algodón,2,35836.14
ORD-02777,CUST-1344,2026-02-15 02:00:00,Remera Sublimada,1,7018.32
ORD-02778,CUST-1277,2026-03-15 05:00:00,Buzo Canguro,5,122171.67
ORD-02779,CUST-764,2026-04-08 10:00:00,Buzo Canguro,4,31768.0
ORD-02780,CUST-111,2026-02-15 12:00:00,Remera Sublimada,2,40653.83
ORD-02781,CUST-1256,2026-05-27 09:00:00,Remera Sublimada,2,11394.05
ORD-02782,CUST-403,15/05/2026,Buzo Canguro,5,87454.18
ORD-02783,CUST-1416,2026-03-29 17:00:00,Gorra,2,31868.15
ORD-02784,CUST-1074,2026-04-12 14:00:00,Remera Sublimada,1,9160.08
ORD-02785,CUST-1423,2026-06-26 17:00:00,Gorra,5,89314.61
ORD-02786,CUST-1863,2026-05-27 08:00:00,Taza Cerámica,1,17341.06
ORD-02787,CUST-882,2026-04-29 01:00:00,Buzo Canguro,3,62901.1
ORD-02788,CUST-142,2026-05-15 19:00:00,Buzo Canguro,4,90069.92
ORD-02789,CUST-1043,2026-03-15 06:00:00,Remera Sublimada,2,30404.2
ORD-02790,CUST-442,2026-07-16 09:00:00,Buzo Canguro,5,74029.52
ORD-02791,CUST-1449,2026-06-13 10:00:00,Taza Cerámica,1,17431.92
ORD-02792,CUST-1937,2026-04-06 01:00:00,Remera Sublimada,4,78336.61
ORD-02793,CUST-597,2026-05-31 00:00:00,Buzo Canguro,4,48493.69
ORD-02794,CUST-463,2026-06-10 20:00:00,Remera Sublimada,2,30185.68
ORD-02795,CUST-990,2026-06-28 22:00:00,Taza Cerámica,4,66808.33
ORD-02796,CUST-526,2026-06-29 03:00:00,Buzo Canguro,2,49535.12
ORD-02797,CUST-1104,15/05/2026,Buzo Canguro,3,50262.73
ORD-02798,CUST-120,2026-02-22 19:00:00,Remera Sublimada,2,18967.46
ORD-02799,CUST-506,2026-04-23 00:00:00,Remera Algodón,1,16759.8
ORD-02800,CUST-718,2026-03-02 00:00:00,Remera Sublimada,4,85559.97
ORD-02801,CUST-1114,2026-02-24 13:00:00,Buzo Canguro,4,88592.29
ORD-02802,CUST-435,2026-03-08 04:00:00,Buzo Canguro,4,84020.04
ORD-02803,CUST-1938,2026-02-24 22:00:00,Taza Cerámica,2,45528.38
ORD-02804,CUST-1240,2026-02-24 12:00:00,Remera Sublimada,5,58476.63
ORD-02805,CUST-1247,2026-07-02 21:00:00,Taza Cerámica,2,30302.82
ORD-02806,CUST-498,2026-02-26 01:00:00,Remera Sublimada,1,20591.82
ORD-02807,CUST-892,2026-04-21 05:00:00,Buzo Canguro,2,20578.0
ORD-02808,CUST-1927,2026-04-06 16:00:00,Taza Cerámica,4,49726.52
ORD-02809,CUST-814,2026-04-16 18:00:00,Taza Cerámica,3,64869.34
ORD-02810,CUST-150,2026-07-13 10:00:00,Taza Cerámica,1,20401.71
ORD-02811,CUST-1906,2026-03-01 04:00:00,Gorra,3,73271.97
ORD-02812,CUST-423,2026-04-22 21:00:00,Remera Sublimada,1,24919.48
ORD-02813,CUST-888,2026-03-11 09:00:00,Remera Algodón,1,9814.89
ORD-02814,CUST-240,2026-07-06 10:00:00,Remera Sublimada,4,92036.0
ORD-02815,CUST-569,2026-06-11 19:00:00,Taza Cerámica,2,13780.62
ORD-02816,CUST-886,2026-06-18 09:00:00,Buzo Canguro,4,76784.02
ORD-02817,CUST-1925,2026-06-22 11:00:00,Buzo Canguro,4,37607.95
ORD-02818,CUST-1457,2026-07-25 09:00:00,Remera Sublimada,4,44024.89
ORD-02819,CUST-1063,2026-05-05 09:00:00,Buzo Canguro,3,71779.27
ORD-02820,CUST-1107,2026-07-10 18:00:00,Remera Sublimada,1,10263.02
ORD-02821,CUST-472,2026-06-09 09:00:00,Remera Sublimada,5,92317.79
ORD-02822,CUST-1687,15/05/2026,Remera Sublimada,2,17125.14
ORD-02823,CUST-593,2026-07-08 06:00:00,Buzo Canguro,4,27471.2
ORD-02824,CUST-1662,2026-03-24 08:00:00,Remera Sublimada,1,11786.34
ORD-02825,CUST-1792,2026-02-22 01:00:00,Remera Sublimada,2,34967.84
ORD-02826,CUST-850,2026-05-21 16:00:00,Remera Sublimada,5,49794.51
ORD-02827,CUST-1279,2026-06-09 08:00:00,Remera Sublimada,5,55016.88
ORD-02828,CUST-390,2026-04-25 20:00:00,Gorra,4,76698.39
ORD-02829,CUST-1771,2026-05-11 07:00:00,Remera Algodón,5,35279.6
ORD-02830,CUST-1267,2026-03-17 03:00:00,Remera Sublimada,5,69690.51
ORD-02831,CUST-205,2026-06-17 08:00:00,Buzo Canguro,2,47669.38
ORD-02832,CUST-1543,2026-06-30 17:00:00,Taza Cerámica,2,25878.87
ORD-02833,CUST-769,2026-05-17 10:00:00,Buzo Canguro,4,54736.08
ORD-02834,CUST-1781,2026-07-17 08:00:00,Taza Cerámica,1,19764.09
ORD-02835,CUST-101,2026-06-14 18:00:00,Remera Sublimada,4,-82320.92
ORD-02836,CUST-688,2026-03-20 14:00:00,Buzo Canguro,3,61176.38
ORD-02837,CUST-743,2026-02-07 15:00:00,Remera Sublimada,5,124786.7
ORD-02838,CUST-189,2026-02-16 00:00:00,Remera Sublimada,1,6429.02
ORD-02839,CUST-1468,2026-05-26 04:00:00,Buzo Canguro,2,49290.13
ORD-02840,CUST-449,2026-07-15 16:00:00,Buzo Canguro,3,72011.38
ORD-02841,CUST-1582,2026-04-03 07:00:00,Remera Sublimada,3,66128.33
ORD-02842,CUST-1386,2026-06-05 00:00:00,Buzo Canguro,5,70412.56
ORD-02843,CUST-1474,2026-04-07 14:00:00,Taza Cerámica,2,44836.09
ORD-02844,CUST-1231,2026-02-20 17:00:00,Gorra,1,9416.65
ORD-02845,CUST-1709,2026-05-18 09:00:00,Buzo Canguro,2,41666.23
ORD-02846,CUST-1162,2026-07-02 03:00:00,Buzo Canguro,5,43523.83
ORD-02847,CUST-1008,2026-03-09 03:00:00,Buzo Canguro,3,63921.72
ORD-02848,CUST-258,2026-04-18 12:00:00,Remera Sublimada,5,86452.91
ORD-02849,CUST-1706,2026-06-26 01:00:00,Remera Sublimada,4,27842.5
ORD-02850,CUST-1058,2026-07-26 00:00:00,Remera Sublimada,3,68719.17
ORD-02851,CUST-411,2026-03-30 18:00:00,Buzo Canguro,5,82795.72
ORD-02852,CUST-1364,2026-02-28 02:00:00,Buzo Canguro,1,18124.97
ORD-02853,CUST-544,2026-06-05 09:00:00,Remera Algodón,1,10670.2
ORD-02854,CUST-397,2026-04-06 09:00:00,Taza Cerámica,1,22432.71
ORD-02855,CUST-1051,2026-04-26 08:00:00,Remera Sublimada,4,63616.06
ORD-02856,CUST-135,2026-05-22 14:00:00,Remera Sublimada,2,26844.81
ORD-02857,CUST-1207,2026-04-10 08:00:00,Remera Sublimada,1,15685.63
ORD-02858,CUST-1575,2026-06-30 08:00:00,Taza Cerámica,4,76265.05
ORD-02859,CUST-1898,2026-04-12 22:00:00,Taza Cerámica,1,18900.96
ORD-02860,CUST-1945,2026-02-25 08:00:00,Remera Algodón,4,48606.17
ORD-02861,CUST-1508,2026-06-14 22:00:00,Buzo Canguro,1,12705.17
ORD-02862,CUST-1295,2026-07-12 08:00:00,Gorra,2,32489.53
ORD-02863,CUST-1499,2026-04-01 16:00:00,Buzo Canguro,5,117440.71
ORD-02864,CUST-1808,2026-03-23 05:00:00,Gorra,1,19908.61
ORD-02865,CUST-1485,2026-03-09 01:00:00,Taza Cerámica,5,64041.5
ORD-02866,CUST-658,2026-07-19 13:00:00,Buzo Canguro,1,11740.65
ORD-02867,CUST-990,2026-07-14 03:00:00,Buzo Canguro,2,30945.47
ORD-02868,CUST-240,2026-04-20 07:00:00,Taza Cerámica,5,111999.14
ORD-02869,CUST-986,2026-07-04 03:00:00,Buzo Canguro,4,20694.34
ORD-02870,CUST-1241,2026-03-20 20:00:00,Remera Sublimada,1,19209.72
ORD-02871,CUST-1400,2026-02-28 03:00:00,Remera Sublimada,1,10890.25
ORD-02872,CUST-825,2026-03-23 07:00:00,Buzo Canguro,4,36671.8
ORD-02873,CUST-1343,2026-07-20 04:00:00,Buzo Canguro,2,10485.52
ORD-02874,CUST-1149,2026-03-01 17:00:00,Remera Sublimada,3,68795.44
ORD-02875,CUST-620,2026-02-10 09:00:00,Remera Sublimada,1,23244.97
ORD-02876,CUST-1906,2026-07-17 17:00:00,Remera Sublimada,4,24913.4
ORD-02877,CUST-109,2026-02-01 06:00:00,Buzo Canguro,3,46308.92
ORD-02878,CUST-1083,2026-02-21 00:00:00,Remera Sublimada,1,8051.49
ORD-02879,CUST-477,2026-02-15 03:00:00,Remera Sublimada,5,100868.76
ORD-02880,CUST-1756,2026-04-02 19:00:00,Remera Sublimada,4,73231.32
ORD-02881,CUST-1760,2026-06-18 22:00:00,Remera Sublimada,5,54713.08
ORD-02882,CUST-781,2026-05-16 01:00:00,Gorra,2,14678.41
ORD-02883,CUST-683,2026-06-04 13:00:00,Remera Sublimada,3,64873.24
ORD-02884,CUST-251,2026-07-26 00:00:00,Taza Cerámica,4,73940.2
ORD-02885,CUST-819,2026-05-09 06:00:00,Buzo Canguro,1,5136.4
ORD-02886,CUST-1172,2026-04-02 09:00:00,Remera Algodón,1,17557.44
ORD-02887,CUST-1277,2026-04-25 00:00:00,Remera Sublimada,3,63617.76
ORD-02888,CUST-958,2026-04-18 00:00:00,Remera Sublimada,5,84076.81
ORD-02889,CUST-1416,2026-06-13 15:00:00,Remera Sublimada,5,67471.37
ORD-02890,CUST-1703,2026-02-15 16:00:00,Remera Sublimada,4,66713.47
ORD-02891,CUST-149,2026-02-28 22:00:00,Taza Cerámica,4,69576.96
ORD-02892,CUST-763,2026-05-20 10:00:00,Remera Sublimada,5,89003.46
ORD-02893,CUST-630,2026-06-25 16:00:00,Remera Sublimada,4,97363.6
ORD-02894,CUST-1735,2026-05-09 12:00:00,Gorra,5,42864.78
ORD-02895,CUST-1183,2026-06-22 10:00:00,Buzo Canguro,3,52385.59
ORD-02896,CUST-1290,2026-02-28 09:00:00,Remera Sublimada,4,35039.47
ORD-02897,CUST-1325,2026-05-10 16:00:00,Remera Sublimada,5,45995.67
ORD-02898,CUST-956,2026-02-10 07:00:00,Remera Sublimada,4,73540.63
ORD-02899,CUST-245,2026-06-29 12:00:00,Remera Algodón,1,23319.08
ORD-02900,CUST-1014,2026-03-31 17:00:00,Gorra,1,8180.88
ORD-02901,CUST-1799,2026-03-02 16:00:00,Gorra,2,48498.62
ORD-02902,CUST-1092,2026-02-20 15:00:00,Remera Algodón,5,56937.23
ORD-02903,CUST-1562,2026-06-10 04:00:00,Buzo Canguro,2,25652.56
ORD-02904,CUST-341,2026-06-09 03:00:00,Remera Sublimada,5,40368.08
ORD-02905,CUST-680,2026-05-11 21:00:00,Buzo Canguro,4,69266.89
ORD-02906,CUST-786,2026-06-02 02:00:00,Taza Cerámica,5,84642.05
ORD-02907,CUST-1684,2026-02-09 21:00:00,Gorra,1,13845.39
ORD-02908,CUST-582,2026-03-06 10:00:00,Buzo Canguro,4,58087.31
ORD-02909,CUST-1231,2026-04-15 21:00:00,Buzo Canguro,1,17459.52
ORD-02910,CUST-1349,2026-04-11 17:00:00,Remera Algodón,4,66679.72
ORD-02911,CUST-772,2026-06-10 01:00:00,Remera Sublimada,5,62426.34
ORD-02912,CUST-730,2026-03-04 09:00:00,Gorra,5,113411.44
ORD-02913,CUST-760,2026-06-24 11:00:00,Remera Sublimada,1,18353.21
ORD-02914,CUST-761,2026-02-01 20:00:00,Buzo Canguro,3,27324.38
ORD-02915,CUST-1555,2026-04-13 15:00:00,Remera Sublimada,5,56990.3
ORD-02916,CUST-904,2026-03-22 12:00:00,Buzo Canguro,3,62272.69
ORD-02917,CUST-1778,2026-02-15 20:00:00,Buzo Canguro,4,28362.03
ORD-02918,CUST-518,2026-07-22 07:00:00,Remera Sublimada,3,60013.92
ORD-02919,CUST-1087,2026-04-15 13:00:00,Gorra,1,12176.85
ORD-02920,CUST-1578,2026-04-10 17:00:00,Taza Cerámica,2,32067.64
ORD-02921,CUST-1283,2026-06-27 14:00:00,Taza Cerámica,2,21222.32
ORD-02922,CUST-1646,2026-07-16 10:00:00,Remera Sublimada,1,24729.13
ORD-02923,CUST-749,2026-05-28 10:00:00,Gorra,2,46233.61
ORD-02924,CUST-1068,2026-02-20 19:00:00,Remera Sublimada,1,23569.0
ORD-02925,CUST-689,2026-02-21 17:00:00,Remera Sublimada,5,43477.55
ORD-02926,CUST-1200,2026-03-29 17:00:00,Remera Sublimada,3,65501.41
ORD-02927,CUST-608,2026-04-15 01:00:00,Buzo Canguro,2,31415.88
ORD-02928,CUST-540,2026-07-04 08:00:00,Gorra,5,95785.92
ORD-02929,CUST-1377,2026-05-21 18:00:00,Remera Sublimada,2,-18700.16
ORD-02930,CUST-1020,2026-07-09 09:00:00,Remera Sublimada,4,76958.77
ORD-02931,CUST-869,2026-04-09 05:00:00,Gorra,1,23285.34
ORD-02932,CUST-1443,,Buzo Canguro,1,10349.63
ORD-02933,CUST-1926,2026-05-01 14:00:00,Taza Cerámica,5,48335.99
ORD-02934,CUST-362,2026-05-23 06:00:00,Remera Sublimada,4,28353.16
ORD-02935,CUST-1720,2026-06-25 18:00:00,Taza Cerámica,3,31008.4
ORD-02936,CUST-1781,2026-07-29 16:00:00,Remera Sublimada,4,62863.38
ORD-02937,CUST-1958,2026-04-11 10:00:00,Remera Algodón,4,86617.3
ORD-02938,CUST-1677,15/05/2026,Buzo Canguro,3,31728.02
ORD-02939,CUST-1497,2026-04-16 06:00:00,Taza Cerámica,3,52268.66
ORD-02940,CUST-736,2026-07-04 21:00:00,Remera Sublimada,4,58367.26
ORD-02941,CUST-1290,2026-04-30 18:00:00,Remera Sublimada,2,21543.16
ORD-02942,CUST-1876,2026-07-09 09:00:00,Remera Sublimada,2,30414.36
ORD-02943,CUST-558,2026-07-19 03:00:00,Remera Sublimada,4,33436.99
ORD-02944,CUST-1098,2026-02-23 14:00:00,Remera Sublimada,2,35583.1
ORD-02945,CUST-1403,2026-02-13 01:00:00,Taza Cerámica,3,21939.76
ORD-02946,CUST-799,2026-06-24 08:00:00,Remera Sublimada,3,58858.83
ORD-02947,CUST-401,2026-07-06 12:00:00,Taza Cerámica,2,17108.51
ORD-02948,CUST-1654,2026-07-13 08:00:00,Remera Sublimada,3,74889.55
ORD-02949,CUST-1703,2026-03-03 20:00:00,Remera Sublimada,1,21473.45
ORD-02950,CUST-1341,2026-07-10 21:00:00,Taza Cerámica,3,35630.42
ORD-02951,CUST-1225,2026-03-31 08:00:00,Taza Cerámica,4,54096.38
ORD-02952,CUST-653,2026-05-23 01:00:00,Buzo Canguro,5,50919.1
ORD-02953,CUST-387,2026-05-07 21:00:00,Remera Sublimada,2,40684.58
ORD-02954,CUST-1290,2026-07-18 04:00:00,Buzo Canguro,2,25229.08
ORD-02955,CUST-720,2026-05-16 00:00:00,Buzo Canguro,3,60311.13
ORD-02956,CUST-1105,2026-04-15 22:00:00,Remera Sublimada,3,16104.09
ORD-02957,CUST-135,2026-06-12 02:00:00,Buzo Canguro,5,38562.1
ORD-02958,CUST-843,2026-06-06 09:00:00,Buzo Canguro,5,61497.43
ORD-02959,CUST-1864,2026-07-25 10:00:00,Remera Sublimada,4,28712.68
ORD-02960,CUST-452,2026-02-14 05:00:00,Remera Algodón,1,17022.56
ORD-02961,CUST-1799,2026-06-20 12:00:00,Taza Cerámica,4,24066.57
ORD-02962,CUST-172,2026-06-25 15:00:00,Remera Sublimada,2,44390.52
ORD-02963,CUST-747,2026-07-13 01:00:00,Buzo Canguro,3,60678.48
ORD-02964,CUST-1476,2026-04-16 08:00:00,Remera Sublimada,4,37300.52
ORD-02965,CUST-1193,2026-03-01 17:00:00,Gorra,3,44027.51
ORD-02966,CUST-524,2026-02-20 14:00:00,Buzo Canguro,3,42108.78
ORD-02967,CUST-1098,2026-02-14 01:00:00,Remera Sublimada,4,77989.17
ORD-02968,CUST-807,2026-07-27 21:00:00,Remera Sublimada,4,52120.71
ORD-02969,CUST-1904,2026-03-03 07:00:00,Remera Sublimada,5,28293.53
ORD-02970,CUST-660,2026-07-20 17:00:00,Buzo Canguro,1,10474.72
ORD-02971,CUST-927,2026-07-08 18:00:00,Taza Cerámica,5,71619.58
ORD-02972,CUST-1765,2026-06-16 02:00:00,Remera Sublimada,1,24489.84
ORD-02973,CUST-1055,2026-04-27 16:00:00,Remera Sublimada,4,90492.69
ORD-02974,CUST-616,2026-06-25 13:00:00,Remera Sublimada,1,8628.12
ORD-02975,CUST-527,2026-02-09 20:00:00,Remera Sublimada,2,38931.04
ORD-02976,CUST-1662,2026-07-15 10:00:00,Remera Sublimada,5,118682.55
ORD-02977,CUST-259,2026-02-20 02:00:00,Buzo Canguro,5,25879.26
ORD-02978,CUST-248,2026-03-25 14:00:00,Taza Cerámica,5,97094.57
ORD-02979,CUST-875,2026-05-21 10:00:00,Remera Algodón,3,-42560.01
ORD-02980,CUST-1353,2026-07-30 07:00:00,Remera Algodón,3,55814.17
ORD-02981,CUST-1835,2026-02-04 11:00:00,Buzo Canguro,4,68447.14
ORD-02982,CUST-1685,2026-07-18 05:00:00,Taza Cerámica,4,98773.24
ORD-02983,CUST-166,2026-03-19 11:00:00,Remera Algodón,3,32328.92
ORD-02984,CUST-1113,2026-03-20 15:00:00,Remera Sublimada,5,103614.3
ORD-02985,CUST-1935,2026-05-02 20:00:00,Remera Sublimada,3,29078.39
ORD-02986,CUST-480,2026-07-30 19:00:00,Remera Sublimada,1,13712.16
ORD-02987,CUST-157,2026-04-09 10:00:00,Buzo Canguro,5,122538.09
ORD-02988,CUST-1382,2026-06-05 08:00:00,Taza Cerámica,3,60968.18
ORD-02989,CUST-441,2026-02-04 11:00:00,Remera Sublimada,4,45265.7
ORD-02990,CUST-1961,2026-04-14 12:00:00,Buzo Canguro,3,52162.16
ORD-02991,CUST-1253,2026-03-20 05:00:00,Buzo Canguro,2,11987.68
ORD-02992,CUST-826,2026-05-17 12:00:00,Remera Sublimada,3,30983.69
ORD-02993,CUST-1295,2026-03-11 18:00:00,Remera Sublimada,5,96839.05
ORD-02994,CUST-869,2026-04-29 18:00:00,Remera Sublimada,3,49205.61
ORD-02995,CUST-713,2026-05-24 12:00:00,Remera Sublimada,4,57573.83
ORD-02996,CUST-1332,2026-04-18 20:00:00,Gorra,1,18817.52
ORD-02997,CUST-1926,2026-04-07 09:00:00,Gorra,2,25938.36
ORD-02998,CUST-453,2026-06-06 21:00:00,Gorra,5,27615.61
ORD-02999,CUST-1594,2026-03-30 08:00:00,Taza Cerámica,4,55282.13
ORD-03000,CUST-1921,2026-06-22 15:00:00,Taza Cerámica,2,46085.17
ORD-03001,CUST-215,2026-04-25 14:00:00,Taza Cerámica,3,66396.91
ORD-03002,CUST-1387,2026-05-07 00:00:00,Taza Cerámica,2,26359.89
ORD-03003,CUST-761,2026-06-25 12:00:00,Taza Cerámica,1,5444.43
ORD-03004,CUST-1935,2026-03-19 15:00:00,Buzo Canguro,2,35452.29
ORD-03005,CUST-1565,2026-06-24 01:00:00,Remera Sublimada,2,39647.78
ORD-03006,CUST-1671,2026-03-15 07:00:00,Taza Cerámica,3,32654.61
ORD-03007,CUST-552,2026-02-03 11:00:00,Remera Sublimada,3,43599.84
ORD-03008,CUST-1968,2026-04-25 15:00:00,Buzo Canguro,5,124185.68
ORD-03009,CUST-1600,2026-04-19 15:00:00,Buzo Canguro,3,49580.58
ORD-03010,CUST-386,2026-03-31 20:00:00,Remera Sublimada,2,24043.0
ORD-03011,CUST-1426,2026-07-27 10:00:00,Remera Algodón,1,17549.78
ORD-03012,CUST-1116,2026-03-21 18:00:00,Remera Sublimada,3,25801.34
ORD-03013,CUST-410,2026-03-05 11:00:00,Remera Sublimada,5,44925.24
ORD-03014,CUST-307,2026-02-15 17:00:00,Remera Sublimada,5,117492.47
ORD-03015,CUST-717,2026-05-03 22:00:00,Gorra,2,19568.0
ORD-03016,CUST-545,2026-05-05 00:00:00,Buzo Canguro,3,33647.36
ORD-03017,CUST-769,2026-03-17 14:00:00,Buzo Canguro,3,47626.63
ORD-03018,CUST-732,2026-02-15 19:00:00,Gorra,5,114969.26
ORD-03019,CUST-154,2026-03-18 05:00:00,Remera Sublimada,3,61886.93
ORD-03020,CUST-1011,2026-07-24 21:00:00,Remera Sublimada,2,11751.36
ORD-03021,CUST-1135,2026-07-22 10:00:00,Remera Sublimada,1,18860.59
ORD-03022,CUST-756,2026-07-07 19:00:00,Taza Cerámica,2,30162.46
ORD-03023,CUST-1523,2026-04-29 18:00:00,Buzo Canguro,3,43533.17
ORD-03024,CUST-1771,2026-04-07 21:00:00,Remera Sublimada,2,37662.33
ORD-03025,CUST-1079,2026-02-20 00:00:00,Remera Sublimada,4,35698.56
ORD-03026,CUST-614,2026-04-13 13:00:00,Remera Sublimada,4,98519.09
ORD-03027,CUST-1779,2026-04-14 01:00:00,Buzo Canguro,3,53718.39
ORD-03028,CUST-1665,2026-03-29 22:00:00,Remera Sublimada,3,36939.37
ORD-03029,CUST-336,2026-06-13 22:00:00,Remera Sublimada,1,17004.04
ORD-03030,CUST-1402,2026-04-02 07:00:00,Remera Sublimada,2,18658.83
ORD-03031,CUST-447,2026-02-16 21:00:00,Taza Cerámica,1,17676.84
ORD-03032,CUST-726,2026-07-26 12:00:00,Taza Cerámica,3,16693.03
ORD-03033,CUST-1227,2026-05-27 14:00:00,Buzo Canguro,3,35470.91
ORD-03034,CUST-729,2026-06-30 02:00:00,Taza Cerámica,5,99751.69
ORD-03035,CUST-1640,2026-05-13 21:00:00,Buzo Canguro,1,21159.56
ORD-03036,CUST-1995,2026-02-14 03:00:00,Remera Algodón,3,30175.16
ORD-03037,CUST-1371,2026-05-16 17:00:00,Remera Sublimada,4,63152.76
ORD-03038,CUST-463,2026-04-08 09:00:00,Buzo Canguro,5,77849.29
ORD-03039,CUST-420,2026-03-21 06:00:00,Buzo Canguro,2,26858.24
ORD-03040,CUST-1756,15/05/2026,Remera Sublimada,5,47843.3
ORD-03041,CUST-385,2026-03-29 10:00:00,Taza Cerámica,2,38129.13
ORD-03042,CUST-248,2026-05-24 04:00:00,Remera Sublimada,4,40188.93
ORD-03043,CUST-1207,2026-04-12 18:00:00,Remera Sublimada,2,46441.03
ORD-03044,CUST-505,2026-03-29 14:00:00,Remera Sublimada,1,15570.03
ORD-03045,CUST-1077,2026-05-22 04:00:00,Remera Sublimada,2,44819.13
ORD-03046,CUST-555,15/05/2026,Buzo Canguro,2,21629.71
ORD-03047,CUST-1866,2026-07-08 19:00:00,Buzo Canguro,5,105707.92
ORD-03048,CUST-899,2026-07-15 02:00:00,Taza Cerámica,4,29093.09
ORD-03049,CUST-1284,2026-04-14 08:00:00,Taza Cerámica,2,40673.21
ORD-03050,CUST-1112,2026-07-17 01:00:00,Remera Sublimada,1,12738.92
ORD-03051,CUST-883,2026-02-23 22:00:00,Buzo Canguro,5,71999.01
ORD-03052,CUST-559,2026-06-24 08:00:00,Gorra,4,33344.59
ORD-03053,CUST-1673,2026-02-13 18:00:00,Remera Sublimada,4,21490.22
ORD-03054,CUST-1623,2026-04-05 19:00:00,Buzo Canguro,3,54971.85
ORD-03055,CUST-837,2026-03-10 03:00:00,Taza Cerámica,1,16754.37
ORD-03056,CUST-608,2026-06-26 18:00:00,Buzo Canguro,5,87242.82
ORD-03057,CUST-1777,2026-06-17 12:00:00,Remera Sublimada,5,50500.18
ORD-03058,CUST-1927,2026-07-18 22:00:00,Remera Sublimada,1,9785.55
ORD-03059,CUST-580,2026-05-20 14:00:00,Buzo Canguro,4,86423.7
ORD-03060,CUST-1786,2026-07-21 11:00:00,Remera Algodón,2,40450.11
ORD-03061,CUST-213,2026-05-21 03:00:00,Remera Sublimada,1,11735.8
ORD-03062,CUST-848,,Remera Algodón,5,88780.57
ORD-03063,CUST-1701,2026-06-08 08:00:00,Remera Sublimada,1,21563.0
ORD-03064,CUST-460,2026-02-10 03:00:00,Remera Sublimada,4,91106.36
ORD-03065,CUST-440,2026-06-28 08:00:00,Buzo Canguro,3,15348.38
ORD-03066,CUST-869,2026-05-20 11:00:00,Buzo Canguro,3,63807.74
ORD-03067,CUST-860,2026-06-20 17:00:00,Remera Sublimada,2,24015.69
ORD-03068,CUST-1068,2026-05-05 11:00:00,Remera Sublimada,2,38735.13
ORD-03069,CUST-548,2026-04-04 19:00:00,Gorra,4,49712.11
ORD-03070,CUST-1966,2026-02-25 11:00:00,Remera Algodón,2,34249.96
ORD-03071,CUST-934,2026-06-29 10:00:00,Remera Sublimada,3,53806.95
ORD-03072,CUST-1303,2026-04-05 08:00:00,Remera Sublimada,4,52399.42
ORD-03073,CUST-1825,2026-06-06 17:00:00,Taza Cerámica,4,61022.83
ORD-03074,CUST-1530,2026-04-30 02:00:00,Buzo Canguro,4,78105.07
ORD-03075,CUST-1789,2026-05-27 16:00:00,Remera Sublimada,1,14526.11
ORD-03076,CUST-1319,2026-02-14 00:00:00,Remera Algodón,2,10559.22
ORD-03077,CUST-1589,2026-02-25 07:00:00,Remera Sublimada,5,26290.42
ORD-03078,CUST-410,2026-04-10 04:00:00,Buzo Canguro,3,54678.65
ORD-03079,CUST-361,2026-05-16 02:00:00,Buzo Canguro,2,43889.5
ORD-03080,CUST-1542,2026-06-27 22:00:00,Buzo Canguro,3,62116.41
ORD-03081,CUST-505,2026-02-09 21:00:00,Remera Sublimada,2,22416.01
ORD-03082,CUST-242,2026-05-05 17:00:00,Taza Cerámica,5,72112.79
ORD-03083,CUST-441,2026-06-24 00:00:00,Remera Algodón,3,29049.64
ORD-03084,CUST-1439,2026-06-10 13:00:00,Buzo Canguro,5,123914.99
ORD-03085,CUST-1224,2026-02-01 15:00:00,Buzo Canguro,3,30630.39
ORD-03086,CUST-343,2026-05-01 14:00:00,Remera Sublimada,1,13325.23
ORD-03087,CUST-589,2026-07-22 15:00:00,Gorra,1,18622.58
ORD-03088,CUST-111,2026-02-14 14:00:00,Remera Algodón,3,67561.06
ORD-03089,CUST-1362,2026-06-23 18:00:00,Taza Cerámica,3,18088.54
ORD-03090,CUST-660,2026-04-13 01:00:00,Buzo Canguro,5,55101.97
ORD-03091,CUST-141,2026-06-10 09:00:00,Remera Algodón,4,65518.87
ORD-03092,CUST-777,2026-05-10 22:00:00,Remera Sublimada,3,52098.78
ORD-03093,CUST-693,2026-04-13 22:00:00,Buzo Canguro,2,12801.1
ORD-03094,CUST-1552,2026-04-09 13:00:00,Buzo Canguro,2,36563.15
ORD-03095,CUST-1926,2026-05-28 09:00:00,Buzo Canguro,2,31122.57
ORD-03096,CUST-1281,2026-05-04 00:00:00,Gorra,1,21552.55
ORD-03097,CUST-1339,2026-04-09 00:00:00,Taza Cerámica,5,47218.92
ORD-03098,CUST-1793,2026-05-24 16:00:00,Remera Sublimada,1,8900.54
ORD-03099,CUST-1585,2026-05-14 22:00:00,Remera Sublimada,2,41733.49
ORD-03100,CUST-233,2026-07-10 19:00:00,Remera Sublimada,3,57232.15
ORD-03101,CUST-1190,2026-02-13 01:00:00,Buzo Canguro,2,41666.93
ORD-03102,CUST-1971,2026-06-04 18:00:00,Remera Sublimada,3,61916.05
ORD-03103,CUST-1130,2026-07-02 12:00:00,Remera Sublimada,5,35400.07
ORD-03104,CUST-1047,2026-04-29 10:00:00,Taza Cerámica,4,42286.64
ORD-03105,CUST-1649,2026-02-15 09:00:00,Gorra,3,30605.11
ORD-03106,CUST-172,2026-03-13 08:00:00,Remera Algodón,1,23691.75
ORD-03107,CUST-498,2026-03-24 00:00:00,Remera Algodón,2,29498.66
ORD-03108,CUST-1528,2026-02-17 11:00:00,Taza Cerámica,2,14442.29
ORD-03109,CUST-1798,2026-06-18 04:00:00,Remera Sublimada,2,21583.12
ORD-03110,CUST-677,2026-07-25 05:00:00,Gorra,3,67314.1
ORD-03111,CUST-958,2026-04-11 07:00:00,Remera Sublimada,5,109706.64
ORD-03112,CUST-229,2026-03-25 13:00:00,Taza Cerámica,3,69020.37
ORD-03113,CUST-1030,2026-07-22 22:00:00,Buzo Canguro,1,12770.58
ORD-03114,CUST-1589,2026-04-15 21:00:00,Gorra,2,35653.64
ORD-03115,CUST-1329,2026-02-20 14:00:00,Buzo Canguro,3,31690.44
ORD-03116,CUST-1911,2026-03-03 06:00:00,Remera Sublimada,2,17233.01
ORD-03117,CUST-1891,2026-03-30 08:00:00,Buzo Canguro,1,5438.02
ORD-03118,CUST-365,2026-02-10 09:00:00,Remera Sublimada,4,37875.28
ORD-03119,CUST-1660,2026-03-11 04:00:00,Remera Algodón,4,68349.93
ORD-03120,CUST-892,2026-05-30 02:00:00,Buzo Canguro,4,92336.83
ORD-03121,CUST-352,2026-03-15 14:00:00,Buzo Canguro,2,15336.82
ORD-03122,CUST-921,2026-03-24 04:00:00,Remera Algodón,3,70080.69
ORD-03123,CUST-1412,2026-03-28 11:00:00,Buzo Canguro,2,23815.41
ORD-03124,CUST-263,2026-04-09 14:00:00,Remera Sublimada,5,67682.84
ORD-03125,CUST-194,2026-06-17 06:00:00,Remera Sublimada,3,36898.71
ORD-03126,CUST-1905,2026-05-17 22:00:00,Buzo Canguro,1,13172.16
ORD-03127,CUST-932,2026-05-20 07:00:00,Gorra,4,40735.45
ORD-03128,CUST-1233,2026-03-16 21:00:00,Taza Cerámica,3,56916.28
ORD-03129,CUST-435,2026-07-02 18:00:00,Remera Algodón,3,60490.99
ORD-03130,CUST-921,2026-07-11 15:00:00,Remera Sublimada,4,85849.03
ORD-03131,CUST-337,15/05/2026,Remera Sublimada,1,11825.79
ORD-03132,CUST-480,2026-03-29 17:00:00,Remera Sublimada,2,40585.08
ORD-03133,CUST-1559,2026-05-18 17:00:00,Taza Cerámica,2,35507.01
ORD-03134,CUST-998,,Remera Sublimada,3,72474.97
ORD-03135,CUST-582,2026-05-01 07:00:00,Remera Sublimada,4,53982.81
ORD-03136,CUST-1001,2026-04-11 06:00:00,Buzo Canguro,5,124230.97
ORD-03137,CUST-1148,2026-07-01 21:00:00,Buzo Canguro,1,19807.88
ORD-03138,CUST-1776,2026-03-29 12:00:00,Taza Cerámica,2,41051.11
ORD-03139,CUST-1240,2026-02-09 06:00:00,Buzo Canguro,1,5514.1
ORD-03140,CUST-581,2026-06-17 12:00:00,Buzo Canguro,1,14947.97
ORD-03141,CUST-1515,2026-06-11 02:00:00,Buzo Canguro,1,15566.73
ORD-03142,CUST-1016,2026-02-21 19:00:00,Gorra,4,23248.01
ORD-03143,CUST-1093,2026-03-06 02:00:00,Remera Sublimada,4,44970.5
ORD-03144,CUST-1063,2026-02-15 05:00:00,Remera Sublimada,4,96451.53
ORD-03145,CUST-636,2026-05-20 20:00:00,Remera Sublimada,3,40566.69
ORD-03146,CUST-1202,2026-05-08 19:00:00,Remera Sublimada,4,34936.16
ORD-03147,CUST-1703,2026-04-24 00:00:00,Gorra,3,45800.32
ORD-03148,CUST-1296,15/05/2026,Remera Sublimada,2,11350.62
ORD-03149,CUST-1135,2026-05-29 01:00:00,Remera Algodón,2,30639.55
ORD-03150,CUST-1923,2026-04-20 13:00:00,Remera Sublimada,2,33770.73
ORD-03151,CUST-227,2026-06-27 10:00:00,Gorra,2,24307.77
ORD-03152,CUST-1731,2026-06-06 14:00:00,Taza Cerámica,2,40503.05
ORD-03153,CUST-191,2026-06-14 19:00:00,Buzo Canguro,4,30857.13
ORD-03154,CUST-1776,2026-04-14 04:00:00,Taza Cerámica,5,112818.34
ORD-03155,CUST-642,2026-05-09 05:00:00,Remera Sublimada,4,96435.59
ORD-03156,CUST-945,2026-02-26 17:00:00,Buzo Canguro,5,25123.45
ORD-03157,CUST-1655,2026-05-03 22:00:00,Remera Sublimada,4,87417.73
ORD-03158,CUST-1781,2026-07-29 08:00:00,Buzo Canguro,2,30244.21
ORD-03159,CUST-1088,2026-06-03 20:00:00,Taza Cerámica,1,14228.11
ORD-03160,CUST-1951,2026-04-19 12:00:00,Remera Sublimada,5,48867.91
ORD-03161,CUST-546,2026-03-15 11:00:00,Gorra,1,13946.5
ORD-03162,CUST-489,2026-03-23 18:00:00,Remera Sublimada,2,48017.09
ORD-03163,CUST-771,2026-06-29 18:00:00,Buzo Canguro,5,46078.76
ORD-03164,CUST-1984,2026-02-24 12:00:00,Remera Algodón,1,8580.82
ORD-03165,CUST-142,2026-07-06 13:00:00,Taza Cerámica,4,39351.7
ORD-03166,CUST-353,2026-05-31 17:00:00,Buzo Canguro,2,32073.37
ORD-03167,CUST-1253,2026-05-11 09:00:00,Taza Cerámica,4,94423.99
ORD-03168,CUST-1183,2026-07-07 16:00:00,Remera Algodón,4,65910.53
ORD-03169,CUST-762,2026-04-09 11:00:00,Remera Sublimada,2,19739.3
ORD-03170,CUST-566,2026-04-02 03:00:00,Buzo Canguro,5,69045.23
ORD-03171,CUST-386,2026-04-15 02:00:00,Buzo Canguro,3,38424.01
ORD-03172,CUST-1110,2026-05-22 01:00:00,Remera Sublimada,3,17794.17
ORD-03173,CUST-1640,2026-04-30 16:00:00,Remera Sublimada,2,30425.67
ORD-03174,CUST-1590,2026-02-26 07:00:00,Remera Sublimada,3,22560.38
ORD-03175,CUST-877,2026-05-10 17:00:00,Buzo Canguro,1,21844.88
ORD-03176,CUST-444,2026-02-01 15:00:00,Gorra,5,79896.29
ORD-03177,CUST-741,2026-05-14 02:00:00,Taza Cerámica,4,87568.52
ORD-03178,CUST-481,2026-03-13 04:00:00,Buzo Canguro,4,96483.57
ORD-03179,CUST-1902,2026-03-23 14:00:00,Remera Sublimada,2,47727.53
ORD-03180,CUST-789,2026-02-08 05:00:00,Remera Sublimada,4,28034.35
ORD-03181,CUST-1376,2026-05-25 18:00:00,Remera Sublimada,1,23896.34
ORD-03182,CUST-1179,2026-03-28 14:00:00,Buzo Canguro,1,20914.94
ORD-03183,CUST-1586,2026-05-14 09:00:00,Remera Sublimada,2,41106.32
ORD-03184,CUST-556,2026-05-13 13:00:00,Buzo Canguro,4,27210.28
ORD-03185,CUST-1082,2026-07-27 08:00:00,Remera Algodón,3,25770.88
ORD-03186,CUST-182,2026-04-24 04:00:00,Taza Cerámica,3,73509.8
ORD-03187,CUST-1222,2026-05-30 06:00:00,Taza Cerámica,5,46337.02
ORD-03188,CUST-248,2026-03-03 19:00:00,Taza Cerámica,2,16762.13
ORD-03189,CUST-1452,2026-02-23 15:00:00,Remera Sublimada,5,61235.16
ORD-03190,CUST-1279,2026-05-20 07:00:00,Remera Sublimada,3,69801.37
ORD-03191,CUST-289,2026-02-06 05:00:00,Gorra,3,43571.61
ORD-03192,CUST-1617,2026-07-19 03:00:00,Taza Cerámica,3,70235.02
ORD-03193,CUST-982,2026-02-27 10:00:00,Buzo Canguro,5,58433.88
ORD-03194,CUST-362,2026-04-10 16:00:00,Remera Sublimada,2,19061.15
ORD-03195,CUST-1203,2026-04-12 14:00:00,Buzo Canguro,1,14904.06
ORD-03196,CUST-499,2026-04-20 13:00:00,Remera Sublimada,1,17309.54
ORD-03197,CUST-863,2026-02-13 10:00:00,Remera Sublimada,3,38489.94
ORD-03198,CUST-708,2026-06-04 12:00:00,Remera Sublimada,2,23841.22
ORD-03199,CUST-1383,2026-05-01 21:00:00,Buzo Canguro,2,18722.37
ORD-03200,CUST-1895,2026-05-03 08:00:00,Remera Sublimada,4,42000.54
ORD-03201,CUST-1738,2026-02-04 16:00:00,Remera Sublimada,4,73849.44
ORD-03202,CUST-1675,2026-03-18 17:00:00,Taza Cerámica,5,61987.35
ORD-03203,CUST-884,2026-03-15 15:00:00,Buzo Canguro,4,26380.56
ORD-03204,CUST-200,2026-07-11 06:00:00,Buzo Canguro,5,38815.54
ORD-03205,CUST-1482,2026-06-04 09:00:00,Buzo Canguro,1,12447.58
ORD-03206,CUST-1503,2026-04-14 02:00:00,Remera Algodón,3,70470.15
ORD-03207,CUST-919,2026-05-29 22:00:00,Remera Sublimada,2,25161.21
ORD-03208,CUST-1344,2026-02-14 14:00:00,Remera Sublimada,1,6212.84
ORD-03209,CUST-919,2026-02-02 13:00:00,Buzo Canguro,1,13359.89
ORD-03210,CUST-519,2026-04-05 15:00:00,Remera Sublimada,5,91881.76
ORD-03211,CUST-223,2026-05-11 17:00:00,Buzo Canguro,3,50615.77
ORD-03212,CUST-521,2026-02-24 04:00:00,Buzo Canguro,5,52880.3
ORD-03213,CUST-1354,2026-05-02 06:00:00,Remera Algodón,1,18761.78
ORD-03214,CUST-1813,2026-02-26 00:00:00,Gorra,2,35224.97
ORD-03215,CUST-1186,2026-05-31 03:00:00,Remera Algodón,4,33773.84
ORD-03216,CUST-1608,2026-07-07 00:00:00,Remera Sublimada,5,41214.5
ORD-03217,CUST-1751,2026-03-22 13:00:00,Gorra,1,15943.66
ORD-03218,CUST-1826,2026-06-19 09:00:00,Remera Sublimada,4,72755.08
ORD-03219,CUST-1697,2026-04-03 16:00:00,Buzo Canguro,4,96952.85
ORD-03220,CUST-867,2026-07-14 14:00:00,Taza Cerámica,1,13438.61
ORD-03221,CUST-582,2026-02-21 12:00:00,Remera Sublimada,3,60896.35
ORD-03222,CUST-618,2026-02-09 10:00:00,Buzo Canguro,1,7330.41
ORD-03223,CUST-254,2026-04-11 00:00:00,Remera Sublimada,2,45584.36
ORD-03224,CUST-191,2026-05-29 05:00:00,Remera Sublimada,4,70648.6
ORD-03225,CUST-1081,2026-03-28 21:00:00,Remera Algodón,2,35161.21
ORD-03226,CUST-1649,15/05/2026,Remera Sublimada,5,39244.26
ORD-03227,CUST-554,2026-05-02 17:00:00,Remera Sublimada,4,23166.7
ORD-03228,CUST-1864,2026-06-08 14:00:00,Buzo Canguro,3,57086.95
ORD-03229,CUST-697,2026-06-02 04:00:00,Gorra,1,7341.13
ORD-03230,CUST-1768,2026-03-08 01:00:00,Remera Sublimada,5,37697.01
ORD-03231,CUST-609,2026-04-05 06:00:00,Remera Sublimada,2,17500.01
ORD-03232,CUST-1306,2026-07-20 15:00:00,Gorra,5,34774.65
ORD-03233,CUST-485,15/05/2026,Remera Sublimada,3,52523.55
ORD-03234,CUST-1697,2026-04-01 12:00:00,Remera Sublimada,1,13440.1
ORD-03235,CUST-1854,2026-02-01 00:00:00,Taza Cerámica,5,51609.61
ORD-03236,CUST-504,2026-03-05 05:00:00,Buzo Canguro,2,27629.98
ORD-03237,CUST-345,2026-02-25 12:00:00,Gorra,5,109414.0
ORD-03238,CUST-841,2026-03-31 00:00:00,Remera Sublimada,1,23541.59
ORD-03239,CUST-1714,2026-05-12 08:00:00,Remera Algodón,5,73747.61
ORD-03240,CUST-760,2026-07-08 16:00:00,Remera Algodón,2,32670.12
ORD-03241,CUST-749,2026-03-20 07:00:00,Remera Sublimada,1,10144.0
ORD-03242,CUST-1594,2026-07-27 14:00:00,Remera Sublimada,3,45816.02
ORD-03243,CUST-1949,2026-03-28 00:00:00,Remera Algodón,3,59887.18
ORD-03244,CUST-1546,2026-02-12 04:00:00,Buzo Canguro,4,59370.98
ORD-03245,CUST-1000,2026-06-14 00:00:00,Buzo Canguro,5,55207.29
ORD-03246,CUST-164,2026-02-25 00:00:00,Buzo Canguro,2,33281.37
ORD-03247,CUST-1136,2026-07-10 09:00:00,Taza Cerámica,5,119665.6
ORD-03248,CUST-312,2026-06-11 16:00:00,Gorra,1,22759.68
ORD-03249,CUST-341,2026-06-27 10:00:00,Remera Sublimada,4,81539.39
ORD-03250,CUST-592,15/05/2026,Remera Sublimada,2,21048.39
ORD-03251,CUST-1336,2026-02-02 08:00:00,Gorra,5,49155.95
ORD-03252,CUST-1816,2026-06-25 13:00:00,Gorra,2,43541.49
ORD-03253,CUST-437,2026-07-14 16:00:00,Buzo Canguro,1,8626.35
ORD-03254,CUST-272,2026-03-21 11:00:00,Remera Algodón,4,68448.9
ORD-03255,CUST-771,,Taza Cerámica,2,27557.2
ORD-03256,CUST-263,2026-06-11 10:00:00,Remera Sublimada,1,14359.73
ORD-03257,CUST-564,2026-03-29 17:00:00,Gorra,3,42272.6
ORD-03258,CUST-1094,2026-07-28 04:00:00,Buzo Canguro,2,45998.01
ORD-03259,CUST-596,2026-03-18 09:00:00,Remera Sublimada,4,26967.54
ORD-03260,CUST-799,2026-02-15 00:00:00,Remera Sublimada,2,41316.06
ORD-03261,CUST-494,,Taza Cerámica,2,43400.51
ORD-03262,CUST-802,2026-06-28 05:00:00,Remera Algodón,1,23857.54
ORD-03263,CUST-407,2026-02-24 21:00:00,Remera Sublimada,5,70260.0
ORD-03264,CUST-1891,2026-04-21 01:00:00,Remera Sublimada,5,75006.52
ORD-03265,CUST-282,2026-04-06 08:00:00,Buzo Canguro,2,48451.78
ORD-03266,CUST-728,2026-06-25 14:00:00,Gorra,4,56676.08
ORD-03267,CUST-1917,2026-05-05 18:00:00,Taza Cerámica,4,60283.88
ORD-03268,CUST-609,2026-02-27 21:00:00,Buzo Canguro,1,11645.09
ORD-03269,CUST-1831,2026-04-15 11:00:00,Buzo Canguro,2,11265.1
ORD-03270,CUST-645,2026-03-18 08:00:00,Remera Sublimada,2,27322.18
ORD-03271,CUST-1687,2026-04-02 13:00:00,Buzo Canguro,5,90509.13
ORD-03272,CUST-723,2026-04-26 09:00:00,Remera Sublimada,1,18798.92
ORD-03273,CUST-1887,2026-04-21 06:00:00,Gorra,3,15390.52
ORD-03274,CUST-693,2026-02-04 19:00:00,Remera Sublimada,4,84084.22
ORD-03275,CUST-843,2026-07-09 10:00:00,Taza Cerámica,4,-59393.25
ORD-03276,CUST-1350,2026-05-23 19:00:00,Remera Sublimada,2,30829.81
ORD-03277,CUST-1868,2026-03-08 21:00:00,Buzo Canguro,1,24234.87
ORD-03278,CUST-1856,2026-03-26 22:00:00,Remera Sublimada,3,32067.67
ORD-03279,CUST-1559,2026-06-07 16:00:00,Remera Sublimada,4,80932.16
ORD-03280,CUST-1545,2026-04-16 02:00:00,Remera Sublimada,1,16495.52
ORD-03281,CUST-653,2026-05-16 05:00:00,Taza Cerámica,3,57047.91
ORD-03282,CUST-120,2026-06-30 20:00:00,Remera Sublimada,2,26712.7
ORD-03283,CUST-653,2026-03-15 15:00:00,Taza Cerámica,5,52920.75
ORD-03284,CUST-496,2026-05-26 04:00:00,Buzo Canguro,4,63690.08
ORD-03285,CUST-724,2026-03-18 16:00:00,Buzo Canguro,4,49995.29
ORD-03286,CUST-204,2026-03-07 03:00:00,Buzo Canguro,3,28374.67
ORD-03287,CUST-291,2026-04-21 15:00:00,Remera Algodón,5,108923.61
ORD-03288,CUST-116,2026-07-04 03:00:00,Remera Sublimada,1,14516.63
ORD-03289,CUST-1243,2026-06-27 16:00:00,Remera Sublimada,2,43892.63
ORD-03290,CUST-492,2026-07-23 21:00:00,Remera Algodón,1,14480.63
ORD-03291,CUST-524,2026-05-30 00:00:00,Remera Sublimada,3,48407.86
ORD-03292,CUST-228,2026-07-22 03:00:00,Gorra,4,99622.42
ORD-03293,CUST-1253,2026-07-21 04:00:00,Remera Sublimada,4,96120.34
ORD-03294,CUST-671,2026-04-07 16:00:00,Taza Cerámica,1,10433.8
ORD-03295,CUST-1683,2026-07-18 05:00:00,Remera Sublimada,2,-44746.22
ORD-03296,CUST-128,2026-04-26 08:00:00,Remera Algodón,3,38424.21
ORD-03297,CUST-1220,2026-06-24 01:00:00,Buzo Canguro,2,12849.95
ORD-03298,CUST-1133,2026-05-17 11:00:00,Remera Sublimada,3,49546.86
ORD-03299,CUST-341,2026-04-13 10:00:00,Remera Sublimada,2,49082.07
ORD-03300,CUST-1949,2026-06-06 09:00:00,Remera Sublimada,1,24486.27
ORD-03301,CUST-331,2026-03-29 16:00:00,Taza Cerámica,5,37646.54
ORD-03302,CUST-888,2026-07-08 19:00:00,Remera Sublimada,3,61274.2
ORD-03303,CUST-1407,2026-06-21 18:00:00,Remera Sublimada,1,21056.66
ORD-03304,CUST-814,2026-02-07 08:00:00,Buzo Canguro,4,49499.58
ORD-03305,CUST-858,2026-03-26 07:00:00,Buzo Canguro,4,72687.61
ORD-03306,CUST-901,2026-04-27 17:00:00,Remera Sublimada,2,29526.38
ORD-03307,CUST-875,2026-04-02 22:00:00,Remera Sublimada,4,38231.45
ORD-03308,CUST-825,2026-02-02 17:00:00,Taza Cerámica,5,101126.43
ORD-03309,CUST-299,2026-03-03 00:00:00,Remera Algodón,3,30765.16
ORD-03310,CUST-1044,2026-04-21 10:00:00,Remera Sublimada,2,23617.91
ORD-03311,CUST-178,2026-07-11 06:00:00,Taza Cerámica,3,26401.1
ORD-03312,CUST-1055,2026-06-08 15:00:00,Remera Sublimada,3,58156.28
ORD-03313,CUST-1978,2026-06-06 13:00:00,Remera Sublimada,1,14174.48
ORD-03314,CUST-955,2026-03-19 13:00:00,Buzo Canguro,4,55469.86
ORD-03315,CUST-1296,2026-05-18 15:00:00,Remera Sublimada,3,51273.77
ORD-03316,CUST-566,2026-02-19 16:00:00,Buzo Canguro,5,40726.34
ORD-03317,CUST-680,2026-06-03 05:00:00,Gorra,5,114815.39
ORD-03318,CUST-1539,2026-05-18 16:00:00,Remera Algodón,4,57208.72
ORD-03319,CUST-1039,2026-04-14 17:00:00,Remera Sublimada,4,49322.15
ORD-03320,CUST-548,2026-04-22 11:00:00,Remera Sublimada,2,15067.62
ORD-03321,CUST-186,2026-02-23 21:00:00,Remera Algodón,2,16718.17
ORD-03322,CUST-200,2026-05-29 04:00:00,Remera Sublimada,2,46814.41
ORD-03323,CUST-1131,2026-03-31 03:00:00,Taza Cerámica,4,56529.36
ORD-03324,CUST-944,2026-02-03 22:00:00,Remera Sublimada,3,58331.04
ORD-03325,CUST-1323,2026-03-29 16:00:00,Remera Sublimada,1,6610.33
ORD-03326,CUST-1628,2026-07-17 03:00:00,Remera Sublimada,2,35738.58
ORD-03327,CUST-186,2026-03-27 12:00:00,Gorra,1,23430.38
ORD-03328,CUST-142,2026-02-01 20:00:00,Gorra,5,54996.35
ORD-03329,CUST-1508,2026-02-21 19:00:00,Remera Sublimada,4,66331.24
ORD-03330,CUST-1744,2026-04-23 10:00:00,Gorra,5,119021.91
ORD-03331,CUST-1558,2026-07-30 02:00:00,Remera Sublimada,2,38772.9
ORD-03332,CUST-507,2026-05-24 11:00:00,Remera Sublimada,3,18739.53
ORD-03333,CUST-1606,2026-07-10 09:00:00,Taza Cerámica,2,25149.49
ORD-03334,CUST-763,2026-04-05 07:00:00,Buzo Canguro,1,6715.46
ORD-03335,CUST-1140,2026-04-10 03:00:00,Remera Sublimada,2,44452.7
ORD-03336,CUST-1768,2026-02-28 20:00:00,Remera Sublimada,3,52299.76
ORD-03337,CUST-247,2026-05-27 18:00:00,Remera Algodón,3,72382.9
ORD-03338,CUST-376,2026-02-04 14:00:00,Gorra,4,21580.51
ORD-03339,CUST-331,2026-02-17 11:00:00,Gorra,4,53846.99
ORD-03340,CUST-1949,2026-04-15 14:00:00,Remera Sublimada,3,21261.85
ORD-03341,CUST-465,2026-02-23 17:00:00,Taza Cerámica,3,36029.27
ORD-03342,CUST-1351,2026-06-09 02:00:00,Remera Sublimada,1,8237.74
ORD-03343,CUST-1774,2026-04-05 20:00:00,Remera Algodón,2,23151.75
ORD-03344,CUST-535,2026-03-31 11:00:00,Remera Sublimada,4,85540.96
ORD-03345,CUST-498,2026-02-01 02:00:00,Remera Sublimada,1,8213.99
ORD-03346,CUST-1334,2026-04-08 04:00:00,Buzo Canguro,2,28946.59
ORD-03347,CUST-1514,2026-03-01 00:00:00,Gorra,4,93726.65
ORD-03348,CUST-598,2026-05-11 03:00:00,Taza Cerámica,1,24975.59
ORD-03349,CUST-639,2026-02-14 17:00:00,Remera Sublimada,5,50064.11
ORD-03350,CUST-662,2026-07-11 21:00:00,Buzo Canguro,5,118556.82
ORD-03351,CUST-1614,2026-07-26 02:00:00,Gorra,4,40911.09
ORD-03352,CUST-541,2026-04-26 08:00:00,Remera Sublimada,1,13270.57
ORD-03353,CUST-1384,2026-07-01 03:00:00,Gorra,2,45116.94
ORD-03354,CUST-872,2026-02-21 04:00:00,Remera Algodón,2,41447.04
ORD-03355,CUST-449,2026-07-21 20:00:00,Remera Sublimada,1,22149.75
ORD-03356,CUST-1475,2026-02-26 08:00:00,Remera Sublimada,5,105025.67
ORD-03357,CUST-619,2026-06-02 02:00:00,Remera Sublimada,1,9701.22
ORD-03358,CUST-1443,,Remera Sublimada,5,80879.51
ORD-03359,CUST-237,2026-03-01 14:00:00,Buzo Canguro,5,63525.07
ORD-03360,CUST-1673,2026-04-01 02:00:00,Taza Cerámica,2,28388.44
ORD-03361,CUST-1746,2026-04-02 21:00:00,Buzo Canguro,4,32316.5
ORD-03362,CUST-1091,2026-06-27 13:00:00,Remera Sublimada,3,33946.05
ORD-03363,CUST-467,2026-07-27 21:00:00,Taza Cerámica,1,22152.94
ORD-03364,CUST-1343,2026-04-19 16:00:00,Taza Cerámica,5,114755.84
ORD-03365,CUST-1460,2026-06-03 13:00:00,Remera Algodón,1,17203.06
ORD-03366,CUST-1346,2026-03-16 15:00:00,Remera Sublimada,4,59861.38
ORD-03367,CUST-1771,2026-05-08 12:00:00,Taza Cerámica,4,77027.18
ORD-03368,CUST-1891,2026-06-20 22:00:00,Remera Algodón,3,51531.2
ORD-03369,CUST-459,2026-03-23 05:00:00,Buzo Canguro,3,74020.5
ORD-03370,CUST-1020,15/05/2026,Remera Sublimada,5,44008.88
ORD-03371,CUST-428,2026-07-11 04:00:00,Remera Sublimada,3,41942.68
ORD-03372,CUST-1061,2026-07-09 15:00:00,Gorra,5,116824.05
ORD-03373,CUST-562,2026-03-03 15:00:00,Remera Sublimada,2,46589.48
ORD-03374,CUST-1045,2026-03-18 00:00:00,Remera Algodón,5,74534.68
ORD-03375,CUST-1062,2026-03-24 09:00:00,Gorra,3,23088.54
ORD-03376,CUST-1684,2026-04-15 08:00:00,Remera Sublimada,1,21299.16
ORD-03377,CUST-1927,2026-04-18 02:00:00,Buzo Canguro,3,50109.91
ORD-03378,CUST-1505,2026-05-25 19:00:00,Remera Sublimada,4,81853.28
ORD-03379,CUST-935,2026-07-12 16:00:00,Remera Sublimada,3,42751.42
ORD-03380,CUST-1713,2026-07-06 18:00:00,Taza Cerámica,2,18155.36
ORD-03381,CUST-1740,,Taza Cerámica,5,27398.94
ORD-03382,CUST-268,2026-06-21 00:00:00,Remera Sublimada,4,64731.06
ORD-03383,CUST-316,2026-04-10 02:00:00,Gorra,5,41104.62
ORD-03384,CUST-477,2026-04-02 06:00:00,Remera Sublimada,5,43713.72
ORD-03385,CUST-218,2026-07-02 21:00:00,Buzo Canguro,3,41178.34
ORD-03386,CUST-289,2026-07-01 17:00:00,Buzo Canguro,1,13841.54
ORD-03387,CUST-866,2026-05-07 20:00:00,Remera Sublimada,4,41950.97
ORD-03388,CUST-469,2026-02-07 00:00:00,Remera Algodón,2,15276.89
ORD-03389,CUST-1901,15/05/2026,Taza Cerámica,2,47798.11
ORD-03390,CUST-248,2026-07-30 03:00:00,Buzo Canguro,1,7632.81
ORD-03391,CUST-1799,2026-07-12 04:00:00,Buzo Canguro,1,12015.45
ORD-03392,CUST-751,2026-07-11 04:00:00,Remera Sublimada,3,33292.08
ORD-03393,CUST-1982,2026-03-10 01:00:00,Remera Sublimada,2,44653.52
ORD-03394,CUST-1611,15/05/2026,Taza Cerámica,4,52805.0
ORD-03395,CUST-869,2026-02-04 06:00:00,Remera Algodón,1,7480.87
ORD-03396,CUST-473,2026-03-26 00:00:00,Gorra,1,5205.22
ORD-03397,CUST-880,2026-03-05 07:00:00,Remera Sublimada,1,19438.99
ORD-03398,CUST-1816,2026-02-20 15:00:00,Buzo Canguro,4,77160.09
ORD-03399,CUST-259,2026-06-29 12:00:00,Remera Sublimada,2,26711.35
ORD-03400,CUST-450,2026-06-07 22:00:00,Remera Sublimada,4,30104.64
ORD-03401,CUST-1411,2026-04-23 19:00:00,Buzo Canguro,4,49730.71
ORD-03402,CUST-1411,2026-03-14 11:00:00,Buzo Canguro,3,50392.95
ORD-03403,CUST-991,2026-04-06 09:00:00,Remera Sublimada,1,19078.86
ORD-03404,CUST-1349,2026-04-14 02:00:00,Buzo Canguro,2,13129.6
ORD-03405,CUST-622,2026-05-26 08:00:00,Taza Cerámica,3,48378.45
ORD-03406,CUST-621,2026-05-17 18:00:00,Remera Sublimada,3,31567.44
ORD-03407,CUST-882,2026-02-16 17:00:00,Taza Cerámica,5,86726.63
ORD-03408,CUST-372,2026-04-19 02:00:00,Remera Sublimada,1,17962.8
ORD-03409,CUST-1035,2026-07-02 08:00:00,Buzo Canguro,2,46424.15
ORD-03410,CUST-1525,2026-06-21 01:00:00,Gorra,2,26415.14
ORD-03411,CUST-282,2026-05-23 20:00:00,Buzo Canguro,2,31503.63
ORD-03412,CUST-1788,2026-06-27 14:00:00,Remera Algodón,1,10364.3
ORD-03413,CUST-587,2026-06-30 10:00:00,Remera Sublimada,2,21462.28
ORD-03414,CUST-1950,2026-07-11 20:00:00,Buzo Canguro,4,23682.7
ORD-03415,CUST-945,2026-07-17 19:00:00,Buzo Canguro,4,42885.52
ORD-03416,CUST-223,2026-04-13 09:00:00,Taza Cerámica,1,6276.57
ORD-03417,CUST-1084,2026-02-09 00:00:00,Gorra,2,48556.63
ORD-03418,CUST-1749,2026-02-02 18:00:00,Taza Cerámica,5,87426.32
ORD-03419,CUST-889,2026-02-20 09:00:00,Taza Cerámica,5,42314.86
ORD-03420,CUST-513,2026-04-11 16:00:00,Remera Sublimada,5,36676.64
ORD-03421,CUST-1848,2026-06-04 05:00:00,Remera Sublimada,4,49609.81
ORD-03422,CUST-1295,2026-05-05 19:00:00,Buzo Canguro,5,55764.73
ORD-03423,CUST-1411,2026-06-11 22:00:00,Buzo Canguro,2,21170.19
ORD-03424,CUST-1558,2026-03-23 17:00:00,Remera Algodón,2,28727.84
ORD-03425,CUST-785,2026-07-04 03:00:00,Remera Sublimada,5,116287.38
ORD-03426,CUST-212,2026-02-08 16:00:00,Remera Sublimada,3,49083.02
ORD-03427,CUST-987,2026-07-15 12:00:00,Buzo Canguro,5,77123.15
ORD-03428,CUST-221,2026-06-01 00:00:00,Gorra,3,63392.91
ORD-03429,CUST-1667,2026-07-05 12:00:00,Remera Algodón,1,5080.49
ORD-03430,CUST-1345,15/05/2026,Remera Sublimada,1,8947.71
ORD-03431,CUST-1754,2026-06-08 13:00:00,Remera Sublimada,2,29847.44
ORD-03432,CUST-138,2026-05-10 04:00:00,Buzo Canguro,4,76424.72
ORD-03433,CUST-596,2026-04-12 00:00:00,Remera Sublimada,2,29401.13
ORD-03434,CUST-879,2026-03-03 22:00:00,Remera Algodón,2,16548.64
ORD-03435,CUST-1356,2026-06-05 11:00:00,Buzo Canguro,4,94398.63
ORD-03436,CUST-1042,2026-02-11 07:00:00,Remera Sublimada,2,23146.61
ORD-03437,CUST-1653,2026-03-04 05:00:00,Remera Sublimada,4,83057.25
ORD-03438,CUST-248,2026-04-27 01:00:00,Remera Sublimada,2,45656.53
ORD-03439,CUST-1520,2026-02-19 19:00:00,Gorra,1,11928.99
ORD-03440,CUST-1121,2026-02-14 00:00:00,Remera Sublimada,3,65718.71
ORD-03441,CUST-760,2026-02-10 15:00:00,Remera Sublimada,2,38430.95
ORD-03442,CUST-1761,2026-04-05 03:00:00,Remera Algodón,3,69256.85
ORD-03443,CUST-401,2026-05-03 10:00:00,Remera Sublimada,5,50131.07
ORD-03444,CUST-1483,2026-04-21 19:00:00,Taza Cerámica,2,47251.1
ORD-03445,CUST-337,2026-05-08 15:00:00,Remera Sublimada,1,6306.13
ORD-03446,CUST-746,2026-02-19 20:00:00,Buzo Canguro,4,83493.7
ORD-03447,CUST-762,2026-02-22 08:00:00,Remera Sublimada,1,13713.3
ORD-03448,CUST-335,2026-02-09 08:00:00,Remera Sublimada,3,25673.4
ORD-03449,CUST-1859,2026-02-27 16:00:00,Buzo Canguro,4,26352.24
ORD-03450,CUST-302,15/05/2026,Remera Sublimada,1,12790.95
ORD-03451,CUST-355,2026-02-08 15:00:00,Buzo Canguro,1,12786.48
ORD-03452,CUST-697,2026-06-26 00:00:00,Remera Sublimada,1,9599.15
ORD-03453,CUST-761,2026-02-01 11:00:00,Taza Cerámica,4,37241.23
ORD-03454,CUST-334,2026-02-06 08:00:00,Remera Algodón,1,12990.29
ORD-03455,CUST-1468,2026-02-05 15:00:00,Remera Sublimada,1,13202.28
ORD-03456,CUST-633,2026-02-18 16:00:00,Remera Sublimada,3,41541.89
ORD-03457,CUST-959,2026-04-23 00:00:00,Gorra,1,22375.19
ORD-03458,CUST-1920,2026-04-24 21:00:00,Buzo Canguro,1,17225.09
ORD-03459,CUST-1904,2026-06-16 02:00:00,Remera Sublimada,5,27043.32
ORD-03460,CUST-1589,2026-02-25 04:00:00,Buzo Canguro,4,61527.94
ORD-03461,CUST-869,2026-07-18 18:00:00,Remera Sublimada,5,101245.13
ORD-03462,CUST-640,2026-04-23 17:00:00,Remera Sublimada,3,18384.86
ORD-03463,CUST-312,2026-05-28 00:00:00,Remera Algodón,5,67260.79
ORD-03464,CUST-562,2026-05-22 17:00:00,Taza Cerámica,2,28048.41
ORD-03465,CUST-535,2026-06-05 06:00:00,Taza Cerámica,4,96321.64
ORD-03466,CUST-382,2026-02-16 15:00:00,Remera Sublimada,1,14513.68
ORD-03467,CUST-1685,2026-03-10 08:00:00,Remera Sublimada,5,99990.03
ORD-03468,CUST-1730,2026-06-15 13:00:00,Gorra,5,55290.2
ORD-03469,CUST-1586,2026-04-04 15:00:00,Remera Sublimada,1,20586.13
ORD-03470,CUST-1530,2026-04-30 05:00:00,Remera Sublimada,1,11453.25
ORD-03471,CUST-187,2026-06-30 15:00:00,Remera Sublimada,3,40801.42
ORD-03472,CUST-1167,2026-03-24 15:00:00,Buzo Canguro,5,72948.23
ORD-03473,CUST-560,2026-04-17 16:00:00,Remera Sublimada,5,117636.3
ORD-03474,CUST-377,2026-04-05 12:00:00,Remera Sublimada,2,12138.14
ORD-03475,CUST-1806,2026-04-13 04:00:00,Gorra,2,17874.69
ORD-03476,CUST-520,2026-02-12 08:00:00,Buzo Canguro,5,95574.27
ORD-03477,CUST-1824,2026-02-03 02:00:00,Remera Sublimada,2,33103.11
ORD-03478,CUST-1476,15/05/2026,Taza Cerámica,5,50153.14
ORD-03479,CUST-795,2026-03-22 11:00:00,Remera Sublimada,4,43136.07
ORD-03480,CUST-614,2026-06-17 08:00:00,Buzo Canguro,3,37038.57
ORD-03481,CUST-802,2026-07-28 06:00:00,Buzo Canguro,2,28013.88
ORD-03482,CUST-1753,2026-05-02 03:00:00,Remera Sublimada,5,106802.73
ORD-03483,CUST-118,2026-07-23 16:00:00,Remera Sublimada,2,10552.62
ORD-03484,CUST-122,2026-03-28 01:00:00,Taza Cerámica,3,68881.18
ORD-03485,CUST-512,2026-03-18 02:00:00,Remera Algodón,4,53042.17
ORD-03486,CUST-1153,2026-06-22 02:00:00,Buzo Canguro,1,9609.95
ORD-03487,CUST-1930,2026-02-23 06:00:00,Remera Sublimada,1,15168.25
ORD-03488,CUST-207,2026-05-05 17:00:00,Remera Sublimada,2,36386.8
ORD-03489,CUST-1490,2026-07-01 21:00:00,Remera Sublimada,5,29475.22
ORD-03490,CUST-1404,2026-06-18 12:00:00,Remera Sublimada,3,57946.64
ORD-03491,CUST-1251,2026-02-16 08:00:00,Buzo Canguro,4,80860.9
ORD-03492,CUST-1352,2026-05-09 22:00:00,Buzo Canguro,4,33294.58
ORD-03493,CUST-1234,2026-06-08 04:00:00,Remera Sublimada,4,33430.51
ORD-03494,CUST-235,2026-04-02 21:00:00,Remera Sublimada,1,9075.69
ORD-03495,CUST-461,2026-05-29 03:00:00,Buzo Canguro,3,62797.72
ORD-03496,CUST-1309,2026-03-21 08:00:00,Remera Sublimada,1,10440.06
ORD-03497,CUST-1779,2026-07-30 01:00:00,Remera Algodón,2,41837.43
ORD-03498,CUST-1707,2026-05-31 17:00:00,Buzo Canguro,4,63241.91
ORD-03499,CUST-228,2026-06-03 21:00:00,Gorra,3,61030.28
ORD-03500,CUST-1999,2026-07-21 12:00:00,Gorra,4,64293.84
ORD-03501,CUST-1384,2026-06-16 00:00:00,Gorra,1,11715.38
ORD-03502,CUST-614,2026-02-12 03:00:00,Remera Sublimada,1,23214.28
ORD-03503,CUST-548,2026-05-28 12:00:00,Remera Algodón,1,19305.91
ORD-03504,CUST-1227,2026-05-06 08:00:00,Remera Sublimada,4,58724.38
ORD-03505,CUST-1606,2026-06-03 06:00:00,Remera Sublimada,3,53245.71
ORD-03506,CUST-1347,2026-04-10 04:00:00,Buzo Canguro,3,51950.6
ORD-03507,CUST-1955,2026-04-22 08:00:00,Remera Sublimada,2,24324.65
ORD-03508,CUST-973,2026-02-06 18:00:00,Remera Sublimada,4,53901.74
ORD-03509,CUST-1989,2026-04-07 09:00:00,Remera Sublimada,2,22730.27
ORD-03510,CUST-1614,2026-06-24 04:00:00,Remera Sublimada,2,49980.73
ORD-03511,CUST-572,2026-04-18 12:00:00,Taza Cerámica,2,33202.58
ORD-03512,CUST-1133,2026-03-04 12:00:00,Remera Sublimada,2,13682.21
ORD-03513,CUST-1528,2026-03-19 13:00:00,Buzo Canguro,1,15382.14
ORD-03514,CUST-401,2026-07-21 17:00:00,Remera Algodón,2,11998.48
ORD-03515,CUST-330,,Buzo Canguro,3,32319.12
ORD-03516,CUST-1854,2026-07-04 09:00:00,Buzo Canguro,2,27838.44
ORD-03517,CUST-1022,2026-07-09 00:00:00,Remera Algodón,1,15685.41
ORD-03518,CUST-1189,2026-07-07 04:00:00,Remera Sublimada,5,122618.14
ORD-03519,CUST-1036,2026-04-18 00:00:00,Buzo Canguro,5,123222.17
ORD-03520,CUST-211,2026-06-11 02:00:00,Gorra,5,34806.94
ORD-03521,CUST-1136,2026-07-13 14:00:00,Remera Algodón,4,63050.61
ORD-03522,CUST-1516,2026-05-04 06:00:00,Buzo Canguro,3,64026.56
ORD-03523,CUST-599,2026-04-23 10:00:00,Remera Sublimada,1,9754.26
ORD-03524,CUST-1031,2026-07-21 16:00:00,Remera Algodón,5,100056.31
ORD-03525,CUST-697,2026-04-01 05:00:00,Remera Sublimada,1,22572.38
ORD-03526,CUST-333,2026-03-12 00:00:00,Remera Sublimada,1,18249.75
ORD-03527,CUST-701,,Remera Sublimada,4,46216.27
ORD-03528,CUST-413,15/05/2026,Buzo Canguro,5,117313.23
ORD-03529,CUST-665,2026-02-03 03:00:00,Taza Cerámica,2,45340.8
ORD-03530,CUST-1135,2026-03-15 14:00:00,Gorra,1,19316.51
ORD-03531,CUST-308,2026-07-19 10:00:00,Taza Cerámica,5,61366.81
ORD-03532,CUST-1137,2026-05-26 12:00:00,Remera Sublimada,1,20837.93
ORD-03533,CUST-1756,2026-05-01 15:00:00,Buzo Canguro,4,45288.72
ORD-03534,CUST-1541,2026-07-14 00:00:00,Taza Cerámica,4,40236.23
ORD-03535,CUST-1560,2026-04-25 12:00:00,Buzo Canguro,2,30600.54
ORD-03536,CUST-1500,2026-07-11 04:00:00,Remera Algodón,4,99770.82
ORD-03537,CUST-1143,2026-04-19 22:00:00,Gorra,5,105432.19
ORD-03538,CUST-686,2026-02-14 07:00:00,Buzo Canguro,4,78383.42
ORD-03539,CUST-1878,2026-04-24 14:00:00,Remera Sublimada,2,28080.51
ORD-03540,CUST-1858,2026-03-26 03:00:00,Taza Cerámica,3,33717.0
ORD-03541,CUST-1114,2026-05-06 08:00:00,Remera Algodón,1,22118.02
ORD-03542,CUST-1193,2026-03-25 12:00:00,Remera Sublimada,1,16354.66
ORD-03543,CUST-1947,2026-04-01 13:00:00,Gorra,5,106325.5
ORD-03544,CUST-1334,2026-03-26 09:00:00,Remera Sublimada,2,29510.15
ORD-03545,CUST-1224,2026-05-23 04:00:00,Buzo Canguro,2,40158.3
ORD-03546,CUST-797,2026-02-23 05:00:00,Buzo Canguro,2,44709.64
ORD-03547,CUST-231,2026-05-20 12:00:00,Taza Cerámica,1,12827.8
ORD-03548,CUST-1746,2026-07-29 17:00:00,Gorra,4,21085.57
ORD-03549,CUST-1504,2026-06-04 18:00:00,Remera Sublimada,1,10098.53
ORD-03550,CUST-1255,2026-02-01 07:00:00,Remera Sublimada,1,23298.3
ORD-03551,CUST-1143,2026-07-10 21:00:00,Taza Cerámica,1,18750.85
ORD-03552,CUST-635,2026-05-23 01:00:00,Remera Sublimada,4,78977.5
ORD-03553,CUST-1113,2026-03-12 05:00:00,Buzo Canguro,3,34517.32
ORD-03554,CUST-326,2026-03-20 22:00:00,Remera Sublimada,5,95127.3
ORD-03555,CUST-1277,2026-04-16 16:00:00,Remera Sublimada,3,53776.93
ORD-03556,CUST-1928,2026-07-29 10:00:00,Taza Cerámica,3,25702.42
ORD-03557,CUST-1865,2026-02-08 21:00:00,Taza Cerámica,1,24373.82
ORD-03558,CUST-1592,2026-04-09 10:00:00,Remera Sublimada,3,36241.54
ORD-03559,CUST-921,2026-06-17 01:00:00,Remera Sublimada,1,11585.74
ORD-03560,CUST-970,2026-04-21 05:00:00,Remera Sublimada,1,12383.23
ORD-03561,CUST-504,2026-05-01 18:00:00,Buzo Canguro,5,34171.96
ORD-03562,CUST-301,2026-02-28 07:00:00,Remera Sublimada,2,34998.54
ORD-03563,CUST-137,2026-02-14 15:00:00,Buzo Canguro,1,9772.48
ORD-03564,CUST-1041,2026-03-16 04:00:00,Taza Cerámica,3,63198.77
ORD-03565,CUST-1895,2026-03-28 18:00:00,Taza Cerámica,5,64415.62
ORD-03566,CUST-287,2026-03-04 17:00:00,Remera Sublimada,3,42513.51
ORD-03567,CUST-1180,2026-07-19 01:00:00,Taza Cerámica,2,35856.88
ORD-03568,CUST-1040,2026-02-25 19:00:00,Remera Algodón,4,80949.69
ORD-03569,CUST-1143,2026-04-07 09:00:00,Remera Sublimada,2,19244.61
ORD-03570,CUST-372,2026-07-14 11:00:00,Remera Sublimada,5,121629.43
ORD-03571,CUST-1242,2026-06-17 03:00:00,Buzo Canguro,2,34892.86
ORD-03572,CUST-682,15/05/2026,Remera Sublimada,2,10225.54
ORD-03573,CUST-615,2026-07-20 13:00:00,Taza Cerámica,5,66562.22
ORD-03574,CUST-1344,2026-04-30 17:00:00,Gorra,5,68681.78
ORD-03575,CUST-625,2026-04-11 17:00:00,Buzo Canguro,3,63549.9
ORD-03576,CUST-1638,2026-05-27 15:00:00,Taza Cerámica,1,11102.8
ORD-03577,CUST-1851,2026-02-15 15:00:00,Taza Cerámica,4,46498.12
ORD-03578,CUST-1864,2026-02-13 22:00:00,Remera Sublimada,4,25639.53
ORD-03579,CUST-435,2026-03-15 06:00:00,Remera Sublimada,4,42683.68
ORD-03580,CUST-797,2026-02-17 17:00:00,Gorra,2,38678.47
ORD-03581,CUST-1178,2026-03-04 21:00:00,Remera Algodón,5,88475.69
ORD-03582,CUST-599,2026-03-27 18:00:00,Taza Cerámica,5,33139.41
ORD-03583,CUST-999,2026-02-13 14:00:00,Remera Algodón,5,36469.39
ORD-03584,CUST-865,2026-04-28 21:00:00,Remera Sublimada,1,12538.52
ORD-03585,CUST-635,2026-03-01 21:00:00,Remera Sublimada,5,99375.78
ORD-03586,CUST-261,2026-04-06 15:00:00,Remera Sublimada,5,108291.83
ORD-03587,CUST-1793,15/05/2026,Remera Sublimada,2,10584.96
ORD-03588,CUST-693,2026-05-12 06:00:00,Gorra,3,34740.63
ORD-03589,CUST-258,2026-07-24 02:00:00,Remera Algodón,4,53940.95
ORD-03590,CUST-1311,2026-07-23 12:00:00,Gorra,2,46445.31
ORD-03591,CUST-159,2026-06-18 01:00:00,Buzo Canguro,2,30056.26
ORD-03592,CUST-1014,2026-04-13 03:00:00,Remera Sublimada,2,20788.03
ORD-03593,CUST-1940,2026-02-25 11:00:00,Remera Sublimada,4,51203.77
ORD-03594,CUST-1442,2026-04-01 14:00:00,Remera Sublimada,2,27457.38
ORD-03595,CUST-310,2026-03-12 06:00:00,Taza Cerámica,3,55199.75
ORD-03596,CUST-505,,Buzo Canguro,5,29108.78
ORD-03597,CUST-763,2026-03-18 21:00:00,Remera Algodón,3,38367.1
ORD-03598,CUST-1232,2026-06-21 20:00:00,Gorra,5,89655.46
ORD-03599,CUST-1199,2026-02-01 18:00:00,Remera Sublimada,5,53332.23
ORD-03600,CUST-641,2026-06-05 00:00:00,Remera Sublimada,2,33670.04
ORD-03601,CUST-1437,2026-02-04 09:00:00,Taza Cerámica,2,24291.16
ORD-03602,CUST-1097,2026-02-03 19:00:00,Remera Sublimada,4,80697.67
ORD-03603,CUST-1240,15/05/2026,Taza Cerámica,1,6211.95
ORD-03604,CUST-1026,2026-03-29 11:00:00,Buzo Canguro,3,-70077.72
ORD-03605,CUST-967,2026-06-24 04:00:00,Remera Sublimada,4,33729.0
ORD-03606,CUST-1827,2026-07-19 09:00:00,Buzo Canguro,4,32683.77
ORD-03607,CUST-118,,Buzo Canguro,3,65438.58
ORD-03608,CUST-531,2026-04-17 04:00:00,Gorra,3,67156.98
ORD-03609,CUST-1808,2026-05-12 17:00:00,Remera Sublimada,5,34297.33
ORD-03610,CUST-839,2026-03-16 02:00:00,Gorra,1,23174.38
ORD-03611,CUST-1473,2026-07-04 06:00:00,Taza Cerámica,2,20931.91
ORD-03612,CUST-282,2026-05-26 17:00:00,Taza Cerámica,1,17372.43
ORD-03613,CUST-212,2026-03-28 04:00:00,Remera Sublimada,1,6371.87
ORD-03614,CUST-1306,2026-03-31 01:00:00,Buzo Canguro,2,25226.44
ORD-03615,CUST-580,2026-05-08 06:00:00,Buzo Canguro,1,14014.49
ORD-03616,CUST-1269,2026-05-18 17:00:00,Buzo Canguro,4,67986.13
ORD-03617,CUST-930,2026-06-25 01:00:00,Taza Cerámica,4,62021.76
ORD-03618,CUST-1751,2026-07-17 06:00:00,Buzo Canguro,2,28459.72
ORD-03619,CUST-1236,2026-05-17 21:00:00,Gorra,2,48385.61
ORD-03620,CUST-862,2026-05-05 11:00:00,Remera Sublimada,3,26101.37
ORD-03621,CUST-575,2026-03-07 10:00:00,Gorra,3,24479.65
ORD-03622,CUST-862,2026-04-02 11:00:00,Remera Sublimada,1,19268.38
ORD-03623,CUST-1426,2026-06-01 03:00:00,Gorra,1,6491.04
ORD-03624,CUST-1070,2026-02-25 15:00:00,Remera Algodón,2,29315.66
ORD-03625,CUST-1948,2026-07-10 19:00:00,Remera Sublimada,1,14681.06
ORD-03626,CUST-1119,2026-05-25 03:00:00,Buzo Canguro,5,56002.53
ORD-03627,CUST-1241,2026-07-16 20:00:00,Taza Cerámica,4,94435.5
ORD-03628,CUST-1936,2026-07-25 00:00:00,Remera Sublimada,1,10650.87
ORD-03629,CUST-260,2026-06-11 04:00:00,Buzo Canguro,1,10768.84
ORD-03630,CUST-500,2026-04-27 16:00:00,Remera Sublimada,3,29058.0
ORD-03631,CUST-297,2026-06-06 13:00:00,Gorra,5,39578.8
ORD-03632,CUST-1383,2026-05-16 02:00:00,Gorra,1,12280.22
ORD-03633,CUST-759,2026-02-13 02:00:00,Taza Cerámica,4,74470.98
ORD-03634,CUST-1875,2026-03-15 01:00:00,Taza Cerámica,1,19843.26
ORD-03635,CUST-1170,2026-05-22 12:00:00,Taza Cerámica,2,42536.76
ORD-03636,CUST-498,2026-06-08 18:00:00,Remera Sublimada,5,44754.39
ORD-03637,CUST-1833,2026-06-24 17:00:00,Buzo Canguro,1,5712.65
ORD-03638,CUST-1682,2026-06-15 12:00:00,Buzo Canguro,5,122468.59
ORD-03639,CUST-177,2026-07-14 08:00:00,Remera Algodón,1,5286.65
ORD-03640,CUST-223,2026-03-14 08:00:00,Taza Cerámica,4,96854.31
ORD-03641,CUST-174,2026-06-15 14:00:00,Buzo Canguro,4,86305.15
ORD-03642,CUST-1994,2026-04-01 07:00:00,Taza Cerámica,5,116207.48
ORD-03643,CUST-236,2026-07-15 01:00:00,Remera Sublimada,3,38231.14
ORD-03644,CUST-701,2026-05-23 22:00:00,Taza Cerámica,3,26832.12
ORD-03645,CUST-1523,2026-04-18 07:00:00,Buzo Canguro,2,34258.55
ORD-03646,CUST-936,2026-05-16 10:00:00,Remera Sublimada,3,59475.07
ORD-03647,CUST-1628,2026-05-18 22:00:00,Buzo Canguro,5,38086.11
ORD-03648,CUST-599,2026-06-02 15:00:00,Taza Cerámica,3,62857.29
ORD-03649,CUST-1696,2026-06-05 11:00:00,Buzo Canguro,2,18343.73
ORD-03650,CUST-237,2026-06-14 11:00:00,Buzo Canguro,1,14833.55
ORD-03651,CUST-149,2026-05-25 17:00:00,Taza Cerámica,3,66388.95
ORD-03652,CUST-1894,2026-04-09 08:00:00,Taza Cerámica,5,44342.45
ORD-03653,CUST-1072,2026-06-15 17:00:00,Gorra,5,49188.46
ORD-03654,CUST-1742,2026-02-08 10:00:00,Remera Sublimada,2,12510.85
ORD-03655,CUST-1748,2026-06-15 08:00:00,Remera Algodón,2,15864.56
ORD-03656,CUST-1985,2026-03-12 02:00:00,Buzo Canguro,4,31722.07
ORD-03657,CUST-353,2026-06-25 01:00:00,Taza Cerámica,4,36274.2
ORD-03658,CUST-1753,2026-05-21 17:00:00,Taza Cerámica,4,42896.03
ORD-03659,CUST-809,2026-05-23 19:00:00,Remera Sublimada,1,21299.67
ORD-03660,CUST-1972,2026-06-30 03:00:00,Remera Sublimada,5,116576.39
ORD-03661,CUST-662,2026-06-14 05:00:00,Taza Cerámica,4,52502.45
ORD-03662,CUST-856,2026-02-26 10:00:00,Buzo Canguro,5,37820.9
ORD-03663,CUST-1549,2026-02-17 02:00:00,Taza Cerámica,2,18952.4
ORD-03664,CUST-646,2026-03-03 12:00:00,Buzo Canguro,1,19724.12
ORD-03665,CUST-1425,2026-07-13 15:00:00,Remera Sublimada,2,37097.02
ORD-03666,CUST-1021,2026-05-18 17:00:00,Remera Sublimada,5,121720.73
ORD-03667,CUST-680,2026-05-22 04:00:00,Taza Cerámica,4,21159.09
ORD-03668,CUST-1472,2026-05-23 15:00:00,Remera Sublimada,2,40030.35
ORD-03669,CUST-1955,2026-07-05 22:00:00,Taza Cerámica,3,45347.62
ORD-03670,CUST-148,2026-07-13 19:00:00,Remera Sublimada,1,23053.86
ORD-03671,CUST-1016,2026-07-23 21:00:00,Taza Cerámica,5,82616.67
ORD-03672,CUST-1197,2026-03-07 06:00:00,Remera Sublimada,4,55733.42
ORD-03673,CUST-803,2026-06-05 05:00:00,Remera Sublimada,2,36634.02
ORD-03674,CUST-360,2026-06-17 11:00:00,Taza Cerámica,1,21670.47
ORD-03675,CUST-455,2026-06-23 20:00:00,Buzo Canguro,4,42599.88
ORD-03676,CUST-1705,2026-03-24 02:00:00,Remera Sublimada,2,14301.08
ORD-03677,CUST-1725,2026-05-08 18:00:00,Remera Algodón,5,68301.81
ORD-03678,CUST-1383,2026-04-24 22:00:00,Remera Sublimada,3,27871.19
ORD-03679,CUST-737,2026-04-18 11:00:00,Buzo Canguro,3,40772.47
ORD-03680,CUST-842,2026-05-04 15:00:00,Remera Sublimada,5,124104.82
ORD-03681,CUST-1418,2026-07-03 22:00:00,Remera Sublimada,1,16482.44
ORD-03682,CUST-1109,2026-05-03 14:00:00,Buzo Canguro,5,94360.02
ORD-03683,CUST-1030,2026-03-10 10:00:00,Remera Sublimada,2,37117.14
ORD-03684,CUST-740,2026-02-15 00:00:00,Taza Cerámica,1,21414.02
ORD-03685,CUST-891,2026-06-15 00:00:00,Remera Sublimada,3,71647.72
ORD-03686,CUST-1436,,Taza Cerámica,2,36352.72
ORD-03687,CUST-711,2026-07-07 22:00:00,Remera Sublimada,4,58087.57
ORD-03688,CUST-1961,2026-07-23 10:00:00,Remera Sublimada,4,45426.48
ORD-03689,CUST-908,2026-05-04 19:00:00,Remera Sublimada,4,-48821.94
ORD-03690,CUST-1305,2026-05-13 00:00:00,Taza Cerámica,3,35068.84
ORD-03691,CUST-785,2026-04-12 11:00:00,Buzo Canguro,5,57446.55
ORD-03692,CUST-1951,2026-05-06 21:00:00,Gorra,1,18892.5
ORD-03693,CUST-1487,2026-06-28 22:00:00,Buzo Canguro,3,50262.54
ORD-03694,CUST-287,2026-03-23 16:00:00,Taza Cerámica,2,18079.8
ORD-03695,CUST-1692,2026-03-08 02:00:00,Buzo Canguro,2,48785.04
ORD-03696,CUST-1666,2026-06-09 17:00:00,Remera Sublimada,4,54218.04
ORD-03697,CUST-1719,2026-07-05 20:00:00,Remera Sublimada,1,16321.73
ORD-03698,CUST-1787,2026-05-22 07:00:00,Buzo Canguro,4,76208.08
ORD-03699,CUST-1084,2026-06-22 03:00:00,Buzo Canguro,2,34547.1
ORD-03700,CUST-647,2026-05-20 14:00:00,Remera Sublimada,2,22442.07
ORD-03701,CUST-824,2026-06-14 00:00:00,Taza Cerámica,5,104770.66
ORD-03702,CUST-1025,2026-02-19 12:00:00,Buzo Canguro,5,36015.36
ORD-03703,CUST-1531,2026-03-01 05:00:00,Buzo Canguro,5,81899.58
ORD-03704,CUST-975,2026-02-24 22:00:00,Remera Sublimada,4,41865.38
ORD-03705,CUST-717,2026-02-10 21:00:00,Buzo Canguro,1,17315.25
ORD-03706,CUST-513,2026-05-16 08:00:00,Remera Sublimada,5,46799.35
ORD-03707,CUST-1465,2026-07-27 16:00:00,Remera Sublimada,3,61331.98
ORD-03708,CUST-1343,2026-07-23 11:00:00,Taza Cerámica,5,47753.63
ORD-03709,CUST-1002,2026-03-27 18:00:00,Remera Sublimada,4,91231.37
ORD-03710,CUST-262,2026-07-07 01:00:00,Remera Sublimada,1,22231.1
ORD-03711,CUST-1343,2026-07-14 18:00:00,Remera Sublimada,5,61239.35
ORD-03712,CUST-369,2026-06-15 14:00:00,Buzo Canguro,1,12716.41
ORD-03713,CUST-731,2026-05-22 05:00:00,Remera Sublimada,3,57090.21
ORD-03714,CUST-1005,2026-06-11 05:00:00,Remera Sublimada,2,13614.94
ORD-03715,CUST-1971,2026-05-06 06:00:00,Buzo Canguro,1,6618.39
ORD-03716,CUST-1523,2026-07-21 06:00:00,Buzo Canguro,5,38632.42
ORD-03717,CUST-1305,2026-02-24 19:00:00,Remera Algodón,4,64998.03
ORD-03718,CUST-1741,2026-07-17 03:00:00,Remera Sublimada,4,31920.18
ORD-03719,CUST-1852,2026-06-08 11:00:00,Remera Sublimada,4,42209.38
ORD-03720,CUST-304,2026-06-13 22:00:00,Buzo Canguro,4,71752.91
ORD-03721,CUST-681,2026-07-08 18:00:00,Remera Sublimada,1,5312.48
ORD-03722,CUST-1679,2026-07-04 04:00:00,Gorra,4,34418.93
ORD-03723,CUST-940,2026-05-26 20:00:00,Buzo Canguro,2,47197.23
ORD-03724,CUST-1936,2026-07-08 02:00:00,Remera Sublimada,3,54814.66
ORD-03725,CUST-1351,2026-06-02 10:00:00,Taza Cerámica,1,11111.02
ORD-03726,CUST-1819,2026-02-07 16:00:00,Remera Sublimada,1,5906.07
ORD-03727,CUST-1742,2026-06-01 08:00:00,Remera Algodón,4,66883.9
ORD-03728,CUST-695,2026-03-13 09:00:00,Gorra,4,37829.3
ORD-03729,CUST-1973,,Buzo Canguro,1,24203.51
ORD-03730,CUST-349,2026-06-07 04:00:00,Remera Sublimada,4,74956.88
ORD-03731,CUST-974,2026-05-02 07:00:00,Remera Sublimada,4,97929.91
ORD-03732,CUST-1564,2026-03-04 19:00:00,Remera Sublimada,4,87911.91
ORD-03733,CUST-1656,2026-04-05 09:00:00,Remera Sublimada,4,58642.19
ORD-03734,CUST-295,2026-02-13 02:00:00,Buzo Canguro,4,73565.05
ORD-03735,CUST-789,2026-04-02 21:00:00,Remera Algodón,5,106210.72
ORD-03736,CUST-1642,2026-02-08 08:00:00,Buzo Canguro,5,82817.85
ORD-03737,CUST-1193,2026-07-08 21:00:00,Taza Cerámica,5,31148.75
ORD-03738,CUST-738,2026-06-29 11:00:00,Taza Cerámica,1,14408.93
ORD-03739,CUST-1522,2026-02-11 01:00:00,Gorra,3,22834.4
ORD-03740,CUST-771,2026-07-28 08:00:00,Remera Sublimada,1,19296.94
ORD-03741,CUST-1883,2026-06-11 15:00:00,Buzo Canguro,5,93062.89
ORD-03742,CUST-1326,2026-07-29 03:00:00,Taza Cerámica,1,24858.16
ORD-03743,CUST-1271,2026-04-28 17:00:00,Gorra,3,52728.59
ORD-03744,CUST-1595,2026-07-03 17:00:00,Remera Algodón,4,84011.04
ORD-03745,CUST-1778,2026-05-17 10:00:00,Taza Cerámica,2,20731.51
ORD-03746,CUST-1043,2026-02-17 22:00:00,Remera Sublimada,5,59002.41
ORD-03747,CUST-298,2026-07-30 15:00:00,Buzo Canguro,5,116702.43
ORD-03748,CUST-1549,2026-02-20 12:00:00,Remera Sublimada,3,60311.54
ORD-03749,CUST-1789,2026-02-02 01:00:00,Buzo Canguro,4,72421.53
ORD-03750,CUST-591,2026-04-19 03:00:00,Buzo Canguro,4,40322.22
ORD-03751,CUST-995,2026-06-21 03:00:00,Taza Cerámica,2,37943.12
ORD-03752,CUST-241,2026-07-13 11:00:00,Remera Algodón,4,90941.09
ORD-03753,CUST-1436,2026-06-08 22:00:00,Taza Cerámica,3,28847.86
ORD-03754,CUST-264,2026-06-14 21:00:00,Remera Sublimada,4,76489.92
ORD-03755,CUST-413,2026-06-18 11:00:00,Remera Sublimada,3,38621.64
ORD-03756,CUST-120,2026-02-21 09:00:00,Gorra,5,36876.74
ORD-03757,CUST-1205,2026-02-23 02:00:00,Remera Sublimada,5,101346.07
ORD-03758,CUST-1704,2026-07-10 19:00:00,Remera Sublimada,5,41713.68
ORD-03759,CUST-1254,2026-03-01 08:00:00,Remera Sublimada,1,10057.93
ORD-03760,CUST-1722,2026-03-24 18:00:00,Buzo Canguro,5,103294.2
ORD-03761,CUST-1853,2026-07-24 01:00:00,Remera Sublimada,3,59527.97
ORD-03762,CUST-1083,2026-05-12 19:00:00,Remera Algodón,2,20167.32
ORD-03763,CUST-404,2026-04-02 07:00:00,Remera Algodón,4,95277.17
ORD-03764,CUST-470,2026-04-12 05:00:00,Remera Algodón,5,46528.52
ORD-03765,CUST-1980,2026-06-19 11:00:00,Remera Sublimada,1,24872.44
ORD-03766,CUST-952,2026-02-21 13:00:00,Remera Algodón,1,19758.0
ORD-03767,CUST-483,2026-06-11 17:00:00,Remera Algodón,3,38550.46
ORD-03768,CUST-544,2026-04-29 14:00:00,Remera Algodón,2,15213.97
ORD-03769,CUST-524,2026-02-10 11:00:00,Taza Cerámica,5,57051.0
ORD-03770,CUST-260,2026-02-07 16:00:00,Taza Cerámica,5,44373.85
ORD-03771,CUST-1301,2026-05-25 14:00:00,Remera Sublimada,1,17436.79
ORD-03772,CUST-728,2026-03-05 04:00:00,Gorra,3,36411.31
ORD-03773,CUST-1831,2026-03-19 02:00:00,Remera Sublimada,1,10900.15
ORD-03774,CUST-994,2026-04-17 21:00:00,Remera Sublimada,1,20142.66
ORD-03775,CUST-589,15/05/2026,Remera Algodón,2,19223.98
ORD-03776,CUST-1116,2026-04-04 12:00:00,Buzo Canguro,3,50213.36
ORD-03777,CUST-426,2026-05-03 00:00:00,Remera Sublimada,2,17783.84
ORD-03778,CUST-697,2026-07-29 05:00:00,Remera Algodón,3,57887.92
ORD-03779,CUST-1114,2026-06-16 03:00:00,Remera Algodón,5,87512.15
ORD-03780,CUST-388,2026-06-13 21:00:00,Remera Sublimada,4,83852.28
ORD-03781,CUST-692,2026-03-11 22:00:00,Gorra,4,25479.77
ORD-03782,CUST-1787,2026-04-09 19:00:00,Remera Sublimada,3,27606.33
ORD-03783,CUST-1696,2026-02-04 14:00:00,Remera Sublimada,4,32356.83
ORD-03784,CUST-672,2026-02-21 04:00:00,Remera Sublimada,1,8811.22
ORD-03785,CUST-1477,2026-05-16 01:00:00,Remera Sublimada,5,35301.41
ORD-03786,CUST-127,2026-02-07 16:00:00,Remera Sublimada,5,81208.19
ORD-03787,CUST-1053,2026-02-16 16:00:00,Remera Sublimada,4,67474.51
ORD-03788,CUST-142,2026-04-25 22:00:00,Remera Algodón,3,65609.39
ORD-03789,CUST-1804,2026-05-09 10:00:00,Taza Cerámica,1,13354.76
ORD-03790,CUST-522,2026-03-06 00:00:00,Gorra,3,46943.08
ORD-03791,CUST-1721,2026-02-26 01:00:00,Taza Cerámica,4,99304.32
ORD-03792,CUST-276,2026-06-05 22:00:00,Remera Sublimada,5,78184.51
ORD-03793,CUST-628,2026-03-13 21:00:00,Remera Algodón,5,82357.61
ORD-03794,CUST-1733,2026-05-09 14:00:00,Gorra,3,74755.04
ORD-03795,CUST-1065,2026-02-10 14:00:00,Remera Sublimada,2,49765.18
ORD-03796,CUST-1617,2026-03-14 22:00:00,Remera Sublimada,3,40441.83
ORD-03797,CUST-297,2026-02-17 08:00:00,Taza Cerámica,2,35397.87
ORD-03798,CUST-709,2026-05-25 03:00:00,Taza Cerámica,3,43848.15
ORD-03799,CUST-1700,2026-03-08 15:00:00,Gorra,2,38828.62
ORD-03800,CUST-941,2026-03-23 00:00:00,Remera Sublimada,2,47535.46
ORD-03801,CUST-952,,Remera Sublimada,2,22386.37
ORD-03802,CUST-1640,2026-04-15 15:00:00,Buzo Canguro,2,42755.01
ORD-03803,CUST-1637,2026-04-09 21:00:00,Buzo Canguro,1,18096.98
ORD-03804,CUST-121,2026-06-30 12:00:00,Remera Sublimada,2,21207.39
ORD-03805,CUST-1235,2026-05-27 05:00:00,Remera Sublimada,2,41891.99
ORD-03806,CUST-1180,2026-07-04 10:00:00,Buzo Canguro,5,67713.3
ORD-03807,CUST-1189,2026-04-29 02:00:00,Taza Cerámica,1,7407.94
ORD-03808,CUST-941,2026-03-24 09:00:00,Remera Sublimada,2,49736.65
ORD-03809,CUST-197,2026-06-05 00:00:00,Buzo Canguro,4,54051.71
ORD-03810,CUST-1267,2026-03-24 10:00:00,Gorra,1,15831.05
ORD-03811,CUST-534,2026-04-17 13:00:00,Remera Algodón,5,105796.17
ORD-03812,CUST-736,2026-04-30 07:00:00,Remera Sublimada,3,72652.57
ORD-03813,CUST-1802,2026-04-09 06:00:00,Remera Sublimada,5,112288.78
ORD-03814,CUST-1209,2026-06-18 18:00:00,Remera Algodón,5,77505.32
ORD-03815,CUST-687,2026-03-29 03:00:00,Remera Sublimada,1,15913.92
ORD-03816,CUST-443,2026-04-07 20:00:00,Taza Cerámica,1,10617.74
ORD-03817,CUST-1417,2026-03-22 13:00:00,Buzo Canguro,4,57024.23
ORD-03818,CUST-670,,Remera Sublimada,4,95747.11
ORD-03819,CUST-1773,2026-07-21 09:00:00,Taza Cerámica,1,19538.82
ORD-03820,CUST-710,2026-05-21 21:00:00,Taza Cerámica,1,5237.54
ORD-03821,CUST-1827,2026-04-09 18:00:00,Buzo Canguro,1,7330.14
ORD-03822,CUST-342,2026-04-07 06:00:00,Remera Sublimada,3,70428.68
ORD-03823,CUST-1954,2026-04-14 18:00:00,Remera Algodón,5,109871.93
ORD-03824,CUST-660,2026-06-24 21:00:00,Buzo Canguro,4,58893.16
ORD-03825,CUST-1059,2026-07-03 15:00:00,Buzo Canguro,4,69358.26
ORD-03826,CUST-131,2026-02-18 22:00:00,Gorra,2,21585.84
ORD-03827,CUST-490,2026-05-28 20:00:00,Buzo Canguro,3,62569.85
ORD-03828,CUST-376,2026-06-19 06:00:00,Taza Cerámica,1,17066.35
ORD-03829,CUST-631,2026-05-16 03:00:00,Remera Algodón,1,18896.51
ORD-03830,CUST-1277,2026-02-25 12:00:00,Remera Sublimada,3,37494.59
ORD-03831,CUST-482,2026-06-03 03:00:00,Buzo Canguro,4,54435.04
ORD-03832,CUST-1191,2026-03-23 01:00:00,Remera Algodón,1,9153.64
ORD-03833,CUST-983,2026-06-17 11:00:00,Remera Sublimada,2,47922.1
ORD-03834,CUST-313,2026-02-02 05:00:00,Remera Sublimada,4,95724.56
ORD-03835,CUST-1778,2026-02-05 04:00:00,Remera Algodón,5,106775.12
ORD-03836,CUST-475,2026-07-30 21:00:00,Gorra,3,71133.31
ORD-03837,CUST-843,2026-06-13 03:00:00,Remera Algodón,4,73226.24
ORD-03838,CUST-312,2026-02-09 21:00:00,Remera Sublimada,5,48465.19
ORD-03839,CUST-178,2026-07-05 09:00:00,Remera Sublimada,2,40408.42
ORD-03840,CUST-1849,2026-06-05 09:00:00,Remera Sublimada,3,34516.57
ORD-03841,CUST-727,2026-04-02 18:00:00,Taza Cerámica,1,13809.63
ORD-03842,CUST-703,2026-02-10 05:00:00,Buzo Canguro,1,10487.0
ORD-03843,CUST-881,2026-04-03 16:00:00,Remera Sublimada,5,67362.19
ORD-03844,CUST-1504,2026-06-13 05:00:00,Remera Sublimada,4,74345.39
ORD-03845,CUST-1100,2026-06-03 14:00:00,Buzo Canguro,2,14424.42
ORD-03846,CUST-779,2026-04-30 18:00:00,Buzo Canguro,5,35520.69
ORD-03847,CUST-157,2026-07-28 03:00:00,Remera Sublimada,2,37350.8
ORD-03848,CUST-1919,2026-05-15 15:00:00,Remera Algodón,2,41183.25
ORD-03849,CUST-1149,2026-03-04 18:00:00,Remera Sublimada,2,32058.67
ORD-03850,CUST-980,2026-07-30 02:00:00,Taza Cerámica,3,25898.46
ORD-03851,CUST-546,2026-04-15 01:00:00,Gorra,5,68075.68
ORD-03852,CUST-165,2026-07-14 05:00:00,Buzo Canguro,3,60490.53
ORD-03853,CUST-1883,2026-07-21 13:00:00,Remera Sublimada,4,74858.65
ORD-03854,CUST-1377,2026-02-16 20:00:00,Remera Sublimada,4,28789.24
ORD-03855,CUST-1167,2026-02-19 01:00:00,Gorra,1,24382.94
ORD-03856,CUST-1220,2026-05-06 16:00:00,Remera Sublimada,1,9467.28
ORD-03857,CUST-1677,2026-03-13 16:00:00,Taza Cerámica,1,9407.79
ORD-03858,CUST-1111,2026-07-25 06:00:00,Remera Algodón,4,56788.58
ORD-03859,CUST-326,2026-03-26 22:00:00,Remera Algodón,2,23089.73
ORD-03860,CUST-873,2026-05-06 18:00:00,Buzo Canguro,2,49359.44
ORD-03861,CUST-778,2026-04-03 02:00:00,Gorra,5,32648.98
ORD-03862,CUST-1559,2026-05-04 00:00:00,Remera Algodón,4,44515.14
ORD-03863,CUST-1914,2026-04-09 17:00:00,Remera Sublimada,1,12654.44
ORD-03864,CUST-700,2026-02-26 07:00:00,Remera Sublimada,4,59476.72
ORD-03865,CUST-478,2026-06-27 22:00:00,Remera Sublimada,2,10656.26
ORD-03866,CUST-1301,2026-05-30 05:00:00,Remera Sublimada,2,13294.49
ORD-03867,CUST-1550,2026-06-09 07:00:00,Gorra,3,30468.58
ORD-03868,CUST-808,2026-03-23 10:00:00,Buzo Canguro,3,48240.12
ORD-03869,CUST-406,2026-04-26 14:00:00,Gorra,5,101777.16
ORD-03870,CUST-878,2026-04-24 20:00:00,Taza Cerámica,4,74919.63
ORD-03871,CUST-603,2026-06-18 11:00:00,Taza Cerámica,3,49021.49
ORD-03872,CUST-367,2026-07-11 06:00:00,Buzo Canguro,3,38833.97
ORD-03873,CUST-1709,2026-02-17 09:00:00,Remera Sublimada,4,89655.56
ORD-03874,CUST-107,2026-03-03 05:00:00,Gorra,2,28390.9
ORD-03875,CUST-607,2026-02-17 17:00:00,Buzo Canguro,5,54925.28
ORD-03876,CUST-575,2026-03-09 17:00:00,Buzo Canguro,5,87933.51
ORD-03877,CUST-1420,2026-05-29 15:00:00,Remera Sublimada,5,94211.5
ORD-03878,CUST-263,2026-07-07 15:00:00,Remera Algodón,3,38908.21
ORD-03879,CUST-584,2026-02-11 05:00:00,Remera Algodón,2,11125.73
ORD-03880,CUST-1720,2026-06-03 02:00:00,Buzo Canguro,5,34413.15
ORD-03881,CUST-1195,2026-03-05 17:00:00,Buzo Canguro,4,87647.91
ORD-03882,CUST-666,2026-07-15 12:00:00,Taza Cerámica,5,30654.79
ORD-03883,CUST-1004,2026-05-01 13:00:00,Remera Sublimada,1,16840.39
ORD-03884,CUST-658,2026-02-01 01:00:00,Remera Sublimada,2,17348.38
ORD-03885,CUST-337,2026-05-14 09:00:00,Taza Cerámica,1,9578.53
ORD-03886,CUST-1227,2026-06-08 19:00:00,Remera Sublimada,2,20933.36
ORD-03887,CUST-1333,2026-02-07 15:00:00,Buzo Canguro,4,23063.31
ORD-03888,CUST-653,2026-07-15 11:00:00,Buzo Canguro,3,25634.12
ORD-03889,CUST-927,2026-06-25 15:00:00,Remera Sublimada,3,54030.0
ORD-03890,CUST-567,2026-02-26 15:00:00,Remera Sublimada,2,29948.69
ORD-03891,CUST-1577,2026-06-02 14:00:00,Remera Sublimada,5,104732.91
ORD-03892,CUST-1391,2026-02-12 20:00:00,Remera Sublimada,1,6224.84
ORD-03893,CUST-485,2026-03-14 21:00:00,Buzo Canguro,4,91111.86
ORD-03894,CUST-874,2026-03-06 06:00:00,Taza Cerámica,5,124639.85
ORD-03895,CUST-947,2026-05-20 02:00:00,Remera Algodón,3,15944.4
ORD-03896,CUST-486,2026-02-15 00:00:00,Remera Sublimada,5,121764.01
ORD-03897,CUST-976,2026-02-25 09:00:00,Gorra,1,9717.25
ORD-03898,CUST-358,2026-03-31 14:00:00,Remera Sublimada,3,56552.59
ORD-03899,CUST-382,2026-04-27 05:00:00,Buzo Canguro,2,21699.34
ORD-03900,CUST-1749,2026-07-30 14:00:00,Buzo Canguro,4,61745.03
ORD-03901,CUST-1998,2026-04-29 20:00:00,Buzo Canguro,4,60833.48
ORD-03902,CUST-139,2026-04-12 20:00:00,Taza Cerámica,3,36666.33
ORD-03903,CUST-585,2026-03-31 04:00:00,Remera Sublimada,2,38701.87
ORD-03904,CUST-1028,2026-06-12 21:00:00,Remera Sublimada,1,16992.73
ORD-03905,CUST-319,2026-02-18 02:00:00,Gorra,4,60662.16
ORD-03906,CUST-1252,2026-04-22 17:00:00,Remera Sublimada,3,73970.36
ORD-03907,CUST-1114,2026-05-25 01:00:00,Remera Sublimada,4,95200.75
ORD-03908,CUST-1123,15/05/2026,Remera Sublimada,2,48217.43
ORD-03909,CUST-1643,15/05/2026,Remera Sublimada,1,22626.48
ORD-03910,CUST-712,2026-06-11 04:00:00,Buzo Canguro,2,20206.21
ORD-03911,CUST-1027,2026-03-09 04:00:00,Buzo Canguro,5,59997.6
ORD-03912,CUST-787,2026-06-11 02:00:00,Remera Sublimada,2,19242.18
ORD-03913,CUST-1742,2026-07-30 22:00:00,Remera Sublimada,2,49447.08
ORD-03914,CUST-712,2026-06-04 17:00:00,Taza Cerámica,4,32212.95
ORD-03915,CUST-359,2026-06-02 19:00:00,Taza Cerámica,2,24660.47
ORD-03916,CUST-1089,2026-07-14 00:00:00,Remera Algodón,3,26942.67
ORD-03917,CUST-1065,2026-07-04 15:00:00,Remera Algodón,4,37876.3
ORD-03918,CUST-465,2026-07-18 16:00:00,Remera Algodón,4,39767.03
ORD-03919,CUST-1881,2026-07-18 06:00:00,Taza Cerámica,5,88967.07
ORD-03920,CUST-1910,2026-03-29 07:00:00,Buzo Canguro,3,19562.96
ORD-03921,CUST-643,2026-06-08 20:00:00,Remera Sublimada,2,32901.19
ORD-03922,CUST-748,2026-03-28 11:00:00,Buzo Canguro,5,106928.62
ORD-03923,CUST-1647,2026-07-26 11:00:00,Remera Sublimada,3,60991.43
ORD-03924,CUST-913,2026-04-15 06:00:00,Gorra,5,40117.17
ORD-03925,CUST-1139,2026-06-28 04:00:00,Buzo Canguro,1,23294.63
ORD-03926,CUST-1252,2026-03-20 08:00:00,Taza Cerámica,2,40803.62
ORD-03927,CUST-674,2026-04-12 19:00:00,Remera Sublimada,5,25530.25
ORD-03928,CUST-1232,2026-06-02 13:00:00,Buzo Canguro,1,19747.47
ORD-03929,CUST-1112,2026-03-01 09:00:00,Remera Sublimada,2,39496.87
ORD-03930,CUST-1656,2026-05-04 08:00:00,Remera Sublimada,5,74681.61
ORD-03931,CUST-769,2026-05-11 15:00:00,Remera Sublimada,5,29598.24
ORD-03932,CUST-368,2026-04-15 18:00:00,Remera Sublimada,5,82990.59
ORD-03933,CUST-1285,2026-05-06 16:00:00,Buzo Canguro,5,101574.68
ORD-03934,CUST-1383,2026-06-17 12:00:00,Buzo Canguro,4,41669.92
ORD-03935,CUST-1023,2026-05-08 01:00:00,Gorra,5,91706.82
ORD-03936,CUST-1225,2026-07-23 08:00:00,Buzo Canguro,4,48314.1
ORD-03937,CUST-1629,2026-06-15 15:00:00,Remera Sublimada,4,65908.39
ORD-03938,CUST-1858,2026-02-19 06:00:00,Remera Algodón,1,12691.31
ORD-03939,CUST-1694,2026-06-14 17:00:00,Buzo Canguro,2,22150.46
ORD-03940,CUST-346,2026-06-19 11:00:00,Buzo Canguro,4,88473.16
ORD-03941,CUST-1763,2026-04-02 09:00:00,Buzo Canguro,3,60230.3
ORD-03942,CUST-1918,2026-02-13 11:00:00,Gorra,4,47635.93
ORD-03943,CUST-1960,2026-04-26 09:00:00,Remera Sublimada,3,41077.9
ORD-03944,CUST-1660,2026-02-20 17:00:00,Remera Sublimada,1,18834.07
ORD-03945,CUST-230,2026-07-14 04:00:00,Taza Cerámica,3,63664.73
ORD-03946,CUST-452,2026-03-09 11:00:00,Remera Sublimada,1,18686.83
ORD-03947,CUST-295,2026-05-10 07:00:00,Gorra,1,15818.63
ORD-03948,CUST-1916,2026-03-26 01:00:00,Buzo Canguro,1,24087.72
ORD-03949,CUST-1029,2026-07-28 08:00:00,Buzo Canguro,3,61448.62
ORD-03950,CUST-1789,2026-03-17 06:00:00,Taza Cerámica,3,21935.51
ORD-03951,CUST-1505,2026-05-17 08:00:00,Remera Sublimada,1,16162.78
ORD-03952,CUST-1121,2026-06-08 21:00:00,Gorra,1,13191.13
ORD-03953,CUST-744,2026-03-19 04:00:00,Remera Algodón,2,41797.43
ORD-03954,CUST-326,2026-02-01 11:00:00,Buzo Canguro,1,5893.26
ORD-03955,CUST-800,2026-06-30 05:00:00,Remera Algodón,5,66072.36
ORD-03956,CUST-1599,2026-02-19 15:00:00,Remera Sublimada,2,22731.05
ORD-03957,CUST-1600,2026-07-09 18:00:00,Gorra,2,15647.44
ORD-03958,CUST-364,2026-04-28 09:00:00,Remera Sublimada,2,25152.16
ORD-03959,CUST-1495,2026-06-03 17:00:00,Remera Sublimada,5,92280.03
ORD-03960,CUST-1609,15/05/2026,Remera Sublimada,2,24467.12
ORD-03961,CUST-1557,2026-03-30 17:00:00,Remera Sublimada,2,33200.26
ORD-03962,CUST-745,2026-04-08 22:00:00,Remera Sublimada,3,50568.71
ORD-03963,CUST-310,2026-06-11 22:00:00,Remera Algodón,3,50226.67
ORD-03964,CUST-1695,2026-04-30 11:00:00,Gorra,1,15590.64
ORD-03965,CUST-1500,2026-04-04 19:00:00,Remera Sublimada,1,7339.76
ORD-03966,CUST-1518,2026-06-06 07:00:00,Remera Sublimada,4,37476.47
ORD-03967,CUST-1573,2026-02-09 13:00:00,Gorra,5,105006.71
ORD-03968,CUST-1042,2026-07-15 20:00:00,Remera Sublimada,3,45141.93
ORD-03969,CUST-1487,2026-04-24 20:00:00,Remera Sublimada,1,19121.53
ORD-03970,CUST-1999,2026-04-21 11:00:00,Buzo Canguro,5,81990.91
ORD-03971,CUST-556,2026-06-29 03:00:00,Buzo Canguro,2,11547.61
ORD-03972,CUST-824,2026-03-12 06:00:00,Remera Sublimada,5,104621.38
ORD-03973,CUST-1851,2026-04-03 05:00:00,Taza Cerámica,3,18859.45
ORD-03974,CUST-1349,2026-04-10 13:00:00,Buzo Canguro,4,95453.92
ORD-03975,CUST-1081,2026-05-20 09:00:00,Remera Sublimada,3,27922.62
ORD-03976,CUST-1254,2026-07-28 03:00:00,Remera Algodón,1,15248.12
ORD-03977,CUST-687,2026-04-13 10:00:00,Buzo Canguro,1,6271.76
ORD-03978,CUST-575,2026-02-17 17:00:00,Remera Sublimada,5,114493.24
ORD-03979,CUST-1921,2026-04-26 10:00:00,Remera Sublimada,3,73796.42
ORD-03980,CUST-1085,2026-03-20 11:00:00,Remera Sublimada,1,7925.85
ORD-03981,CUST-1400,2026-07-23 15:00:00,Buzo Canguro,2,21831.46
ORD-03982,CUST-255,2026-05-28 00:00:00,Remera Sublimada,2,10634.98
ORD-03983,CUST-1883,2026-03-03 15:00:00,Buzo Canguro,4,82957.24
ORD-03984,CUST-1341,2026-03-19 05:00:00,Remera Sublimada,5,56146.43
ORD-03985,CUST-289,2026-05-19 07:00:00,Taza Cerámica,1,16776.75
ORD-03986,CUST-1540,2026-04-12 01:00:00,Taza Cerámica,4,23137.48
ORD-03987,CUST-1080,2026-05-19 20:00:00,Buzo Canguro,2,38618.41
ORD-03988,CUST-1798,2026-06-22 15:00:00,Taza Cerámica,4,62352.32
ORD-03989,CUST-1815,2026-07-21 19:00:00,Remera Algodón,4,77998.42
ORD-03990,CUST-645,2026-04-14 09:00:00,Buzo Canguro,1,20791.29
ORD-03991,CUST-140,2026-04-22 11:00:00,Remera Sublimada,1,6784.86
ORD-03992,CUST-406,2026-06-08 05:00:00,Buzo Canguro,1,16561.84
ORD-03993,CUST-1042,2026-06-27 10:00:00,Gorra,5,89994.4
ORD-03994,CUST-437,2026-03-13 20:00:00,Remera Sublimada,4,61337.5
ORD-03995,CUST-1437,2026-07-07 05:00:00,Remera Sublimada,4,34592.75
ORD-03996,CUST-1198,2026-03-31 15:00:00,Buzo Canguro,5,104559.73
ORD-03997,CUST-1052,2026-07-30 15:00:00,Taza Cerámica,2,49898.33
ORD-03998,CUST-378,2026-06-14 04:00:00,Taza Cerámica,3,73156.22
ORD-03999,CUST-1299,2026-06-12 01:00:00,Remera Sublimada,2,41101.18
ORD-04000,CUST-995,2026-05-03 05:00:00,Remera Sublimada,5,66810.77
ORD-04001,CUST-1785,2026-07-19 16:00:00,Remera Algodón,4,46984.04
ORD-04002,CUST-372,2026-06-22 06:00:00,Remera Sublimada,4,25483.66
ORD-04003,CUST-936,2026-07-29 00:00:00,Remera Sublimada,1,13325.73
ORD-04004,CUST-719,2026-03-24 14:00:00,Buzo Canguro,1,8120.97
ORD-04005,CUST-1774,2026-05-10 17:00:00,Gorra,4,40346.78
ORD-04006,CUST-961,2026-07-08 01:00:00,Taza Cerámica,4,91350.94
ORD-04007,CUST-1906,2026-03-14 10:00:00,Remera Algodón,1,24370.51
ORD-04008,CUST-1982,,Remera Sublimada,1,23971.18
ORD-04009,CUST-1030,2026-07-17 07:00:00,Remera Sublimada,2,17734.23
ORD-04010,CUST-388,2026-02-18 12:00:00,Remera Sublimada,4,92071.54
ORD-04011,CUST-823,2026-03-17 18:00:00,Gorra,4,31320.42
ORD-04012,CUST-992,2026-04-28 11:00:00,Buzo Canguro,5,75766.02
ORD-04013,CUST-371,2026-07-27 21:00:00,Remera Sublimada,2,35746.53
ORD-04014,CUST-1189,2026-07-22 12:00:00,Taza Cerámica,3,42748.01
ORD-04015,CUST-582,,Remera Sublimada,3,72110.25
ORD-04016,CUST-1035,2026-07-29 13:00:00,Buzo Canguro,3,34992.76
ORD-04017,CUST-347,2026-06-15 12:00:00,Gorra,1,15547.55
ORD-04018,CUST-255,2026-06-14 18:00:00,Remera Sublimada,3,19527.0
ORD-04019,CUST-1170,2026-04-24 03:00:00,Remera Sublimada,5,110222.46
ORD-04020,CUST-553,2026-05-26 08:00:00,Remera Sublimada,1,13267.27
ORD-04021,CUST-300,,Remera Sublimada,1,19010.64
ORD-04022,CUST-1783,2026-05-13 07:00:00,Remera Sublimada,3,55934.74
ORD-04023,CUST-223,2026-07-02 15:00:00,Taza Cerámica,1,18525.26
ORD-04024,CUST-100,2026-04-10 20:00:00,Remera Sublimada,2,30277.53
ORD-04025,CUST-1067,2026-07-20 22:00:00,Remera Algodón,2,21100.75
ORD-04026,CUST-1882,2026-03-17 13:00:00,Remera Sublimada,3,52505.67
ORD-04027,CUST-954,2026-07-07 19:00:00,Remera Sublimada,5,121179.15
ORD-04028,CUST-739,2026-06-14 06:00:00,Remera Sublimada,1,21678.99
ORD-04029,CUST-290,2026-03-09 20:00:00,Taza Cerámica,4,28701.46
ORD-04030,CUST-1702,2026-02-18 22:00:00,Buzo Canguro,3,16391.24
ORD-04031,CUST-615,2026-03-10 00:00:00,Gorra,1,14979.43
ORD-04032,CUST-541,2026-03-16 14:00:00,Taza Cerámica,3,61549.76
ORD-04033,CUST-1938,2026-03-07 22:00:00,Remera Algodón,3,33834.15
ORD-04034,CUST-1929,2026-04-01 19:00:00,Taza Cerámica,5,95123.83
ORD-04035,CUST-242,2026-02-08 10:00:00,Remera Sublimada,4,94553.7
ORD-04036,CUST-1314,2026-07-19 02:00:00,Gorra,1,14179.69
ORD-04037,CUST-632,2026-06-22 14:00:00,Remera Algodón,3,29649.58
ORD-04038,CUST-326,2026-06-03 03:00:00,Remera Algodón,3,70065.47
ORD-04039,CUST-1436,2026-07-18 18:00:00,Remera Sublimada,1,14445.28
ORD-04040,CUST-1752,2026-06-03 04:00:00,Buzo Canguro,3,39470.36
ORD-04041,CUST-1048,2026-04-18 15:00:00,Remera Sublimada,3,36201.69
ORD-04042,CUST-1425,2026-02-01 12:00:00,Remera Sublimada,3,40381.02
ORD-04043,CUST-1777,2026-02-11 20:00:00,Taza Cerámica,2,36946.31
ORD-04044,CUST-559,2026-02-08 07:00:00,Remera Algodón,2,27348.79
ORD-04045,CUST-1524,2026-03-04 13:00:00,Buzo Canguro,4,45937.91
ORD-04046,CUST-650,2026-06-11 03:00:00,Gorra,5,99363.77
ORD-04047,CUST-492,2026-06-08 19:00:00,Remera Sublimada,1,9059.43
ORD-04048,CUST-1990,2026-04-03 20:00:00,Remera Sublimada,5,45193.37
ORD-04049,CUST-1887,15/05/2026,Buzo Canguro,5,94643.55
ORD-04050,CUST-944,2026-05-03 09:00:00,Remera Sublimada,2,44668.26
ORD-04051,CUST-1330,2026-03-16 13:00:00,Gorra,4,39296.87
ORD-04052,CUST-309,2026-07-24 13:00:00,Remera Sublimada,5,44112.5
ORD-04053,CUST-1238,2026-06-16 15:00:00,Buzo Canguro,5,92030.59
ORD-04054,CUST-1860,2026-06-22 00:00:00,Buzo Canguro,3,52248.15
ORD-04055,CUST-745,2026-04-21 17:00:00,Remera Sublimada,1,13945.05
ORD-04056,CUST-1374,2026-06-15 14:00:00,Remera Algodón,4,27668.85
ORD-04057,CUST-318,2026-04-29 16:00:00,Buzo Canguro,1,6835.71
ORD-04058,CUST-506,2026-06-07 18:00:00,Buzo Canguro,2,41093.67
ORD-04059,CUST-1566,2026-03-27 12:00:00,Gorra,5,70176.91
ORD-04060,CUST-1726,,Remera Sublimada,5,110796.71
ORD-04061,CUST-1477,2026-03-30 02:00:00,Gorra,1,16494.67
ORD-04062,CUST-987,2026-04-29 00:00:00,Remera Sublimada,2,34749.53
ORD-04063,CUST-657,2026-06-24 07:00:00,Remera Sublimada,3,71051.67
ORD-04064,CUST-649,2026-07-23 07:00:00,Remera Algodón,3,24876.95
ORD-04065,CUST-241,2026-02-14 20:00:00,Gorra,5,79302.42
ORD-04066,CUST-711,2026-03-25 06:00:00,Remera Sublimada,5,30813.86
ORD-04067,CUST-600,2026-06-07 14:00:00,Buzo Canguro,4,48714.0
ORD-04068,CUST-939,2026-04-21 18:00:00,Remera Algodón,1,7961.97
ORD-04069,CUST-801,2026-06-14 22:00:00,Remera Sublimada,5,43783.6
ORD-04070,CUST-1670,2026-03-16 17:00:00,Remera Sublimada,2,47391.79
ORD-04071,CUST-1782,2026-02-16 11:00:00,Buzo Canguro,1,17213.65
ORD-04072,CUST-1665,2026-06-28 12:00:00,Remera Sublimada,4,91372.65
ORD-04073,CUST-1969,2026-05-04 21:00:00,Remera Sublimada,3,41611.21
ORD-04074,CUST-1630,2026-05-08 20:00:00,Gorra,4,67811.47
ORD-04075,CUST-695,2026-03-19 21:00:00,Remera Sublimada,1,5641.89
ORD-04076,CUST-380,2026-03-17 12:00:00,Gorra,3,43170.13
ORD-04077,CUST-523,2026-02-09 14:00:00,Buzo Canguro,2,32562.27
ORD-04078,CUST-955,2026-07-14 12:00:00,Buzo Canguro,3,16006.66
ORD-04079,CUST-369,2026-05-02 11:00:00,Taza Cerámica,3,62369.35
ORD-04080,CUST-253,15/05/2026,Buzo Canguro,2,21816.92
ORD-04081,CUST-713,2026-06-02 11:00:00,Remera Sublimada,5,70248.71
ORD-04082,CUST-1850,2026-07-14 19:00:00,Remera Sublimada,5,78563.03
ORD-04083,CUST-761,2026-04-02 07:00:00,Taza Cerámica,3,74531.83
ORD-04084,CUST-182,2026-07-18 20:00:00,Remera Sublimada,3,20951.05
ORD-04085,CUST-1745,2026-06-06 00:00:00,Remera Sublimada,4,64422.36
ORD-04086,CUST-1046,2026-07-12 03:00:00,Remera Algodón,5,78059.41
ORD-04087,CUST-998,2026-04-29 20:00:00,Remera Algodón,2,12756.39
ORD-04088,CUST-1549,2026-07-11 06:00:00,Remera Sublimada,3,53036.3
ORD-04089,CUST-1398,2026-02-03 11:00:00,Remera Sublimada,3,32211.27
ORD-04090,CUST-1836,2026-03-23 14:00:00,Taza Cerámica,4,28301.44
ORD-04091,CUST-383,2026-05-06 21:00:00,Gorra,4,34291.35
ORD-04092,CUST-1079,2026-06-03 05:00:00,Remera Sublimada,4,85888.26
ORD-04093,CUST-272,2026-07-07 16:00:00,Remera Sublimada,1,7082.5
ORD-04094,CUST-1450,2026-05-28 21:00:00,Gorra,2,28677.1
ORD-04095,CUST-1841,2026-07-02 16:00:00,Remera Algodón,1,8905.46
ORD-04096,CUST-1186,2026-04-26 18:00:00,Taza Cerámica,3,24739.19
ORD-04097,CUST-1196,2026-07-28 10:00:00,Remera Sublimada,4,36456.94
ORD-04098,CUST-862,2026-04-12 09:00:00,Buzo Canguro,4,59422.63
ORD-04099,CUST-1759,2026-03-11 04:00:00,Buzo Canguro,4,39023.07
ORD-04100,CUST-1498,2026-03-20 20:00:00,Remera Sublimada,5,34673.3
ORD-04101,CUST-732,15/05/2026,Remera Sublimada,2,42056.03
ORD-04102,CUST-1631,2026-06-28 14:00:00,Remera Sublimada,1,15796.43
ORD-04103,CUST-886,2026-04-10 12:00:00,Buzo Canguro,2,16274.15
ORD-04104,CUST-1042,2026-07-29 11:00:00,Buzo Canguro,4,57714.39
ORD-04105,CUST-1111,2026-04-03 22:00:00,Gorra,3,19101.75
ORD-04106,CUST-497,2026-03-09 05:00:00,Taza Cerámica,5,83042.99
ORD-04107,CUST-1243,2026-02-26 09:00:00,Remera Algodón,2,23612.19
ORD-04108,CUST-1033,2026-02-08 08:00:00,Gorra,3,21211.71
ORD-04109,CUST-1560,2026-02-04 20:00:00,Remera Sublimada,4,34691.51
ORD-04110,CUST-1952,2026-07-09 20:00:00,Remera Sublimada,4,47656.22
ORD-04111,CUST-775,2026-02-25 06:00:00,Buzo Canguro,4,84512.6
ORD-04112,CUST-1035,2026-06-23 20:00:00,Remera Sublimada,4,33900.46
ORD-04113,CUST-564,2026-07-13 16:00:00,Remera Algodón,5,35966.42
ORD-04114,CUST-385,2026-03-15 08:00:00,Remera Sublimada,5,76593.9
ORD-04115,CUST-364,2026-03-09 09:00:00,Remera Sublimada,2,32347.88
ORD-04116,CUST-419,2026-07-25 13:00:00,Buzo Canguro,4,27219.31
ORD-04117,CUST-772,2026-04-09 20:00:00,Buzo Canguro,5,53448.45
ORD-04118,CUST-1499,2026-04-25 01:00:00,Taza Cerámica,3,30765.84
ORD-04119,CUST-919,2026-04-17 00:00:00,Buzo Canguro,5,43622.16
ORD-04120,CUST-188,2026-07-02 19:00:00,Remera Sublimada,5,56563.81
ORD-04121,CUST-1777,2026-03-02 10:00:00,Remera Sublimada,2,11484.34
ORD-04122,CUST-1326,2026-02-07 03:00:00,Remera Algodón,5,90154.98
ORD-04123,CUST-920,2026-03-10 15:00:00,Remera Sublimada,3,74309.23
ORD-04124,CUST-1862,2026-03-24 14:00:00,Remera Sublimada,4,70723.74
ORD-04125,CUST-1100,2026-07-24 22:00:00,Buzo Canguro,1,-12221.53
ORD-04126,CUST-433,,Remera Sublimada,2,36716.41
ORD-04127,CUST-321,2026-06-23 12:00:00,Buzo Canguro,3,49290.96
ORD-04128,CUST-140,2026-05-18 16:00:00,Taza Cerámica,2,43870.32
ORD-04129,CUST-1831,2026-02-21 14:00:00,Taza Cerámica,4,69749.96
ORD-04130,CUST-167,2026-02-14 09:00:00,Taza Cerámica,5,88407.64
ORD-04131,CUST-1087,2026-02-15 09:00:00,Remera Sublimada,5,47166.42
ORD-04132,CUST-1899,2026-04-04 03:00:00,Buzo Canguro,3,39937.63
ORD-04133,CUST-613,2026-02-27 22:00:00,Remera Sublimada,4,47553.28
ORD-04134,CUST-1996,2026-05-04 08:00:00,Remera Sublimada,1,5228.5
ORD-04135,CUST-1760,2026-03-25 19:00:00,Buzo Canguro,1,11265.61
ORD-04136,CUST-1745,2026-04-04 08:00:00,Remera Sublimada,5,73606.21
ORD-04137,CUST-1721,2026-03-29 19:00:00,Taza Cerámica,4,67987.89
ORD-04138,CUST-1755,2026-05-18 10:00:00,Taza Cerámica,4,94765.52
ORD-04139,CUST-1250,2026-06-15 20:00:00,Gorra,3,29346.83
ORD-04140,CUST-1378,2026-07-20 03:00:00,Taza Cerámica,1,8048.58
ORD-04141,CUST-794,2026-06-13 10:00:00,Remera Sublimada,3,67166.74
ORD-04142,CUST-1139,2026-04-21 08:00:00,Remera Sublimada,2,47673.9
ORD-04143,CUST-576,2026-06-12 01:00:00,Remera Sublimada,4,59036.34
ORD-04144,CUST-1185,2026-06-29 05:00:00,Remera Sublimada,1,7304.33
ORD-04145,CUST-980,2026-03-15 20:00:00,Remera Sublimada,3,44123.3
ORD-04146,CUST-531,2026-04-23 11:00:00,Remera Sublimada,5,35944.33
ORD-04147,CUST-1793,2026-06-17 19:00:00,Buzo Canguro,2,45327.42
ORD-04148,CUST-367,2026-07-06 17:00:00,Taza Cerámica,3,57489.01
ORD-04149,CUST-1158,15/05/2026,Taza Cerámica,5,49113.7
ORD-04150,CUST-878,2026-04-14 03:00:00,Buzo Canguro,1,22733.81
ORD-04151,CUST-1699,2026-03-21 16:00:00,Buzo Canguro,1,17758.03
ORD-04152,CUST-593,2026-04-04 22:00:00,Buzo Canguro,2,48130.53
ORD-04153,CUST-1685,2026-07-01 01:00:00,Taza Cerámica,5,123047.98
ORD-04154,CUST-1592,2026-05-16 08:00:00,Remera Sublimada,4,20262.54
ORD-04155,CUST-1890,2026-04-10 14:00:00,Taza Cerámica,1,7404.28
ORD-04156,CUST-760,2026-07-25 02:00:00,Buzo Canguro,4,63753.79
ORD-04157,CUST-1448,2026-07-06 02:00:00,Remera Sublimada,4,96468.23
ORD-04158,CUST-1427,2026-05-13 03:00:00,Remera Sublimada,3,74654.02
ORD-04159,CUST-1399,2026-04-29 12:00:00,Remera Sublimada,3,49044.48
ORD-04160,CUST-1992,2026-03-17 10:00:00,Buzo Canguro,1,8476.03
ORD-04161,CUST-1807,2026-07-15 00:00:00,Taza Cerámica,4,33044.0
ORD-04162,CUST-1112,2026-02-09 16:00:00,Remera Sublimada,3,60831.47
ORD-04163,CUST-1324,2026-05-29 00:00:00,Remera Sublimada,5,84193.77
ORD-04164,CUST-1568,2026-06-11 14:00:00,Remera Algodón,5,79877.39
ORD-04165,CUST-1447,2026-02-26 20:00:00,Remera Sublimada,5,71576.49
ORD-04166,CUST-1158,2026-07-09 22:00:00,Remera Sublimada,5,97513.46
ORD-04167,CUST-1076,2026-03-02 09:00:00,Remera Sublimada,4,88644.33
ORD-04168,CUST-581,2026-04-13 11:00:00,Taza Cerámica,5,55295.81
ORD-04169,CUST-827,2026-04-05 21:00:00,Buzo Canguro,4,37673.42
ORD-04170,CUST-579,2026-06-23 08:00:00,Buzo Canguro,1,18403.98
ORD-04171,CUST-1188,2026-04-15 19:00:00,Remera Algodón,1,23294.65
ORD-04172,CUST-1131,2026-05-16 14:00:00,Taza Cerámica,5,59815.74
ORD-04173,CUST-1424,2026-04-28 20:00:00,Remera Sublimada,5,52244.82
ORD-04174,CUST-442,2026-06-09 01:00:00,Taza Cerámica,5,47611.46
ORD-04175,CUST-1554,2026-03-30 18:00:00,Remera Sublimada,1,10089.82
ORD-04176,CUST-1547,2026-04-13 05:00:00,Taza Cerámica,3,23096.0
ORD-04177,CUST-431,2026-06-20 14:00:00,Remera Sublimada,1,16935.56
ORD-04178,CUST-537,,Taza Cerámica,5,53082.61
ORD-04179,CUST-1711,2026-06-09 10:00:00,Remera Sublimada,3,51896.66
ORD-04180,CUST-273,2026-02-03 18:00:00,Gorra,3,19981.94
ORD-04181,CUST-658,2026-06-26 19:00:00,Remera Sublimada,2,14618.27
ORD-04182,CUST-626,,Buzo Canguro,4,62891.35
ORD-04183,CUST-1996,2026-05-07 06:00:00,Remera Sublimada,5,76153.09
ORD-04184,CUST-758,15/05/2026,Remera Algodón,4,41720.79
ORD-04185,CUST-125,2026-05-22 09:00:00,Taza Cerámica,2,43085.23
ORD-04186,CUST-919,2026-02-22 00:00:00,Remera Sublimada,4,34963.77
ORD-04187,CUST-704,2026-07-16 12:00:00,Remera Algodón,5,61066.11
ORD-04188,CUST-505,2026-03-07 10:00:00,Remera Sublimada,2,32220.47
ORD-04189,CUST-331,2026-06-08 02:00:00,Taza Cerámica,4,89376.89
ORD-04190,CUST-632,2026-04-24 09:00:00,Taza Cerámica,1,13371.02
ORD-04191,CUST-1942,2026-06-23 10:00:00,Remera Sublimada,3,38916.06
ORD-04192,CUST-1673,2026-05-22 12:00:00,Remera Algodón,2,33181.5
ORD-04193,CUST-1911,2026-05-12 03:00:00,Remera Sublimada,1,11333.91
ORD-04194,CUST-604,2026-02-13 08:00:00,Remera Sublimada,5,95917.33
ORD-04195,CUST-1792,2026-05-09 04:00:00,Gorra,3,29921.76
ORD-04196,CUST-278,2026-03-20 06:00:00,Taza Cerámica,2,42927.84
ORD-04197,CUST-231,2026-02-01 11:00:00,Remera Sublimada,3,31341.2
ORD-04198,CUST-1946,2026-06-29 10:00:00,Remera Sublimada,2,49708.05
ORD-04199,CUST-1578,2026-03-16 18:00:00,Taza Cerámica,2,22658.5
ORD-04200,CUST-447,2026-05-19 11:00:00,Remera Sublimada,4,90306.09
ORD-04201,CUST-639,2026-04-19 01:00:00,Remera Algodón,3,38841.36
ORD-04202,CUST-871,2026-07-12 03:00:00,Taza Cerámica,3,29763.29
ORD-04203,CUST-1529,2026-05-27 22:00:00,Remera Sublimada,1,9523.27
ORD-04204,CUST-175,2026-06-24 09:00:00,Remera Sublimada,5,110019.13
ORD-04205,CUST-678,2026-05-20 01:00:00,Buzo Canguro,1,11175.06
ORD-04206,CUST-953,2026-03-07 18:00:00,Remera Sublimada,4,47085.04
ORD-04207,CUST-1615,2026-06-14 18:00:00,Taza Cerámica,2,17879.72
ORD-04208,CUST-293,2026-02-08 13:00:00,Remera Algodón,4,96905.98
ORD-04209,CUST-1285,2026-02-10 02:00:00,Buzo Canguro,4,39579.52
ORD-04210,CUST-446,2026-07-16 14:00:00,Buzo Canguro,1,9948.87
ORD-04211,CUST-1050,2026-04-28 22:00:00,Remera Sublimada,2,47755.92
ORD-04212,CUST-1484,2026-03-18 18:00:00,Taza Cerámica,5,115089.89
ORD-04213,CUST-1892,2026-02-28 09:00:00,Taza Cerámica,4,39912.87
ORD-04214,CUST-1707,2026-07-25 03:00:00,Taza Cerámica,5,111472.56
ORD-04215,CUST-1210,15/05/2026,Remera Sublimada,2,19992.93
ORD-04216,CUST-1385,2026-04-08 06:00:00,Gorra,2,13378.57
ORD-04217,CUST-313,2026-03-27 15:00:00,Remera Sublimada,1,21407.23
ORD-04218,CUST-1788,2026-03-03 09:00:00,Taza Cerámica,3,61293.49
ORD-04219,CUST-1845,2026-02-19 16:00:00,Taza Cerámica,1,10893.34
ORD-04220,CUST-672,2026-07-06 18:00:00,Taza Cerámica,5,34013.9
ORD-04221,CUST-879,2026-04-28 19:00:00,Remera Sublimada,1,9128.78
ORD-04222,CUST-361,2026-02-13 12:00:00,Buzo Canguro,2,40842.26
ORD-04223,CUST-829,2026-03-15 10:00:00,Remera Sublimada,4,97179.83
ORD-04224,CUST-382,2026-07-26 14:00:00,Taza Cerámica,3,30540.12
ORD-04225,CUST-1771,2026-06-25 21:00:00,Remera Sublimada,2,42730.35
ORD-04226,CUST-1590,2026-03-22 18:00:00,Remera Sublimada,4,38234.61
ORD-04227,CUST-1503,2026-02-04 21:00:00,Remera Sublimada,5,92960.04
ORD-04228,CUST-461,2026-05-30 04:00:00,Gorra,5,33361.35
ORD-04229,CUST-1572,2026-03-11 01:00:00,Buzo Canguro,5,83529.56
ORD-04230,CUST-540,2026-05-08 11:00:00,Taza Cerámica,1,10383.8
ORD-04231,CUST-192,2026-07-20 07:00:00,Taza Cerámica,5,117584.59
ORD-04232,CUST-1744,2026-05-08 11:00:00,Gorra,5,53975.09
ORD-04233,CUST-852,2026-06-10 09:00:00,Remera Sublimada,1,12968.81
ORD-04234,CUST-966,2026-04-27 16:00:00,Taza Cerámica,4,87254.33
ORD-04235,CUST-1547,2026-05-01 02:00:00,Buzo Canguro,2,27530.98
ORD-04236,CUST-241,2026-04-17 02:00:00,Remera Sublimada,3,29304.74
ORD-04237,CUST-1414,2026-05-03 08:00:00,Remera Sublimada,5,79754.43
ORD-04238,CUST-1555,2026-02-10 21:00:00,Remera Sublimada,5,108999.12
ORD-04239,CUST-848,2026-05-13 00:00:00,Remera Sublimada,5,68317.76
ORD-04240,CUST-1975,2026-05-19 04:00:00,Remera Sublimada,1,7657.77
ORD-04241,CUST-1947,2026-05-02 14:00:00,Remera Sublimada,1,12661.74
ORD-04242,CUST-1812,2026-04-27 10:00:00,Buzo Canguro,1,24089.5
ORD-04243,CUST-752,15/05/2026,Remera Sublimada,3,19321.3
ORD-04244,CUST-800,2026-05-19 01:00:00,Remera Sublimada,2,26337.81
ORD-04245,CUST-1097,2026-03-20 20:00:00,Remera Algodón,5,89802.88
ORD-04246,CUST-148,2026-05-17 18:00:00,Buzo Canguro,4,26281.42
ORD-04247,CUST-1425,2026-03-05 11:00:00,Remera Sublimada,5,59495.25
ORD-04248,CUST-980,2026-07-15 15:00:00,Buzo Canguro,5,119057.84
ORD-04249,CUST-1313,2026-04-30 03:00:00,Remera Sublimada,5,28063.57
ORD-04250,CUST-1259,2026-04-22 20:00:00,Remera Sublimada,5,100174.19
ORD-04251,CUST-654,2026-06-10 11:00:00,Remera Sublimada,2,43655.0
ORD-04252,CUST-503,2026-03-02 11:00:00,Remera Algodón,4,42164.86
ORD-04253,CUST-991,2026-07-22 11:00:00,Taza Cerámica,1,9294.29
ORD-04254,CUST-964,2026-03-23 16:00:00,Taza Cerámica,4,93185.67
ORD-04255,CUST-701,2026-07-02 10:00:00,Remera Algodón,5,101400.17
ORD-04256,CUST-1930,15/05/2026,Remera Algodón,4,29070.46
ORD-04257,CUST-440,2026-04-15 07:00:00,Taza Cerámica,5,46219.73
ORD-04258,CUST-1880,2026-02-20 07:00:00,Taza Cerámica,4,69708.41
ORD-04259,CUST-803,2026-04-14 06:00:00,Remera Sublimada,3,40165.02
ORD-04260,CUST-417,2026-04-19 01:00:00,Remera Sublimada,4,60333.95
ORD-04261,CUST-717,2026-06-01 10:00:00,Buzo Canguro,1,24030.85
ORD-04262,CUST-1486,2026-02-08 12:00:00,Buzo Canguro,1,13404.71
ORD-04263,CUST-1945,2026-05-22 02:00:00,Remera Algodón,4,90534.56
ORD-04264,CUST-481,2026-02-23 13:00:00,Buzo Canguro,4,72859.58
ORD-04265,CUST-332,2026-02-15 01:00:00,Taza Cerámica,2,14864.78
ORD-04266,CUST-1900,2026-04-02 18:00:00,Buzo Canguro,4,79560.56
ORD-04267,CUST-1467,2026-04-05 19:00:00,Remera Sublimada,1,15404.18
ORD-04268,CUST-1672,2026-07-14 02:00:00,Buzo Canguro,3,28505.84
ORD-04269,CUST-916,2026-04-10 02:00:00,Buzo Canguro,1,10790.99
ORD-04270,CUST-652,2026-07-25 18:00:00,Buzo Canguro,2,32293.3
ORD-04271,CUST-1652,2026-02-02 11:00:00,Buzo Canguro,4,68136.2
ORD-04272,CUST-955,2026-04-19 21:00:00,Remera Sublimada,3,73090.58
ORD-04273,CUST-1912,2026-04-08 03:00:00,Buzo Canguro,1,22094.4
ORD-04274,CUST-918,2026-05-13 21:00:00,Buzo Canguro,3,27350.36
ORD-04275,CUST-1694,2026-03-20 06:00:00,Buzo Canguro,5,102399.21
ORD-04276,CUST-282,2026-03-19 20:00:00,Buzo Canguro,1,5165.84
ORD-04277,CUST-1164,2026-07-08 19:00:00,Remera Sublimada,5,37980.85
ORD-04278,CUST-1674,2026-07-04 10:00:00,Remera Sublimada,3,26982.02
ORD-04279,CUST-496,2026-06-30 20:00:00,Remera Sublimada,4,67775.95
ORD-04280,CUST-1827,2026-02-01 04:00:00,Buzo Canguro,4,35574.8
ORD-04281,CUST-878,2026-04-18 20:00:00,Buzo Canguro,4,49221.84
ORD-04282,CUST-1617,2026-03-18 08:00:00,Gorra,5,49277.98
ORD-04283,CUST-1782,2026-06-25 14:00:00,Remera Sublimada,4,46993.33
ORD-04284,CUST-1006,2026-03-31 21:00:00,Remera Sublimada,2,47698.06
ORD-04285,CUST-1456,2026-04-27 11:00:00,Buzo Canguro,1,24947.53
ORD-04286,CUST-226,2026-02-06 20:00:00,Buzo Canguro,1,18714.44
ORD-04287,CUST-1681,2026-06-24 04:00:00,Buzo Canguro,3,49338.47
ORD-04288,CUST-1680,2026-04-14 13:00:00,Gorra,5,95844.78
ORD-04289,CUST-100,2026-02-14 11:00:00,Gorra,1,20433.04
ORD-04290,CUST-1291,2026-05-17 19:00:00,Remera Sublimada,5,98901.27
ORD-04291,CUST-1743,2026-05-27 20:00:00,Remera Algodón,3,19913.55
ORD-04292,CUST-118,2026-05-20 18:00:00,Remera Sublimada,4,44823.47
ORD-04293,CUST-1455,2026-03-19 07:00:00,Buzo Canguro,3,35605.88
ORD-04294,CUST-683,2026-02-23 20:00:00,Taza Cerámica,2,24770.18
ORD-04295,CUST-555,2026-05-17 02:00:00,Taza Cerámica,4,47545.1
ORD-04296,CUST-1056,2026-03-25 02:00:00,Remera Sublimada,4,82967.38
ORD-04297,CUST-1232,2026-05-07 04:00:00,Remera Sublimada,4,79808.37
ORD-04298,CUST-1391,2026-02-16 16:00:00,Buzo Canguro,3,15276.02
ORD-04299,CUST-544,2026-07-10 05:00:00,Remera Sublimada,2,21855.26
ORD-04300,CUST-1363,2026-07-30 19:00:00,Remera Sublimada,5,87366.36
ORD-04301,CUST-1424,2026-05-23 01:00:00,Buzo Canguro,3,22215.94
ORD-04302,CUST-701,2026-05-22 17:00:00,Buzo Canguro,1,6423.97
ORD-04303,CUST-202,2026-02-01 18:00:00,Taza Cerámica,1,21567.96
ORD-04304,CUST-1087,2026-07-22 07:00:00,Remera Sublimada,3,42161.06
ORD-04305,CUST-1373,2026-02-06 11:00:00,Gorra,5,110568.74
ORD-04306,CUST-1576,2026-05-14 17:00:00,Remera Sublimada,1,21471.05
ORD-04307,CUST-619,2026-05-29 13:00:00,Gorra,5,114337.05
ORD-04308,CUST-1276,2026-04-29 19:00:00,Buzo Canguro,4,23861.97
ORD-04309,CUST-958,2026-02-14 04:00:00,Buzo Canguro,3,26167.8
ORD-04310,CUST-273,2026-07-19 07:00:00,Gorra,4,43691.45
ORD-04311,CUST-1466,2026-03-06 15:00:00,Remera Sublimada,1,7724.61
ORD-04312,CUST-1793,2026-03-17 06:00:00,Remera Sublimada,5,73546.98
ORD-04313,CUST-1104,2026-04-21 06:00:00,Buzo Canguro,4,83918.15
ORD-04314,CUST-530,2026-07-05 13:00:00,Remera Sublimada,1,24023.64
ORD-04315,CUST-826,2026-04-19 11:00:00,Buzo Canguro,2,45582.97
ORD-04316,CUST-1812,2026-03-05 00:00:00,Remera Sublimada,4,56586.93
ORD-04317,CUST-1810,2026-03-16 19:00:00,Gorra,2,35459.64
ORD-04318,CUST-1975,2026-05-22 03:00:00,Buzo Canguro,2,19227.84
ORD-04319,CUST-949,2026-02-07 15:00:00,Remera Sublimada,1,13060.18
ORD-04320,CUST-1781,2026-07-17 21:00:00,Gorra,3,67270.96
ORD-04321,CUST-1447,2026-04-11 15:00:00,Remera Sublimada,5,27919.75
ORD-04322,CUST-1089,2026-05-15 22:00:00,Remera Sublimada,1,15655.19
ORD-04323,CUST-1796,2026-03-26 05:00:00,Remera Sublimada,4,89823.86
ORD-04324,CUST-738,2026-04-15 15:00:00,Buzo Canguro,5,37200.99
ORD-04325,CUST-519,2026-03-04 12:00:00,Buzo Canguro,3,73952.77
ORD-04326,CUST-693,2026-04-02 05:00:00,Buzo Canguro,1,5247.83
ORD-04327,CUST-584,2026-03-25 18:00:00,Remera Sublimada,3,68167.2
ORD-04328,CUST-1782,2026-04-17 05:00:00,Remera Algodón,4,48293.81
ORD-04329,CUST-1874,2026-04-03 17:00:00,Taza Cerámica,1,7653.81
ORD-04330,CUST-511,2026-06-07 12:00:00,Remera Sublimada,4,32588.65
ORD-04331,CUST-1035,2026-05-14 22:00:00,Taza Cerámica,5,95117.87
ORD-04332,CUST-1207,2026-04-18 20:00:00,Buzo Canguro,5,112071.97
ORD-04333,CUST-1236,2026-05-15 20:00:00,Remera Sublimada,3,53463.98
ORD-04334,CUST-1860,2026-03-21 08:00:00,Remera Sublimada,3,70723.5
ORD-04335,CUST-431,2026-05-27 12:00:00,Remera Sublimada,5,109247.88
ORD-04336,CUST-1501,2026-07-12 03:00:00,Gorra,2,10361.27
ORD-04337,CUST-1878,2026-06-05 01:00:00,Buzo Canguro,5,91942.97
ORD-04338,CUST-754,2026-06-08 03:00:00,Remera Sublimada,1,11092.69
ORD-04339,CUST-140,2026-06-26 04:00:00,Remera Sublimada,4,56360.0
ORD-04340,CUST-1893,2026-02-19 09:00:00,Buzo Canguro,5,34403.07
ORD-04341,CUST-1058,2026-02-18 20:00:00,Buzo Canguro,5,53209.92
ORD-04342,CUST-1920,2026-02-10 04:00:00,Taza Cerámica,4,70614.88
ORD-04343,CUST-204,2026-07-27 21:00:00,Remera Algodón,4,37470.57
ORD-04344,CUST-301,2026-02-13 22:00:00,Buzo Canguro,1,17950.73
ORD-04345,CUST-549,2026-06-25 08:00:00,Buzo Canguro,4,93842.57
ORD-04346,CUST-1942,2026-04-29 11:00:00,Remera Sublimada,3,15296.42
ORD-04347,CUST-1966,2026-03-18 07:00:00,Gorra,5,103577.07
ORD-04348,CUST-1389,2026-05-30 04:00:00,Remera Sublimada,4,71305.51
ORD-04349,CUST-1009,2026-02-19 13:00:00,Remera Sublimada,1,5932.66
ORD-04350,CUST-309,2026-05-05 06:00:00,Taza Cerámica,4,83213.37
ORD-04351,CUST-662,2026-02-26 07:00:00,Remera Sublimada,5,-47452.1
ORD-04352,CUST-1241,2026-03-18 21:00:00,Remera Sublimada,2,20632.82
ORD-04353,CUST-812,2026-03-18 10:00:00,Buzo Canguro,4,27481.25
ORD-04354,CUST-1500,2026-02-14 20:00:00,Remera Sublimada,3,47062.79
ORD-04355,CUST-1674,2026-04-04 07:00:00,Remera Sublimada,5,74822.37
ORD-04356,CUST-1663,2026-02-03 22:00:00,Buzo Canguro,1,11943.49
ORD-04357,CUST-870,15/05/2026,Buzo Canguro,5,41875.38
ORD-04358,CUST-1207,2026-04-18 11:00:00,Remera Sublimada,2,43518.14
ORD-04359,CUST-553,2026-07-25 17:00:00,Remera Algodón,1,22527.57
ORD-04360,CUST-766,2026-06-13 06:00:00,Remera Sublimada,2,31623.18
ORD-04361,CUST-728,2026-04-16 10:00:00,Taza Cerámica,2,19769.01
ORD-04362,CUST-1637,2026-03-31 14:00:00,Remera Sublimada,3,20766.6
ORD-04363,CUST-1728,2026-03-19 12:00:00,Buzo Canguro,4,89483.53
ORD-04364,CUST-1801,2026-04-19 16:00:00,Remera Sublimada,3,20763.16
ORD-04365,CUST-486,2026-05-20 09:00:00,Remera Sublimada,3,15790.8
ORD-04366,CUST-1473,2026-04-30 00:00:00,Remera Sublimada,3,43163.85
ORD-04367,CUST-395,2026-05-08 14:00:00,Buzo Canguro,1,19625.42
ORD-04368,CUST-357,,Buzo Canguro,4,-56602.96
ORD-04369,CUST-1204,2026-05-31 05:00:00,Remera Sublimada,4,24112.85
ORD-04370,CUST-367,2026-06-14 11:00:00,Remera Algodón,1,18800.58
ORD-04371,CUST-518,2026-06-23 03:00:00,Remera Sublimada,3,53539.96
ORD-04372,CUST-334,2026-03-28 03:00:00,Buzo Canguro,3,55891.78
ORD-04373,CUST-1956,15/05/2026,Remera Sublimada,2,18448.1
ORD-04374,CUST-1434,2026-05-27 08:00:00,Buzo Canguro,2,41827.94
ORD-04375,CUST-1936,2026-05-16 07:00:00,Taza Cerámica,5,72916.82
ORD-04376,CUST-1085,2026-04-19 00:00:00,Buzo Canguro,2,31454.11
ORD-04377,CUST-1480,2026-04-28 20:00:00,Remera Sublimada,4,63666.4
ORD-04378,CUST-1336,2026-03-27 11:00:00,Remera Sublimada,1,10736.13
ORD-04379,CUST-673,2026-06-10 12:00:00,Taza Cerámica,3,30008.05
ORD-04380,CUST-148,2026-06-06 03:00:00,Remera Sublimada,5,25476.61
ORD-04381,CUST-1250,2026-04-25 17:00:00,Remera Sublimada,2,25864.41
ORD-04382,CUST-322,15/05/2026,Remera Sublimada,5,73510.3
ORD-04383,CUST-1020,2026-06-03 13:00:00,Remera Sublimada,1,19856.07
ORD-04384,CUST-1402,2026-03-02 07:00:00,Remera Sublimada,1,6332.54
ORD-04385,CUST-1531,2026-06-20 08:00:00,Gorra,5,117398.94
ORD-04386,CUST-1628,2026-02-26 17:00:00,Taza Cerámica,5,51395.85
ORD-04387,CUST-1417,2026-02-02 22:00:00,Buzo Canguro,5,61672.07
ORD-04388,CUST-1919,2026-05-15 13:00:00,Remera Sublimada,3,17901.75
ORD-04389,CUST-376,15/05/2026,Buzo Canguro,4,72250.91
ORD-04390,CUST-1561,2026-06-08 07:00:00,Buzo Canguro,2,38356.91
ORD-04391,CUST-1230,15/05/2026,Buzo Canguro,2,47151.65
ORD-04392,CUST-1781,2026-04-02 11:00:00,Remera Sublimada,2,23473.16
ORD-04393,CUST-519,2026-02-13 18:00:00,Remera Algodón,5,-50736.87
ORD-04394,CUST-710,2026-07-22 15:00:00,Buzo Canguro,5,97608.65
ORD-04395,CUST-1552,2026-04-30 04:00:00,Remera Algodón,5,95680.09
ORD-04396,CUST-474,2026-02-25 15:00:00,Remera Sublimada,3,71227.44
ORD-04397,CUST-172,2026-07-16 10:00:00,Remera Sublimada,3,27319.12
ORD-04398,CUST-1757,2026-04-28 13:00:00,Remera Sublimada,3,57317.56
ORD-04399,CUST-1153,2026-06-14 22:00:00,Taza Cerámica,3,19012.11
ORD-04400,CUST-1311,2026-06-06 10:00:00,Remera Sublimada,1,14607.36
ORD-04401,CUST-1487,2026-06-20 12:00:00,Gorra,3,22163.45
ORD-04402,CUST-1989,2026-05-11 06:00:00,Gorra,3,54188.76
ORD-04403,CUST-1923,2026-06-14 05:00:00,Taza Cerámica,3,51088.01
ORD-04404,CUST-1574,2026-06-08 17:00:00,Taza Cerámica,2,11953.32
ORD-04405,CUST-294,2026-07-30 07:00:00,Taza Cerámica,2,22784.71
ORD-04406,CUST-1279,2026-02-08 07:00:00,Taza Cerámica,2,25801.35
ORD-04407,CUST-1295,2026-05-15 00:00:00,Remera Sublimada,4,39844.82
ORD-04408,CUST-946,2026-03-06 11:00:00,Taza Cerámica,1,5773.4
ORD-04409,CUST-1164,2026-03-29 02:00:00,Gorra,5,56882.19
ORD-04410,CUST-1186,15/05/2026,Remera Sublimada,3,62557.49
ORD-04411,CUST-122,2026-04-28 07:00:00,Remera Algodón,2,24404.36
ORD-04412,CUST-459,2026-07-23 22:00:00,Remera Sublimada,1,11467.4
ORD-04413,CUST-1198,2026-07-29 21:00:00,Remera Sublimada,3,71505.19
ORD-04414,CUST-659,2026-06-13 12:00:00,Remera Sublimada,4,23330.46
ORD-04415,CUST-771,2026-02-28 19:00:00,Remera Sublimada,5,101728.82
ORD-04416,CUST-1948,2026-04-03 22:00:00,Gorra,3,43985.62
ORD-04417,CUST-1241,2026-02-24 01:00:00,Remera Algodón,5,119446.25
ORD-04418,CUST-1735,2026-02-07 05:00:00,Taza Cerámica,3,38608.24
ORD-04419,CUST-1503,2026-03-09 03:00:00,Remera Algodón,4,76643.39
ORD-04420,CUST-778,2026-07-20 21:00:00,Remera Sublimada,1,6398.71
ORD-04421,CUST-1413,2026-06-13 17:00:00,Remera Sublimada,5,117877.24
ORD-04422,CUST-539,2026-04-28 21:00:00,Buzo Canguro,5,59454.27
ORD-04423,CUST-1791,2026-02-15 08:00:00,Gorra,1,15480.09
ORD-04424,CUST-1032,2026-05-18 20:00:00,Remera Sublimada,5,38848.16
ORD-04425,CUST-106,2026-07-03 16:00:00,Remera Algodón,2,47822.31
ORD-04426,CUST-1319,2026-06-17 22:00:00,Buzo Canguro,1,18459.41
ORD-04427,CUST-520,2026-07-16 21:00:00,Remera Algodón,4,24315.8
ORD-04428,CUST-1691,2026-05-18 22:00:00,Remera Sublimada,3,24312.41
ORD-04429,CUST-932,2026-07-27 03:00:00,Buzo Canguro,3,38990.04
ORD-04430,CUST-1316,2026-02-15 00:00:00,Taza Cerámica,1,9335.42
ORD-04431,CUST-658,2026-03-26 19:00:00,Taza Cerámica,2,22185.02
ORD-04432,CUST-1271,15/05/2026,Remera Sublimada,4,99799.29
ORD-04433,CUST-1910,2026-05-11 21:00:00,Remera Algodón,3,54518.92
ORD-04434,CUST-1792,2026-04-18 06:00:00,Gorra,3,70333.06
ORD-04435,CUST-1325,2026-06-16 12:00:00,Remera Sublimada,2,27431.93
ORD-04436,CUST-1567,2026-05-18 08:00:00,Remera Sublimada,5,96028.23
ORD-04437,CUST-1013,2026-05-31 15:00:00,Buzo Canguro,1,14193.81
ORD-04438,CUST-1542,2026-04-15 10:00:00,Buzo Canguro,2,23128.98
ORD-04439,CUST-1550,2026-03-03 11:00:00,Taza Cerámica,2,30766.93
ORD-04440,CUST-1106,2026-06-04 13:00:00,Remera Sublimada,2,27092.44
ORD-04441,CUST-1602,2026-07-29 11:00:00,Buzo Canguro,2,49221.63
ORD-04442,CUST-1598,2026-05-07 17:00:00,Buzo Canguro,5,74616.64
ORD-04443,CUST-225,2026-05-28 16:00:00,Remera Sublimada,4,84889.05
ORD-04444,CUST-494,2026-07-13 00:00:00,Buzo Canguro,2,36672.78
ORD-04445,CUST-916,2026-07-07 18:00:00,Remera Sublimada,2,29185.09
ORD-04446,CUST-980,2026-04-05 03:00:00,Remera Sublimada,1,14483.0
ORD-04447,CUST-1929,2026-04-28 15:00:00,Buzo Canguro,3,35513.41
ORD-04448,CUST-675,2026-04-04 11:00:00,Remera Algodón,5,35698.18
ORD-04449,CUST-424,2026-04-26 12:00:00,Remera Sublimada,2,40458.77
ORD-04450,CUST-1515,2026-02-17 07:00:00,Remera Sublimada,4,93447.58
ORD-04451,CUST-1029,2026-06-21 19:00:00,Remera Sublimada,4,37436.39
ORD-04452,CUST-1811,2026-03-30 04:00:00,Remera Sublimada,4,94053.88
ORD-04453,CUST-1751,2026-04-20 11:00:00,Buzo Canguro,1,9646.08
ORD-04454,CUST-1563,,Taza Cerámica,4,62406.33
ORD-04455,CUST-1327,2026-06-01 14:00:00,Remera Sublimada,1,11872.44
ORD-04456,CUST-1609,2026-03-06 05:00:00,Remera Algodón,5,36450.88
ORD-04457,CUST-932,2026-02-17 15:00:00,Remera Sublimada,4,24227.07
ORD-04458,CUST-1154,2026-02-20 08:00:00,Gorra,3,36920.79
ORD-04459,CUST-1511,2026-03-31 04:00:00,Gorra,2,11893.75
ORD-04460,CUST-1748,2026-07-11 05:00:00,Buzo Canguro,5,35420.64
ORD-04461,CUST-1557,2026-05-31 13:00:00,Remera Sublimada,3,23537.85
ORD-04462,CUST-936,2026-06-25 18:00:00,Buzo Canguro,5,25191.57
ORD-04463,CUST-1025,2026-06-09 12:00:00,Buzo Canguro,4,32260.18
ORD-04464,CUST-1499,2026-07-05 05:00:00,Gorra,5,82727.87
ORD-04465,CUST-1467,2026-02-06 00:00:00,Buzo Canguro,5,106952.31
ORD-04466,CUST-542,2026-05-05 13:00:00,Buzo Canguro,5,44343.0
ORD-04467,CUST-1702,2026-07-01 09:00:00,Gorra,1,6617.45
ORD-04468,CUST-174,2026-03-23 18:00:00,Remera Algodón,3,58770.85
ORD-04469,CUST-656,2026-03-23 22:00:00,Buzo Canguro,4,20653.02
ORD-04470,CUST-1895,2026-04-09 19:00:00,Gorra,2,39366.48
ORD-04471,CUST-1789,2026-03-14 01:00:00,Buzo Canguro,4,30489.38
ORD-04472,CUST-1278,2026-07-16 06:00:00,Taza Cerámica,4,38262.8
ORD-04473,CUST-1553,2026-05-23 06:00:00,Taza Cerámica,1,7401.4
ORD-04474,CUST-462,2026-07-28 19:00:00,Taza Cerámica,1,9946.76
ORD-04475,CUST-547,2026-02-26 21:00:00,Remera Sublimada,5,104817.59
ORD-04476,CUST-1357,2026-02-19 08:00:00,Buzo Canguro,4,30603.53
ORD-04477,CUST-1686,2026-04-02 19:00:00,Buzo Canguro,3,74649.94
ORD-04478,CUST-1941,2026-05-17 12:00:00,Remera Sublimada,1,11541.96
ORD-04479,CUST-361,2026-03-22 15:00:00,Remera Sublimada,1,23439.36
ORD-04480,CUST-1950,2026-04-22 21:00:00,Taza Cerámica,3,26401.98
ORD-04481,CUST-224,2026-06-21 11:00:00,Buzo Canguro,1,8757.95
ORD-04482,CUST-1010,,Remera Sublimada,3,48920.14
ORD-04483,CUST-344,2026-07-08 07:00:00,Gorra,2,12024.0
ORD-04484,CUST-641,2026-06-29 21:00:00,Gorra,3,63060.17
ORD-04485,CUST-584,2026-02-18 01:00:00,Buzo Canguro,2,27584.61
ORD-04486,CUST-221,2026-07-26 11:00:00,Remera Sublimada,5,94919.65
ORD-04487,CUST-224,2026-02-09 02:00:00,Remera Algodón,5,42463.22
ORD-04488,CUST-1672,2026-03-26 20:00:00,Gorra,1,17847.15
ORD-04489,CUST-269,2026-05-05 03:00:00,Remera Sublimada,3,50644.24
ORD-04490,CUST-223,2026-02-26 01:00:00,Remera Sublimada,1,20113.23
ORD-04491,CUST-1992,2026-02-08 09:00:00,Buzo Canguro,3,32844.08
ORD-04492,CUST-1158,2026-03-20 22:00:00,Taza Cerámica,1,23663.31
ORD-04493,CUST-1210,2026-05-18 17:00:00,Remera Sublimada,5,121130.11
ORD-04494,CUST-745,2026-03-26 13:00:00,Buzo Canguro,5,111812.36
ORD-04495,CUST-1831,2026-07-18 22:00:00,Buzo Canguro,1,16440.68
ORD-04496,CUST-885,2026-06-23 16:00:00,Gorra,3,40217.3
ORD-04497,CUST-300,2026-06-26 05:00:00,Buzo Canguro,4,24639.39
ORD-04498,CUST-468,2026-07-01 13:00:00,Buzo Canguro,3,71833.67
ORD-04499,CUST-896,2026-04-28 02:00:00,Remera Algodón,1,24035.63
ORD-04500,CUST-176,2026-03-11 14:00:00,Remera Sublimada,3,16121.31
ORD-04501,CUST-158,2026-03-25 15:00:00,Remera Sublimada,2,24275.5
ORD-04502,CUST-530,2026-02-16 07:00:00,Taza Cerámica,3,67802.18
ORD-04503,CUST-737,2026-04-11 01:00:00,Remera Sublimada,5,33085.2
ORD-04504,CUST-1623,2026-06-21 11:00:00,Gorra,5,44656.64
ORD-04505,CUST-208,2026-03-19 08:00:00,Remera Sublimada,2,49147.09
ORD-04506,CUST-1859,2026-03-06 16:00:00,Remera Sublimada,3,65837.33
ORD-04507,CUST-1107,2026-07-07 04:00:00,Remera Algodón,4,92965.08
ORD-04508,CUST-1401,2026-07-21 21:00:00,Buzo Canguro,3,23529.27
ORD-04509,CUST-167,2026-05-26 06:00:00,Taza Cerámica,5,46131.6
ORD-04510,CUST-1192,2026-03-06 15:00:00,Remera Sublimada,5,85541.66
ORD-04511,CUST-1288,2026-02-12 22:00:00,Remera Sublimada,1,15034.76
ORD-04512,CUST-1612,2026-05-08 12:00:00,Gorra,5,54850.34
ORD-04513,CUST-404,2026-04-28 05:00:00,Remera Sublimada,1,22676.93
ORD-04514,CUST-773,2026-05-07 12:00:00,Buzo Canguro,5,115138.86
ORD-04515,CUST-464,2026-05-25 02:00:00,Remera Sublimada,5,54168.4
ORD-04516,CUST-1977,2026-03-19 12:00:00,Remera Sublimada,4,32460.25
ORD-04517,CUST-920,2026-06-13 12:00:00,Taza Cerámica,1,7981.85
ORD-04518,CUST-1502,2026-05-29 04:00:00,Gorra,1,14688.5
ORD-04519,CUST-442,2026-05-07 18:00:00,Taza Cerámica,5,38291.85
ORD-04520,CUST-1046,2026-02-21 17:00:00,Taza Cerámica,1,14466.8
ORD-04521,CUST-998,2026-02-21 21:00:00,Buzo Canguro,5,71193.41
ORD-04522,CUST-1677,2026-06-18 07:00:00,Buzo Canguro,5,113411.02
ORD-04523,CUST-1477,2026-05-22 20:00:00,Taza Cerámica,3,32772.63
ORD-04524,CUST-1539,2026-05-27 22:00:00,Remera Sublimada,1,16213.05
ORD-04525,CUST-1232,2026-06-30 03:00:00,Remera Sublimada,2,39739.99
ORD-04526,CUST-1686,2026-07-12 05:00:00,Remera Algodón,1,16918.3
ORD-04527,CUST-861,2026-07-06 02:00:00,Remera Sublimada,1,24081.36
ORD-04528,CUST-1620,2026-07-17 09:00:00,Remera Sublimada,4,68182.2
ORD-04529,CUST-440,2026-07-01 05:00:00,Buzo Canguro,2,46074.49
ORD-04530,CUST-1041,2026-02-02 16:00:00,Taza Cerámica,2,19802.26
ORD-04531,CUST-482,2026-05-20 00:00:00,Buzo Canguro,4,64860.22
ORD-04532,CUST-1103,2026-04-11 04:00:00,Remera Sublimada,4,63464.47
ORD-04533,CUST-1656,2026-06-01 12:00:00,Remera Algodón,1,24789.04
ORD-04534,CUST-399,2026-04-01 22:00:00,Taza Cerámica,3,27270.38
ORD-04535,CUST-238,2026-07-28 11:00:00,Gorra,4,31279.47
ORD-04536,CUST-458,2026-05-14 14:00:00,Remera Sublimada,2,34466.88
ORD-04537,CUST-935,2026-05-23 00:00:00,Remera Sublimada,2,18947.69
ORD-04538,CUST-1622,2026-07-05 15:00:00,Remera Sublimada,1,17783.11
ORD-04539,CUST-1508,2026-04-29 11:00:00,Remera Sublimada,3,73349.35
ORD-04540,CUST-1727,2026-06-27 07:00:00,Remera Sublimada,5,119650.6
ORD-04541,CUST-1403,2026-03-27 11:00:00,Remera Sublimada,4,38488.24
ORD-04542,CUST-1760,2026-03-19 01:00:00,Buzo Canguro,4,33671.71
ORD-04543,CUST-582,2026-05-24 06:00:00,Taza Cerámica,1,16214.79
ORD-04544,CUST-1008,2026-07-23 00:00:00,Taza Cerámica,3,50206.64
ORD-04545,CUST-1234,2026-07-16 12:00:00,Remera Sublimada,2,36490.0
ORD-04546,CUST-965,2026-02-11 09:00:00,Buzo Canguro,2,39659.64
ORD-04547,CUST-238,2026-05-23 22:00:00,Remera Sublimada,5,85095.73
ORD-04548,CUST-1095,2026-06-28 16:00:00,Buzo Canguro,2,14470.12
ORD-04549,CUST-534,2026-02-17 03:00:00,Buzo Canguro,4,83212.64
ORD-04550,CUST-608,2026-06-13 22:00:00,Buzo Canguro,5,32951.72
ORD-04551,CUST-372,2026-07-24 19:00:00,Gorra,3,16199.56
ORD-04552,CUST-1222,2026-06-18 13:00:00,Gorra,5,101965.82
ORD-04553,CUST-1887,2026-07-06 00:00:00,Buzo Canguro,3,47901.45
ORD-04554,CUST-1973,2026-07-21 22:00:00,Gorra,2,37943.66
ORD-04555,CUST-203,2026-03-20 17:00:00,Taza Cerámica,1,12654.95
ORD-04556,CUST-1337,2026-05-15 09:00:00,Gorra,5,26109.25
ORD-04557,CUST-1884,2026-05-17 04:00:00,Buzo Canguro,5,58101.53
ORD-04558,CUST-1787,2026-05-25 20:00:00,Buzo Canguro,4,68650.82
ORD-04559,CUST-861,2026-07-02 05:00:00,Taza Cerámica,4,38056.25
ORD-04560,CUST-886,2026-06-11 07:00:00,Remera Sublimada,3,56268.26
ORD-04561,CUST-264,2026-05-06 08:00:00,Taza Cerámica,1,20888.02
ORD-04562,CUST-1098,2026-06-05 01:00:00,Remera Algodón,4,56341.36
ORD-04563,CUST-1976,2026-04-07 06:00:00,Taza Cerámica,4,90057.7
ORD-04564,CUST-619,2026-05-24 09:00:00,Remera Sublimada,2,44192.66
ORD-04565,CUST-1407,2026-07-12 09:00:00,Remera Sublimada,2,45122.32
ORD-04566,CUST-616,2026-02-20 00:00:00,Gorra,4,72882.96
ORD-04567,CUST-756,2026-04-09 12:00:00,Remera Algodón,3,33287.34
ORD-04568,CUST-712,2026-04-16 09:00:00,Remera Sublimada,1,14625.03
ORD-04569,CUST-263,2026-03-19 04:00:00,Gorra,4,76840.85
ORD-04570,CUST-1782,2026-03-21 04:00:00,Gorra,3,27633.82
ORD-04571,CUST-163,2026-07-12 08:00:00,Remera Sublimada,3,59330.61
ORD-04572,CUST-1214,15/05/2026,Gorra,4,63847.09
ORD-04573,CUST-1240,2026-02-19 13:00:00,Remera Sublimada,3,20761.05
ORD-04574,CUST-1989,2026-03-12 16:00:00,Buzo Canguro,5,80728.63
ORD-04575,CUST-366,2026-05-10 09:00:00,Buzo Canguro,3,19006.57
ORD-04576,CUST-1945,2026-06-03 10:00:00,Taza Cerámica,4,21144.58
ORD-04577,CUST-1808,2026-04-13 00:00:00,Taza Cerámica,3,68377.66
ORD-04578,CUST-1682,2026-05-20 20:00:00,Buzo Canguro,4,59193.29
ORD-04579,CUST-1263,2026-06-15 13:00:00,Gorra,2,31731.59
ORD-04580,CUST-345,2026-06-13 10:00:00,Gorra,4,42395.02
ORD-04581,CUST-1784,2026-02-17 04:00:00,Taza Cerámica,3,47564.68
ORD-04582,CUST-1881,2026-02-20 02:00:00,Buzo Canguro,4,33509.5
ORD-04583,CUST-494,2026-07-15 14:00:00,Remera Sublimada,1,19912.92
ORD-04584,CUST-1610,2026-03-23 15:00:00,Buzo Canguro,4,85867.93
ORD-04585,CUST-575,,Gorra,4,88470.06
ORD-04586,CUST-1640,2026-07-26 02:00:00,Remera Sublimada,1,7133.05
ORD-04587,CUST-1076,2026-04-14 08:00:00,Remera Algodón,1,16155.09
ORD-04588,CUST-1307,2026-05-29 16:00:00,Gorra,1,21175.02
ORD-04589,CUST-1143,2026-03-06 08:00:00,Taza Cerámica,5,37821.65
ORD-04590,CUST-657,2026-04-03 18:00:00,Taza Cerámica,4,27961.79
ORD-04591,CUST-1117,2026-02-13 04:00:00,Buzo Canguro,1,21338.84
ORD-04592,CUST-1647,2026-07-19 12:00:00,Taza Cerámica,1,20934.72
ORD-04593,CUST-1705,2026-02-01 14:00:00,Buzo Canguro,2,27947.73
ORD-04594,CUST-1652,2026-02-04 03:00:00,Gorra,5,35971.12
ORD-04595,CUST-982,15/05/2026,Taza Cerámica,4,61289.85
ORD-04596,CUST-246,2026-02-28 05:00:00,Taza Cerámica,3,38688.19
ORD-04597,CUST-765,2026-07-05 11:00:00,Taza Cerámica,5,76854.74
ORD-04598,CUST-1427,2026-04-03 19:00:00,Remera Sublimada,5,68989.52
ORD-04599,CUST-719,2026-07-26 02:00:00,Remera Sublimada,2,32740.58
ORD-04600,CUST-1871,2026-07-24 00:00:00,Gorra,4,78170.38
ORD-04601,CUST-919,2026-04-15 14:00:00,Remera Sublimada,4,81988.79
ORD-04602,CUST-963,2026-03-08 13:00:00,Buzo Canguro,1,17979.64
ORD-04603,CUST-681,2026-05-23 13:00:00,Buzo Canguro,1,8978.81
ORD-04604,CUST-1122,2026-06-11 16:00:00,Remera Sublimada,5,64712.3
ORD-04605,CUST-794,2026-05-21 17:00:00,Remera Sublimada,2,12848.96
ORD-04606,CUST-1885,2026-04-08 21:00:00,Gorra,4,56133.9
ORD-04607,CUST-1351,2026-02-19 02:00:00,Buzo Canguro,2,48813.58
ORD-04608,CUST-1225,2026-04-10 09:00:00,Buzo Canguro,3,53503.84
ORD-04609,CUST-1710,2026-07-11 12:00:00,Remera Algodón,4,32369.0
ORD-04610,CUST-1540,2026-06-08 02:00:00,Remera Sublimada,1,10371.55
ORD-04611,CUST-1339,2026-07-29 10:00:00,Remera Sublimada,5,31457.36
ORD-04612,CUST-506,2026-05-23 05:00:00,Taza Cerámica,2,17296.56
ORD-04613,CUST-498,2026-02-24 02:00:00,Taza Cerámica,1,14756.83
ORD-04614,CUST-814,2026-04-24 05:00:00,Buzo Canguro,5,59485.64
ORD-04615,CUST-803,2026-07-18 21:00:00,Remera Algodón,1,9079.25
ORD-04616,CUST-860,2026-05-20 11:00:00,Remera Algodón,4,31727.87
ORD-04617,CUST-598,2026-05-10 03:00:00,Remera Sublimada,2,36242.84
ORD-04618,CUST-1877,2026-03-05 12:00:00,Remera Sublimada,3,48486.14
ORD-04619,CUST-1588,2026-03-28 03:00:00,Gorra,1,21852.81
ORD-04620,CUST-1814,2026-06-27 10:00:00,Remera Sublimada,2,17330.12
ORD-04621,CUST-1073,2026-02-12 10:00:00,Remera Sublimada,4,87838.84
ORD-04622,CUST-1854,2026-04-11 11:00:00,Taza Cerámica,1,16558.22
ORD-04623,CUST-181,2026-03-13 09:00:00,Buzo Canguro,4,41297.86
ORD-04624,CUST-703,2026-02-03 02:00:00,Buzo Canguro,3,31413.19
ORD-04625,CUST-1810,2026-04-25 22:00:00,Remera Sublimada,3,38422.82
ORD-04626,CUST-1874,2026-07-26 02:00:00,Taza Cerámica,5,71012.72
ORD-04627,CUST-871,2026-07-20 10:00:00,Buzo Canguro,5,33250.51
ORD-04628,CUST-1002,2026-07-18 05:00:00,Remera Sublimada,5,109199.92
ORD-04629,CUST-464,2026-02-20 10:00:00,Remera Sublimada,4,29723.29
ORD-04630,CUST-262,15/05/2026,Buzo Canguro,5,73345.98
ORD-04631,CUST-1171,2026-05-25 12:00:00,Remera Algodón,2,25318.73
ORD-04632,CUST-610,2026-04-27 02:00:00,Remera Algodón,4,60982.97
ORD-04633,CUST-1452,2026-03-19 21:00:00,Remera Sublimada,4,90998.6
ORD-04634,CUST-1963,2026-07-06 20:00:00,Taza Cerámica,5,123908.83
ORD-04635,CUST-215,2026-06-26 13:00:00,Taza Cerámica,5,27027.14
ORD-04636,CUST-1040,2026-03-09 20:00:00,Gorra,4,51459.15
ORD-04637,CUST-1972,2026-02-14 07:00:00,Buzo Canguro,3,64056.63
ORD-04638,CUST-436,2026-04-01 22:00:00,Remera Sublimada,3,34596.17
ORD-04639,CUST-980,2026-05-22 14:00:00,Taza Cerámica,5,89903.62
ORD-04640,CUST-836,2026-03-02 18:00:00,Remera Sublimada,3,74535.55
ORD-04641,CUST-1987,2026-05-01 19:00:00,Remera Sublimada,2,35870.85
ORD-04642,CUST-939,2026-03-10 18:00:00,Buzo Canguro,2,14447.66
ORD-04643,CUST-246,2026-02-27 07:00:00,Remera Algodón,2,43717.28
ORD-04644,CUST-1698,2026-05-27 22:00:00,Remera Sublimada,4,97332.59
ORD-04645,CUST-1929,2026-02-15 02:00:00,Buzo Canguro,4,77000.67
ORD-04646,CUST-1446,2026-02-10 14:00:00,Remera Sublimada,4,53525.45
ORD-04647,CUST-542,2026-05-31 15:00:00,Gorra,4,95872.01
ORD-04648,CUST-936,2026-06-25 18:00:00,Buzo Canguro,4,97485.76
ORD-04649,CUST-1136,2026-02-11 15:00:00,Remera Sublimada,5,118511.67
ORD-04650,CUST-1042,2026-06-13 04:00:00,Remera Sublimada,3,39709.14
ORD-04651,CUST-1617,2026-04-05 13:00:00,Buzo Canguro,5,103970.77
ORD-04652,CUST-1824,2026-03-22 07:00:00,Remera Sublimada,3,54250.76
ORD-04653,CUST-386,2026-04-10 06:00:00,Remera Sublimada,5,42970.67
ORD-04654,CUST-819,2026-06-07 15:00:00,Taza Cerámica,2,31420.6
ORD-04655,CUST-1237,2026-04-19 04:00:00,Buzo Canguro,1,19953.82
ORD-04656,CUST-579,2026-03-28 08:00:00,Taza Cerámica,4,91672.98
ORD-04657,CUST-121,2026-06-12 03:00:00,Remera Sublimada,1,22251.97
ORD-04658,CUST-1472,2026-03-20 16:00:00,Buzo Canguro,1,8093.17
ORD-04659,CUST-1849,2026-05-22 03:00:00,Buzo Canguro,2,29521.33
ORD-04660,CUST-782,2026-04-11 15:00:00,Remera Sublimada,1,14565.37
ORD-04661,CUST-1958,2026-05-04 03:00:00,Buzo Canguro,1,22974.74
ORD-04662,CUST-1689,2026-03-10 04:00:00,Remera Sublimada,2,10077.49
ORD-04663,CUST-1005,2026-04-03 15:00:00,Gorra,3,59322.81
ORD-04664,CUST-1933,2026-02-10 08:00:00,Buzo Canguro,5,86864.15
ORD-04665,CUST-419,2026-03-08 13:00:00,Buzo Canguro,1,23431.43
ORD-04666,CUST-225,2026-02-04 11:00:00,Remera Sublimada,4,56553.39
ORD-04667,CUST-376,2026-03-28 09:00:00,Remera Sublimada,2,36306.89
ORD-04668,CUST-1327,2026-05-25 12:00:00,Buzo Canguro,1,24454.94
ORD-04669,CUST-293,2026-06-21 13:00:00,Buzo Canguro,3,59634.23
ORD-04670,CUST-1804,2026-07-11 20:00:00,Remera Sublimada,3,19043.04
ORD-04671,CUST-1787,2026-04-20 21:00:00,Remera Sublimada,4,33402.68
ORD-04672,CUST-1670,2026-04-10 05:00:00,Remera Sublimada,1,21429.02
ORD-04673,CUST-795,2026-04-08 15:00:00,Buzo Canguro,4,46783.64
ORD-04674,CUST-1409,2026-07-11 03:00:00,Remera Sublimada,3,57355.09
ORD-04675,CUST-156,2026-07-11 20:00:00,Buzo Canguro,3,56989.42
ORD-04676,CUST-1857,2026-02-27 07:00:00,Remera Sublimada,5,124370.05
ORD-04677,CUST-1426,2026-05-12 01:00:00,Buzo Canguro,3,43192.36
ORD-04678,CUST-1286,2026-06-20 21:00:00,Remera Sublimada,2,39513.29
ORD-04679,CUST-118,2026-02-17 06:00:00,Buzo Canguro,5,29875.29
ORD-04680,CUST-1493,2026-05-18 03:00:00,Remera Sublimada,4,57007.28
ORD-04681,CUST-363,2026-06-08 04:00:00,Remera Sublimada,3,26200.89
ORD-04682,CUST-893,2026-03-10 10:00:00,Buzo Canguro,2,43622.86
ORD-04683,CUST-212,2026-02-01 09:00:00,Remera Sublimada,5,108990.83
ORD-04684,CUST-1611,2026-07-30 20:00:00,Remera Sublimada,2,19454.58
ORD-04685,CUST-1450,2026-04-04 16:00:00,Gorra,5,56828.52
ORD-04686,CUST-641,2026-02-08 12:00:00,Gorra,5,95247.78
ORD-04687,CUST-746,2026-02-27 19:00:00,Remera Sublimada,5,98826.59
ORD-04688,CUST-678,2026-06-26 21:00:00,Gorra,4,72610.53
ORD-04689,CUST-1188,2026-02-16 01:00:00,Buzo Canguro,5,124669.46
ORD-04690,CUST-1415,2026-02-05 17:00:00,Remera Sublimada,5,111868.32
ORD-04691,CUST-124,2026-06-11 21:00:00,Remera Algodón,2,26682.36
ORD-04692,CUST-1672,2026-04-22 15:00:00,Gorra,5,57697.67
ORD-04693,CUST-100,2026-04-11 18:00:00,Remera Algodón,4,67747.98
ORD-04694,CUST-1010,,Remera Sublimada,2,42705.45
ORD-04695,CUST-1672,15/05/2026,Remera Sublimada,5,72534.35
ORD-04696,CUST-240,2026-05-22 14:00:00,Buzo Canguro,2,39507.7
ORD-04697,CUST-1867,2026-05-23 00:00:00,Buzo Canguro,4,21532.8
ORD-04698,CUST-747,2026-03-15 04:00:00,Remera Sublimada,2,47033.6
ORD-04699,CUST-287,2026-06-13 20:00:00,Gorra,4,81906.78
ORD-04700,CUST-1251,2026-04-11 01:00:00,Buzo Canguro,3,38651.41
ORD-04701,CUST-300,2026-04-11 13:00:00,Buzo Canguro,5,63401.23
ORD-04702,CUST-1250,2026-07-21 03:00:00,Buzo Canguro,4,28230.94
ORD-04703,CUST-356,2026-03-28 08:00:00,Buzo Canguro,5,106615.37
ORD-04704,CUST-1799,2026-06-11 15:00:00,Remera Sublimada,4,81490.36
ORD-04705,CUST-646,2026-07-21 03:00:00,Remera Algodón,1,17604.99
ORD-04706,CUST-293,2026-06-09 20:00:00,Remera Sublimada,1,7029.13
ORD-04707,CUST-802,2026-06-24 18:00:00,Remera Sublimada,1,10246.83
ORD-04708,CUST-1227,2026-05-23 10:00:00,Gorra,4,56713.16
ORD-04709,CUST-1658,,Remera Algodón,5,51597.19
ORD-04710,CUST-1388,2026-02-01 20:00:00,Gorra,1,13679.48
ORD-04711,CUST-901,2026-04-14 11:00:00,Gorra,5,47595.75
ORD-04712,CUST-1041,2026-06-30 07:00:00,Buzo Canguro,4,47968.04
ORD-04713,CUST-1507,2026-07-27 09:00:00,Remera Algodón,5,90229.69
ORD-04714,CUST-1383,2026-07-05 06:00:00,Remera Sublimada,5,114236.11
ORD-04715,CUST-513,2026-02-25 05:00:00,Taza Cerámica,1,12700.61
ORD-04716,CUST-1481,2026-04-26 18:00:00,Taza Cerámica,2,37676.33
ORD-04717,CUST-1198,2026-07-28 14:00:00,Remera Sublimada,3,-23087.59
ORD-04718,CUST-1478,2026-04-07 13:00:00,Buzo Canguro,4,63265.44
ORD-04719,CUST-1707,2026-03-25 09:00:00,Buzo Canguro,4,93736.34
ORD-04720,CUST-1894,2026-05-07 15:00:00,Taza Cerámica,4,22234.86
ORD-04721,CUST-1009,2026-03-11 07:00:00,Remera Sublimada,3,31053.44
ORD-04722,CUST-287,2026-03-14 14:00:00,Gorra,2,15299.74
ORD-04723,CUST-1808,2026-05-15 12:00:00,Remera Sublimada,5,78312.15
ORD-04724,CUST-1413,2026-02-08 14:00:00,Buzo Canguro,4,74371.4
ORD-04725,CUST-144,2026-02-26 11:00:00,Gorra,5,30777.92
ORD-04726,CUST-1696,2026-03-15 18:00:00,Buzo Canguro,1,6405.69
ORD-04727,CUST-182,2026-05-21 17:00:00,Remera Sublimada,1,22392.58
ORD-04728,CUST-1246,2026-05-11 16:00:00,Remera Sublimada,1,14124.66
ORD-04729,CUST-457,2026-05-26 08:00:00,Taza Cerámica,4,57036.13
ORD-04730,CUST-1651,2026-07-17 00:00:00,Remera Algodón,3,71674.82
ORD-04731,CUST-1189,2026-04-12 19:00:00,Remera Algodón,4,45616.77
ORD-04732,CUST-1035,2026-02-07 07:00:00,Taza Cerámica,1,22940.47
ORD-04733,CUST-1780,2026-04-21 02:00:00,Remera Sublimada,1,24485.09
ORD-04734,CUST-474,2026-06-18 17:00:00,Remera Sublimada,4,39335.54
ORD-04735,CUST-261,2026-05-12 22:00:00,Remera Sublimada,3,45842.33
ORD-04736,CUST-1869,2026-05-02 21:00:00,Remera Sublimada,3,47061.37
ORD-04737,CUST-1503,2026-05-14 21:00:00,Remera Sublimada,5,111616.81
ORD-04738,CUST-1779,2026-05-24 03:00:00,Remera Sublimada,2,22156.33
ORD-04739,CUST-1481,2026-04-29 22:00:00,Buzo Canguro,1,20960.85
ORD-04740,CUST-1311,2026-07-26 18:00:00,Remera Sublimada,3,73260.44
ORD-04741,CUST-421,2026-07-20 02:00:00,Taza Cerámica,1,21806.73
ORD-04742,CUST-549,2026-05-02 02:00:00,Remera Algodón,2,46365.61
ORD-04743,CUST-1597,2026-07-06 16:00:00,Buzo Canguro,1,19167.09
ORD-04744,CUST-1136,2026-07-09 09:00:00,Taza Cerámica,3,69237.35
ORD-04745,CUST-283,2026-07-27 21:00:00,Taza Cerámica,5,41485.06
ORD-04746,CUST-210,2026-05-05 16:00:00,Remera Sublimada,4,76988.91
ORD-04747,CUST-607,2026-06-29 03:00:00,Remera Sublimada,4,78550.19
ORD-04748,CUST-1413,15/05/2026,Remera Sublimada,3,-41350.86
ORD-04749,CUST-394,2026-04-30 21:00:00,Remera Sublimada,3,19784.31
ORD-04750,CUST-1574,2026-02-20 16:00:00,Taza Cerámica,2,34897.75
ORD-04751,CUST-1003,2026-03-21 09:00:00,Remera Algodón,1,6037.62
ORD-04752,CUST-1338,2026-06-15 15:00:00,Remera Algodón,2,25296.1
ORD-04753,CUST-1073,2026-02-13 02:00:00,Remera Sublimada,4,51493.62
ORD-04754,CUST-731,2026-02-02 15:00:00,Remera Algodón,1,24978.45
ORD-04755,CUST-1690,2026-05-05 05:00:00,Remera Sublimada,2,21992.08
ORD-04756,CUST-1150,2026-06-14 12:00:00,Gorra,4,85636.32
ORD-04757,CUST-1753,2026-04-12 04:00:00,Remera Sublimada,1,6063.43
ORD-04758,CUST-832,2026-03-28 06:00:00,Remera Sublimada,5,77976.6
ORD-04759,CUST-1354,2026-06-07 16:00:00,Remera Sublimada,5,78669.17
ORD-04760,CUST-1688,2026-02-13 20:00:00,Gorra,2,35149.99
ORD-04761,CUST-1930,2026-04-01 20:00:00,Remera Sublimada,3,63600.31
ORD-04762,CUST-420,2026-07-06 15:00:00,Remera Sublimada,1,20238.47
ORD-04763,CUST-1012,2026-03-30 19:00:00,Remera Algodón,2,40440.33
ORD-04764,CUST-1356,2026-07-12 04:00:00,Remera Algodón,3,40937.64
ORD-04765,CUST-1793,2026-07-21 10:00:00,Remera Sublimada,3,58648.29
ORD-04766,CUST-536,2026-03-26 16:00:00,Taza Cerámica,1,14826.31
ORD-04767,CUST-880,2026-05-23 12:00:00,Remera Sublimada,1,6339.02
ORD-04768,CUST-1656,2026-04-27 04:00:00,Remera Sublimada,3,68410.91
ORD-04769,CUST-1526,15/05/2026,Buzo Canguro,4,91213.06
ORD-04770,CUST-1176,2026-05-29 21:00:00,Buzo Canguro,2,22915.15
ORD-04771,CUST-1910,2026-03-20 15:00:00,Buzo Canguro,1,23278.05
ORD-04772,CUST-1436,2026-05-21 05:00:00,Buzo Canguro,3,60479.04
ORD-04773,CUST-1404,2026-07-12 13:00:00,Buzo Canguro,4,52064.1
ORD-04774,CUST-825,2026-07-26 22:00:00,Taza Cerámica,5,58150.56
ORD-04775,CUST-130,2026-06-06 19:00:00,Taza Cerámica,3,73508.56
ORD-04776,CUST-436,2026-02-13 14:00:00,Buzo Canguro,4,77010.16
ORD-04777,CUST-282,2026-03-16 08:00:00,Remera Sublimada,5,62881.0
ORD-04778,CUST-1146,2026-07-10 17:00:00,Buzo Canguro,4,71358.71
ORD-04779,CUST-643,2026-02-14 19:00:00,Taza Cerámica,1,16430.52
ORD-04780,CUST-1569,2026-06-01 03:00:00,Buzo Canguro,3,46472.4
ORD-04781,CUST-1197,2026-02-08 07:00:00,Buzo Canguro,5,89470.19
ORD-04782,CUST-1133,15/05/2026,Remera Sublimada,4,-63010.11
ORD-04783,CUST-1607,2026-05-02 09:00:00,Buzo Canguro,5,90479.04
ORD-04784,CUST-1579,2026-07-03 20:00:00,Remera Sublimada,2,46302.74
ORD-04785,CUST-1689,2026-04-22 00:00:00,Remera Algodón,3,74595.9
ORD-04786,CUST-1687,15/05/2026,Taza Cerámica,1,19185.74
ORD-04787,CUST-759,2026-06-29 03:00:00,Remera Sublimada,5,117782.08
ORD-04788,CUST-259,2026-06-12 03:00:00,Buzo Canguro,4,88672.82
ORD-04789,CUST-1137,2026-05-01 03:00:00,Gorra,5,54503.74
ORD-04790,CUST-1301,2026-02-09 18:00:00,Remera Sublimada,4,94632.64
ORD-04791,CUST-511,2026-03-17 03:00:00,Buzo Canguro,5,32080.9
ORD-04792,CUST-1111,2026-04-10 12:00:00,Taza Cerámica,1,11598.44
ORD-04793,CUST-152,2026-02-23 15:00:00,Taza Cerámica,1,17798.9
ORD-04794,CUST-507,15/05/2026,Remera Sublimada,3,46614.93
ORD-04795,CUST-946,2026-04-13 15:00:00,Buzo Canguro,1,15848.25
ORD-04796,CUST-1145,2026-05-18 15:00:00,Remera Algodón,5,104488.83
ORD-04797,CUST-1153,2026-06-13 15:00:00,Remera Algodón,5,44470.37
ORD-04798,CUST-802,,Taza Cerámica,1,24641.51
ORD-04799,CUST-359,2026-04-06 08:00:00,Remera Algodón,2,27498.33
ORD-04800,CUST-1328,2026-04-23 12:00:00,Buzo Canguro,5,119984.33
ORD-04801,CUST-1182,2026-06-02 14:00:00,Buzo Canguro,3,37986.95
ORD-04802,CUST-1594,2026-07-02 09:00:00,Buzo Canguro,2,34071.47
ORD-04803,CUST-875,2026-04-14 12:00:00,Remera Sublimada,1,14006.23
ORD-04804,CUST-1589,,Buzo Canguro,4,74074.81
ORD-04805,CUST-1135,2026-04-28 14:00:00,Buzo Canguro,5,43362.47
ORD-04806,CUST-1754,2026-02-16 20:00:00,Gorra,4,52050.28
ORD-04807,CUST-1413,2026-03-12 03:00:00,Taza Cerámica,3,19102.87
ORD-04808,CUST-949,2026-02-20 14:00:00,Buzo Canguro,2,33924.06
ORD-04809,CUST-1883,2026-04-10 12:00:00,Remera Sublimada,4,97014.54
ORD-04810,CUST-453,2026-02-06 04:00:00,Remera Sublimada,3,17754.39
ORD-04811,CUST-1762,2026-07-27 06:00:00,Remera Sublimada,4,72770.4
ORD-04812,CUST-1198,2026-05-13 01:00:00,Taza Cerámica,4,82007.84
ORD-04813,CUST-972,15/05/2026,Remera Sublimada,3,27786.51
ORD-04814,CUST-1839,2026-05-29 20:00:00,Buzo Canguro,5,52307.43
ORD-04815,CUST-1684,2026-07-18 04:00:00,Remera Sublimada,4,36126.49
ORD-04816,CUST-1714,15/05/2026,Taza Cerámica,3,32844.76
ORD-04817,CUST-1564,2026-05-21 11:00:00,Gorra,4,28806.6
ORD-04818,CUST-1090,2026-07-15 13:00:00,Taza Cerámica,5,62034.79
ORD-04819,CUST-1364,2026-03-10 14:00:00,Remera Sublimada,3,37135.75
ORD-04820,CUST-1117,2026-02-07 13:00:00,Buzo Canguro,4,84581.4
ORD-04821,CUST-1984,2026-07-28 00:00:00,Remera Sublimada,1,21019.17
ORD-04822,CUST-1277,2026-05-13 02:00:00,Remera Sublimada,5,104672.34
ORD-04823,CUST-1909,2026-05-12 11:00:00,Remera Sublimada,4,65362.87
ORD-04824,CUST-1219,2026-03-03 10:00:00,Remera Sublimada,2,23035.23
ORD-04825,CUST-1849,2026-04-18 15:00:00,Remera Sublimada,3,39657.87
ORD-04826,CUST-393,2026-04-23 16:00:00,Remera Sublimada,4,45419.48
ORD-04827,CUST-308,2026-04-25 09:00:00,Remera Sublimada,5,83192.79
ORD-04828,CUST-1466,2026-03-01 15:00:00,Buzo Canguro,5,118797.91
ORD-04829,CUST-1211,2026-05-27 09:00:00,Remera Algodón,2,21379.87
ORD-04830,CUST-917,2026-02-13 11:00:00,Gorra,2,28354.07
ORD-04831,CUST-1899,2026-03-19 06:00:00,Remera Sublimada,4,72409.35
ORD-04832,CUST-489,2026-05-02 21:00:00,Buzo Canguro,1,21893.9
ORD-04833,CUST-424,2026-03-25 12:00:00,Gorra,5,50333.39
ORD-04834,CUST-1039,2026-03-16 01:00:00,Remera Sublimada,1,10605.8
ORD-04835,CUST-988,2026-05-12 01:00:00,Gorra,1,22703.31
ORD-04836,CUST-1955,2026-03-30 19:00:00,Buzo Canguro,4,26420.65
ORD-04837,CUST-1280,2026-07-07 02:00:00,Remera Algodón,3,51326.86
ORD-04838,CUST-767,2026-04-16 15:00:00,Gorra,3,66627.32
ORD-04839,CUST-1774,2026-03-05 18:00:00,Taza Cerámica,3,70304.57
ORD-04840,CUST-732,2026-04-16 08:00:00,Taza Cerámica,2,10507.49
ORD-04841,CUST-676,2026-04-19 08:00:00,Remera Sublimada,5,-61966.6
ORD-04842,CUST-1742,2026-03-20 02:00:00,Remera Sublimada,2,20290.59
ORD-04843,CUST-1782,2026-07-14 06:00:00,Buzo Canguro,5,81803.26
ORD-04844,CUST-236,2026-05-30 11:00:00,Remera Sublimada,5,88286.23
ORD-04845,CUST-1797,2026-06-13 22:00:00,Remera Sublimada,5,-124977.45
ORD-04846,CUST-527,2026-05-30 21:00:00,Remera Sublimada,4,61021.0
ORD-04847,CUST-1575,2026-05-17 11:00:00,Gorra,3,48088.01
ORD-04848,CUST-711,2026-03-12 18:00:00,Remera Sublimada,2,26572.54
ORD-04849,CUST-1973,2026-03-19 00:00:00,Remera Sublimada,2,15907.09
ORD-04850,CUST-1010,2026-06-26 17:00:00,Buzo Canguro,4,44265.97
ORD-04851,CUST-918,2026-03-02 01:00:00,Buzo Canguro,5,49698.49
ORD-04852,CUST-240,2026-02-05 00:00:00,Remera Sublimada,3,63073.18
ORD-04853,CUST-1206,2026-07-20 19:00:00,Remera Algodón,1,15916.33
ORD-04854,CUST-276,2026-05-05 09:00:00,Buzo Canguro,1,10923.87
ORD-04855,CUST-297,2026-06-13 17:00:00,Buzo Canguro,4,59127.43
ORD-04856,CUST-723,2026-04-26 14:00:00,Remera Sublimada,3,28131.89
ORD-04857,CUST-1691,2026-02-08 16:00:00,Buzo Canguro,1,8702.54
ORD-04858,CUST-790,2026-07-09 11:00:00,Gorra,1,22198.84
ORD-04859,CUST-1544,2026-06-29 11:00:00,Remera Sublimada,2,47792.43
ORD-04860,CUST-500,2026-03-05 03:00:00,Remera Sublimada,3,19800.88
ORD-04861,CUST-1821,2026-07-18 00:00:00,Remera Sublimada,1,20297.65
ORD-04862,CUST-570,2026-02-15 17:00:00,Remera Algodón,2,28132.46
ORD-04863,CUST-317,2026-06-09 10:00:00,Remera Sublimada,3,38338.3
ORD-04864,CUST-1028,2026-03-27 01:00:00,Gorra,5,93941.13
ORD-04865,CUST-1951,2026-04-06 11:00:00,Remera Sublimada,3,30975.22
ORD-04866,CUST-1852,2026-02-16 21:00:00,Buzo Canguro,4,21646.5
ORD-04867,CUST-731,2026-06-30 09:00:00,Taza Cerámica,2,18560.11
ORD-04868,CUST-1050,2026-06-26 14:00:00,Remera Sublimada,5,43492.51
ORD-04869,CUST-1005,2026-03-02 09:00:00,Buzo Canguro,2,11361.98
ORD-04870,CUST-274,2026-04-03 20:00:00,Remera Sublimada,2,22852.62
ORD-04871,CUST-122,2026-06-14 02:00:00,Remera Sublimada,1,14490.37
ORD-04872,CUST-1848,2026-03-13 10:00:00,Gorra,3,59149.72
ORD-04873,CUST-334,2026-02-18 21:00:00,Remera Sublimada,2,23026.45
ORD-04874,CUST-1136,2026-04-01 21:00:00,Taza Cerámica,2,17781.61
ORD-04875,CUST-1224,2026-04-09 21:00:00,Remera Sublimada,4,38449.58
ORD-04876,CUST-1028,2026-07-02 07:00:00,Remera Sublimada,4,91294.17
ORD-04877,CUST-1659,2026-05-20 09:00:00,Taza Cerámica,4,36377.63
ORD-04878,CUST-1999,,Buzo Canguro,2,45169.63
ORD-04879,CUST-622,15/05/2026,Remera Sublimada,5,69709.9
ORD-04880,CUST-1908,2026-02-18 16:00:00,Buzo Canguro,3,71064.03
ORD-04881,CUST-1575,2026-05-13 12:00:00,Remera Sublimada,2,26323.69
ORD-04882,CUST-530,2026-05-21 20:00:00,Gorra,1,8553.66
ORD-04883,CUST-892,2026-04-03 09:00:00,Remera Sublimada,5,79902.99
ORD-04884,CUST-1729,2026-05-31 10:00:00,Remera Sublimada,5,83770.66
ORD-04885,CUST-1836,2026-06-21 11:00:00,Taza Cerámica,3,53129.36
ORD-04886,CUST-632,2026-02-09 03:00:00,Remera Sublimada,5,66149.67
ORD-04887,CUST-1975,2026-03-11 21:00:00,Remera Sublimada,3,17916.08
ORD-04888,CUST-1078,2026-03-06 06:00:00,Remera Sublimada,5,87671.99
ORD-04889,CUST-1846,2026-04-02 08:00:00,Gorra,3,70981.81
ORD-04890,CUST-1775,2026-06-13 14:00:00,Remera Algodón,4,96604.69
ORD-04891,CUST-1416,2026-03-22 03:00:00,Taza Cerámica,4,67750.83
ORD-04892,CUST-909,2026-03-23 19:00:00,Buzo Canguro,5,26988.7
ORD-04893,CUST-1012,2026-06-02 06:00:00,Buzo Canguro,5,35603.85
ORD-04894,CUST-1224,2026-02-08 16:00:00,Buzo Canguro,3,65039.43
ORD-04895,CUST-1625,2026-03-17 20:00:00,Remera Sublimada,3,64784.67
ORD-04896,CUST-1427,2026-02-28 22:00:00,Remera Algodón,2,47840.62
ORD-04897,CUST-970,2026-05-18 00:00:00,Remera Sublimada,4,65101.95
ORD-04898,CUST-639,2026-07-12 16:00:00,Remera Sublimada,2,44552.65
ORD-04899,CUST-1123,2026-05-12 05:00:00,Gorra,2,42995.48
ORD-04900,CUST-1676,2026-02-26 06:00:00,Taza Cerámica,1,16788.42
ORD-04901,CUST-1478,15/05/2026,Remera Sublimada,3,62018.25
ORD-04902,CUST-1426,2026-05-05 14:00:00,Remera Sublimada,1,7514.21
ORD-04903,CUST-1619,2026-05-26 15:00:00,Buzo Canguro,1,17784.06
ORD-04904,CUST-1781,2026-06-01 12:00:00,Buzo Canguro,2,48138.04
ORD-04905,CUST-1891,2026-06-11 02:00:00,Buzo Canguro,1,8239.15
ORD-04906,CUST-326,2026-02-19 13:00:00,Remera Sublimada,3,59642.56
ORD-04907,CUST-1359,2026-07-26 21:00:00,Remera Algodón,2,22831.43
ORD-04908,CUST-972,2026-04-22 03:00:00,Remera Sublimada,3,64026.24
ORD-04909,CUST-991,2026-07-23 07:00:00,Buzo Canguro,5,94721.09
ORD-04910,CUST-1578,2026-02-19 04:00:00,Buzo Canguro,1,23523.49
ORD-04911,CUST-1136,,Remera Sublimada,2,38477.42
ORD-04912,CUST-309,2026-04-07 10:00:00,Remera Sublimada,4,52824.85
ORD-04913,CUST-840,2026-03-17 22:00:00,Remera Algodón,3,15653.55
ORD-04914,CUST-496,2026-04-08 04:00:00,Gorra,1,20858.34
ORD-04915,CUST-1223,2026-02-03 05:00:00,Remera Sublimada,3,39507.9
ORD-04916,CUST-130,2026-07-20 18:00:00,Gorra,3,55238.05
ORD-04917,CUST-997,2026-07-18 17:00:00,Remera Sublimada,5,35506.65
ORD-04918,CUST-1651,2026-07-13 16:00:00,Buzo Canguro,3,68458.12
ORD-04919,CUST-748,2026-03-12 09:00:00,Remera Sublimada,5,68565.78
ORD-04920,CUST-428,2026-07-22 22:00:00,Gorra,5,116969.17
ORD-04921,CUST-1289,2026-02-06 01:00:00,Remera Sublimada,5,95701.74
ORD-04922,CUST-1582,2026-06-29 22:00:00,Buzo Canguro,1,7429.25
ORD-04923,CUST-1945,2026-05-31 02:00:00,Taza Cerámica,3,49751.8
ORD-04924,CUST-1051,2026-05-24 06:00:00,Remera Sublimada,3,69596.07
ORD-04925,CUST-1223,2026-03-25 04:00:00,Buzo Canguro,5,104997.06
ORD-04926,CUST-720,2026-02-23 00:00:00,Remera Sublimada,3,40078.82
ORD-04927,CUST-1978,2026-06-16 11:00:00,Taza Cerámica,3,72303.86
ORD-04928,CUST-1296,2026-07-26 09:00:00,Remera Sublimada,5,51857.62
ORD-04929,CUST-1872,2026-05-28 14:00:00,Buzo Canguro,4,50008.62
ORD-04930,CUST-261,2026-03-11 02:00:00,Remera Algodón,4,79977.13
ORD-04931,CUST-1851,2026-04-07 05:00:00,Remera Sublimada,5,48290.46
ORD-04932,CUST-875,2026-02-21 08:00:00,Remera Sublimada,1,15307.49
ORD-04933,CUST-1386,2026-04-15 03:00:00,Taza Cerámica,3,58727.35
ORD-04934,CUST-1927,2026-06-11 08:00:00,Taza Cerámica,3,53638.07
ORD-04935,CUST-373,2026-07-20 12:00:00,Remera Algodón,4,32429.59
ORD-04936,CUST-1126,2026-03-16 00:00:00,Remera Sublimada,5,87966.03
ORD-04937,CUST-1151,2026-04-01 21:00:00,Remera Sublimada,1,16454.21
ORD-04938,CUST-425,2026-05-04 18:00:00,Gorra,5,80784.48
ORD-04939,CUST-1039,2026-04-24 05:00:00,Gorra,4,86083.77
ORD-04940,CUST-1272,2026-04-24 12:00:00,Buzo Canguro,4,34711.68
ORD-04941,CUST-639,2026-02-26 21:00:00,Remera Sublimada,3,60093.96
ORD-04942,CUST-587,2026-02-21 03:00:00,Remera Sublimada,2,40437.04
ORD-04943,CUST-921,2026-05-31 01:00:00,Remera Sublimada,1,19452.91
ORD-04944,CUST-1561,2026-07-25 11:00:00,Remera Algodón,1,15119.37
ORD-04945,CUST-1188,2026-07-08 06:00:00,Remera Sublimada,2,25821.55
ORD-04946,CUST-455,2026-06-28 17:00:00,Buzo Canguro,4,51574.17
ORD-04947,CUST-1656,2026-05-06 22:00:00,Buzo Canguro,5,98380.87
ORD-04948,CUST-1375,2026-06-21 16:00:00,Remera Sublimada,1,14957.93
ORD-04949,CUST-334,2026-06-12 13:00:00,Remera Sublimada,2,23537.35
ORD-04950,CUST-326,2026-02-20 12:00:00,Taza Cerámica,3,52528.18
ORD-04951,CUST-1648,2026-02-03 17:00:00,Remera Sublimada,3,65220.68
ORD-04952,CUST-1436,2026-07-25 02:00:00,Remera Sublimada,4,24920.7
ORD-04953,CUST-148,2026-06-09 16:00:00,Remera Sublimada,1,24442.74
ORD-04954,CUST-217,2026-03-07 13:00:00,Gorra,5,34665.19
ORD-04955,CUST-153,2026-06-21 14:00:00,Remera Algodón,1,15234.76
ORD-04956,CUST-1773,2026-03-22 13:00:00,Buzo Canguro,3,48612.57
ORD-04957,CUST-664,2026-07-04 02:00:00,Taza Cerámica,1,7764.21
ORD-04958,CUST-1167,2026-07-29 07:00:00,Buzo Canguro,3,69935.63
ORD-04959,CUST-1938,2026-07-14 18:00:00,Buzo Canguro,2,28858.68
ORD-04960,CUST-152,2026-02-01 07:00:00,Remera Algodón,2,15724.82
ORD-04961,CUST-1709,2026-07-11 06:00:00,Buzo Canguro,3,57696.74
ORD-04962,CUST-657,2026-05-28 19:00:00,Remera Sublimada,5,91340.43
ORD-04963,CUST-1648,2026-03-24 10:00:00,Remera Algodón,5,121286.56
ORD-04964,CUST-1800,2026-07-05 13:00:00,Taza Cerámica,1,13830.33
ORD-04965,CUST-1225,2026-04-27 15:00:00,Remera Sublimada,3,31067.76
ORD-04966,CUST-1915,2026-03-18 11:00:00,Remera Algodón,4,24799.52
ORD-04967,CUST-1893,2026-02-10 13:00:00,Remera Sublimada,5,98312.15
ORD-04968,CUST-1972,2026-02-18 21:00:00,Remera Sublimada,5,86727.77
ORD-04969,CUST-967,2026-06-17 16:00:00,Buzo Canguro,2,48904.43
ORD-04970,CUST-497,2026-06-08 07:00:00,Remera Sublimada,5,96216.5
ORD-04971,CUST-1261,2026-06-21 17:00:00,Taza Cerámica,5,118316.15
ORD-04972,CUST-774,2026-05-12 05:00:00,Remera Sublimada,5,124157.88
ORD-04973,CUST-486,2026-04-26 18:00:00,Remera Sublimada,3,40705.87
ORD-04974,CUST-210,2026-03-08 06:00:00,Buzo Canguro,3,24017.7
ORD-04975,CUST-713,15/05/2026,Buzo Canguro,2,17834.03
ORD-04976,CUST-116,2026-03-16 13:00:00,Remera Sublimada,1,11367.5
ORD-04977,CUST-1903,2026-03-01 09:00:00,Remera Algodón,5,75889.58
ORD-04978,CUST-1305,2026-03-22 15:00:00,Buzo Canguro,1,7448.4
ORD-04979,CUST-983,,Remera Sublimada,3,33103.07
ORD-04980,CUST-1659,2026-05-21 04:00:00,Remera Sublimada,5,55779.38
ORD-04981,CUST-640,2026-06-02 07:00:00,Gorra,1,5081.71
ORD-04982,CUST-270,2026-03-29 05:00:00,Buzo Canguro,1,12083.37
ORD-04983,CUST-508,2026-06-24 03:00:00,Remera Sublimada,4,29292.18
ORD-04984,CUST-839,2026-02-12 10:00:00,Remera Sublimada,3,40782.68
ORD-04985,CUST-1501,2026-02-03 11:00:00,Buzo Canguro,2,17861.47
ORD-04986,CUST-1311,2026-06-14 18:00:00,Remera Sublimada,2,42884.57
ORD-04987,CUST-957,2026-02-18 15:00:00,Taza Cerámica,4,26442.03
ORD-04988,CUST-329,2026-07-21 04:00:00,Remera Algodón,1,22313.21
ORD-04989,CUST-1956,2026-04-14 02:00:00,Remera Sublimada,4,66442.13
ORD-04990,CUST-1975,2026-06-06 07:00:00,Gorra,4,56691.25
ORD-04991,CUST-218,2026-03-10 03:00:00,Remera Algodón,3,47984.54
ORD-04992,CUST-1279,2026-07-22 20:00:00,Remera Algodón,5,62610.91
ORD-04993,CUST-883,2026-04-21 09:00:00,Remera Algodón,1,7552.24
ORD-04994,CUST-1810,2026-04-05 21:00:00,Gorra,2,40635.19
ORD-04995,CUST-564,2026-04-19 12:00:00,Buzo Canguro,2,47116.46
ORD-04996,CUST-203,2026-05-16 06:00:00,Buzo Canguro,4,96005.41
ORD-04997,CUST-1727,2026-04-17 04:00:00,Buzo Canguro,4,73656.92
ORD-04998,CUST-797,2026-06-12 01:00:00,Gorra,4,52827.79
ORD-04999,CUST-1918,2026-06-02 11:00:00,Remera Sublimada,1,14567.2
ORD-05000,CUST-1625,2026-05-13 11:00:00,Remera Sublimada,4,72557.26
ORD-04826,CUST-393,2026-04-23 16:00:00,Remera Sublimada,4,45419.48
ORD-04368,CUST-357,,Buzo Canguro,4,-56602.96
ORD-00503,CUST-637,2026-07-08 15:00:00,Remera Sublimada,4,72969.88
ORD-03240,CUST-760,2026-07-08 16:00:00,Remera Algodón,2,32670.12
ORD-02933,CUST-1926,2026-05-01 14:00:00,Taza Cerámica,5,48335.99
ORD-02056,CUST-789,2026-05-04 15:00:00,Remera Sublimada,4,73856.43
ORD-02281,CUST-1630,2026-06-30 03:00:00,Remera Sublimada,3,68631.52
ORD-03779,CUST-1114,2026-06-16 03:00:00,Remera Algodón,5,87512.15
ORD-04406,CUST-1279,2026-02-08 07:00:00,Taza Cerámica,2,25801.35
ORD-04479,CUST-361,2026-03-22 15:00:00,Remera Sublimada,1,23439.36
ORD-03129,CUST-435,2026-07-02 18:00:00,Remera Algodón,3,60490.99
ORD-00268,CUST-1633,2026-07-04 09:00:00,Buzo Canguro,5,42451.04
ORD-00825,CUST-1488,2026-06-26 17:00:00,Remera Sublimada,1,19456.92
ORD-01979,CUST-1025,2026-07-15 16:00:00,Remera Algodón,2,21680.32
ORD-04562,CUST-1098,2026-06-05 01:00:00,Remera Algodón,4,56341.36
ORD-03901,CUST-1998,2026-04-29 20:00:00,Buzo Canguro,4,60833.48
ORD-03595,CUST-310,2026-03-12 06:00:00,Taza Cerámica,3,55199.75
ORD-02147,CUST-799,2026-05-10 06:00:00,Buzo Canguro,1,8790.36
ORD-00697,CUST-875,2026-02-06 18:00:00,Remera Sublimada,4,47950.78
ORD-00199,CUST-1857,2026-06-14 00:00:00,Taza Cerámica,4,56510.84
ORD-01811,CUST-1412,2026-05-28 03:00:00,Remera Sublimada,4,39829.02
ORD-01786,CUST-792,2026-03-23 10:00:00,Buzo Canguro,5,53866.01
ORD-02707,CUST-1109,2026-03-29 04:00:00,Taza Cerámica,4,51523.62
ORD-04565,CUST-1407,2026-07-12 09:00:00,Remera Sublimada,2,45122.32
ORD-04794,CUST-507,15/05/2026,Remera Sublimada,3,46614.93
ORD-02700,CUST-1777,2026-04-02 06:00:00,Buzo Canguro,3,68809.64
ORD-01475,CUST-1092,2026-06-05 00:00:00,Remera Sublimada,2,33304.69
ORD-02124,CUST-1872,2026-04-06 04:00:00,Remera Sublimada,1,22735.11
ORD-03227,CUST-554,2026-05-02 17:00:00,Remera Sublimada,4,23166.7
ORD-01104,CUST-999,2026-03-24 00:00:00,Buzo Canguro,1,13721.14
ORD-00893,CUST-1782,15/05/2026,Buzo Canguro,2,24465.14
ORD-03695,CUST-1692,2026-03-08 02:00:00,Buzo Canguro,2,48785.04
ORD-04026,CUST-1882,2026-03-17 13:00:00,Remera Sublimada,3,52505.67
ORD-00232,CUST-1354,2026-03-05 12:00:00,Buzo Canguro,1,9874.37
ORD-03677,CUST-1725,2026-05-08 18:00:00,Remera Algodón,5,68301.81
ORD-01357,CUST-824,15/05/2026,Gorra,4,21786.31
ORD-00533,CUST-674,2026-06-30 18:00:00,Remera Algodón,1,13429.31
ORD-03669,CUST-1955,2026-07-05 22:00:00,Taza Cerámica,3,45347.62
ORD-03378,CUST-1505,2026-05-25 19:00:00,Remera Sublimada,4,81853.28
ORD-01613,CUST-930,2026-05-11 21:00:00,Remera Sublimada,4,89933.63
